Registration Number,Operator,Airframe Report Date,Airframe Hours,Airframe Landings,ATA and Code,Tracked By Equipment,Equipment Hours,Equipment Cycles,Equipment Landings,Equipment RIN,Item Type,Requirement Type,Disposition,Group,Description,Reference,Part Number,Serial Number,Work Order,Scheduled,Estimated Work Hours,Notes,Compliance Date,Compliance Hours,Compliance Landings,Compliance Cycles,Compliance RIN,Interval Days,Interval Months,Interval Hours,Interval Landings,Interval Cycles,Interval RIN,Tolerance Months,Tolerance Days,Tolerance Hours,Tolerance Landings,Tolerance Cycles,Tolerance RIN,Next Due Date,Max Next Due Date,Next Due Hours,Max Next Due Hours,Next Due Landings,Max Next Due Landings,Next Due Cycles,Max Next Due Cycles,Next Due RIN,Max Next Due RIN,Remaining Days,Max Remaining Days,Remaining Months,Max Remaining Months,Remaining Hours,Max Remaining Hours ,Remaining Landings,Max Remaining Landings,Remaining Cycles,Max Remaining Cycles,Remaining RIN,Max Remaining RIN,Is Optional,Next Due Status,Aircraft Grounded,Estimated Due Date,Months Since New,Months Since Overhaul,Months Since Repair,Hours Since New,Hours Since Overhaul,Hours Since Repair,Landings Since New,Landings Since Overhaul,Landings Since Repair,Tags,SalesForce Case Number
N469JX,IHC Health Services,09/30/2026,3681.00,0,65,Airframe,3681.00,,0,9318.00,DISCREPANCY,,,,A/C Pulley and driveshaft splines damaged,,,,,,,,,,,,,,,,,,,,,,,,,,,,,,,,,,,,,,,,,,,,,,,No,,Yes,10/01/2026,,,,,,,,,,,
N407RU,IHC Health Services,09/23/2026,2043.40,0,35 GMM CH 5-7.6,Airframe,2043.40,,0,3639.00,INSPECTION,,,,INSTALLED PORTABLE OXYGEN BOTTLES 7 DAY VERIFICATION OF HYDROSTATIC DATE,,,,,,,Complied with 7 day Hydrostatic date inspection on portable oxygen bottle installed on aircraft.  Hydrostatic inspection date _______.  All work performed in reference to GMM para 7.6  Fig. 75-1,09/23/2026,2040.90,,,3637.00,7,0,,0,0.00,0.00,0,1,,0,0.00,0.00,09/30/2026,,,,,,,,,,-5,,0,,,,,,,,,,No,Past Due,,09/30/2026,,,,,,,,,,Pilot Task; PILOT GOM,
N407LP,IHC Health Services,10/01/2026,4415.70,0,05 24MO. INSPECTION,Airframe,4415.70,,0,11404.00,INSPECTION,,INSPECT,,24 MONTH AIRFRAME INSPECTION,DMC-407-A-05-40-00-12A-281A-A,,,HSU 6934,"Thursday, October 1, 2026",16.00,"Ref.  DMC-407-A-05-40-00-12A-281A-A,  Additional Fuel System Operational Check Required per Ref. DMC-407-A-28-00-00-00A-320A-A after completion.",09/04/2024,3533.60,,,,,24,,,,,,73,,,,,09/30/2026,,,,,,,,,,-5,,0,,,,,,,,,,No,Within Tolerance,,09/30/2026,,,,,,,,,,Monthly Planning,
N407RU,IHC Health Services,09/23/2026,2043.40,0,34 GARMIN,Airframe,2043.40,,0,3639.00,INSPECTION,,,,28 DAY GPS NAVIGATION DATABASE UPDATE,Ref. Garmin G1000H NXi pilot users guide.,,,,,,Updated GPS databases as applicable.  Ref: Garmin G1000H Pilot's Guide for the Bell 407 GXi.,09/03/2026,2012.30,,,3593.00,28,0,,0,0.00,0.00,0,5,,0,0.00,0.00,10/01/2026,,,,,,,,,,-4,,0,,,,,,,,,,No,Within Tolerance,,10/01/2026,,,,,,,,,,,
N307KH,IHC Health Services,10/03/2026,23110.00,0,05 SI/ T/R D/S DISC PACK TQ CK,Airframe,23110.00,,0,81023.00,INSPECTION,,,TFC,"SPECIAL INSPECTIONS- TORQUE/FRICTION CHECK - (10 TO 25) HOURS AFTER INITIAL INSTALLATION OR REMOVAL AND RE-INSTALLATION, FWD AND AFT SHORT SHAFTS, TAIL ROTOR DRIVESHAFT DISC PACK COUPLINGS TORQUE CHECK","BHT-407-MPI, Chapter 5, Special Insp, Table 1.",,,,,,,09/22/2026,23096.90,,,80983.00,,,10.00,0,0.00,,0,0,15.00,0,0.00,0.00,,,23106.90,,,,,,,,,,,,-3.10,,,,,,,,No,Within Tolerance,,10/02/2026,,,,,,,,,,Torque Check,
N407ZM,IHC Health Services,10/04/2026,5575.00,1722,72 ENGINE MOUNT TQ CK,Airframe,5575.00,,1722,13725.00,INSPECTION,,,,"(90 TO 110) HOURS AFTER INSTALLATION, ENGINE MOUNTS TORQUE CHECK",DMC-407-A-05-40-00-00A-283A-A table 1,,,,,,90 - 110 HOUR INSPECTION AFTER INSTALLATION  Ref. DMC-407-A-05-40-00-00A-283A-A. TBL 1,08/03/2026,5476.60,,,13512.00,,,90.00,,,,,,20.00,,,,,,5566.60,,,,,,,,,,,,-8.40,,,,,,,,No,Within Tolerance,,10/02/2026,,,,,,,,,,,
N407FM,IHC Health Services,10/04/2026,2702.50,0,05 SI/TFC10,Airframe,2702.50,,0,6837.00,INSPECTION,,RII,TFC,"(RII)- SPECIAL INSPECTIONS- TORQUE/FRICTION CHECK - (10 TO 25) HOURS, SWASHPLATE TILT FRICTION CHECK","BHT-407-MPI, Chapter 5, Special Inspections",,,,,,Repeat the swashplate tilt friction check every 10 to 25 hours until the friction has stabilized within limits. Also repeat the tilt friction check every 300 flight hours (specified in progressive inspection).,09/29/2026,2688.00,,,6808.00,0,0,10.00,0,0.00,0.00,0,0,15.00,0,0.00,0.00,,,2698.00,,,,,,,,,,,,-4.50,,,,,,,,No,Within Tolerance,,10/03/2026,,,,,,,,,,RII; Torque Check,
N469JX,IHC Health Services,09/30/2026,3681.00,0,35 GMM CH 5-7.6,Airframe,3681.00,,0,9318.00,INSPECTION,,,,INSTALLED PORTABLE OXYGEN BOTTLES 7 DAY VERIFICATION OF HYDROSTATIC DATE,,,,,,,.,09/27/2026,3673.40,,,9306.00,7,0,,0,0.00,0.00,0,1,,0,0.00,0.00,10/04/2026,,,,,,,,,,-1,,0,,,,,,,,,,No,Within Tolerance,,10/04/2026,,,,,,,,,,Pilot Task; PILOT GOM,
N307KH,IHC Health Services,10/03/2026,23110.00,0,35 GMM CH 5-7.6,Airframe,23110.00,,0,81023.00,INSPECTION,,,,INSTALLED PORTABLE OXYGEN BOTTLES 7 DAY VERIFICATION OF HYDROSTATIC DATE,,,,,,,Performed INSTALLED PORTABLE OXYGEN BOTTLES 7 DAY VERIFICATION OF HYDROSTATIC DATE. Date on bottle is,09/27/2026,23102.20,,,81003.00,7,0,,0,0.00,0.00,0,1,,0,0.00,0.00,10/04/2026,,,,,,,,,,-1,,0,,,,,,,,,,No,Within Tolerance,,10/04/2026,,,,,,,,,,Pilot Task; PILOT GOM,
N466GH,IHC Health Services,10/04/2026,3267.50,0,05 SI/ T/R D/S DISC PACK TQ CK,Airframe,3267.50,,0,7636.00,INSPECTION,,,TFC,"SPECIAL INSPECTIONS- TORQUE/FRICTION CHECK - (10 TO 25) HOURS AFTER INITIAL INSTALLATION OR REMOVAL AND RE-INSTALLATION, FWD AND AFT SHORT SHAFTS, TAIL ROTOR DRIVESHAFT DISC PACK COUPLINGS TORQUE CHECK","BHT-407-MPI, Chapter 5, Special Insp, Table 1.",,,,,,,09/30/2026,3255.60,,,7621.00,0,0,10.00,0,0.00,0.00,0,0,15.00,0,0.00,0.00,,,3265.60,,,,,,,,,,,,-1.90,,,,,,,,No,Within Tolerance,,10/04/2026,,,,,,,,,,Torque Check,
N407TH,IHC Health Services,10/03/2026,8845.50,2,72 INSP 50 PWR CK,Airframe,8845.50,,2,20680.00,INSPECTION,,,,50 HOUR POWER CHECK (PILOT REQUIREMENT),,,,,,,,09/03/2026,8796.50,,,20571.00,,,50.00,,,,,,5.00,,,,,,8846.50,,,,,,,,,,,,1.00,,,,,,,,No,Coming Due,,10/05/2026,,,,,,,,,,Pilot Task; PILOT GOM; Pilots,
N407TH,IHC Health Services,10/03/2026,8845.50,2,72 INSP 300HR/12M,Engine 1,5215.20,8518.00,,,INSPECTION,,INSPECT,,300 HOUR/12 MONTH ENGINE INSPECTION,RR M250-C47B OMM 72-00-00-200-801 TABLE 6,,,,,8.00,"**USE TABLE 6 ONLY DUE TO SERVICE WITH MOBIL 254 OIL (3RD GENERATION OIL)** In addition to the 150 hour inspection items, perform the following: **SEE SUB ITEMS**",04/14/2026,4916.50,,7962.00,,,12,300.00,,,,,,,,,,04/14/2027,,5216.50,,,,,,,,9,,6,,1.30,,,,,,,,No,Coming Due,,10/06/2026,,,,,,,,,,,
N407TK,IHC Health Services,10/04/2026,5381.40,0,35 GMM CH 5-7.6,Airframe,5381.40,,0,15301.00,INSPECTION,,,,INSTALLED PORTABLE OXYGEN BOTTLES 7 DAY VERIFICATION OF HYDROSTATIC DATE,,,,,,,"COMPLIED WITH THE PORTABLE OXYGEN BOTTLE THAT IS INSTALLED THE A/C AND THE HYDROSTATIC DATE, I VERIFIED THAT IT IS IN COMPLIANCE. (SEE ATTACHED PHOTOS)",09/29/2026,5372.20,,,15278.00,7,0,,0,0.00,0.00,0,1,,0,0.00,0.00,10/06/2026,,,,,,,,,,1,,0,,,,,,,,,,No,Coming Due,,10/06/2026,,,,,,,,,,,
N407TH,IHC Health Services,10/03/2026,8845.50,2,35 GMM CH 5-7.6,Airframe,8845.50,,2,20680.00,INSPECTION,,,,INSTALLED PORTABLE OXYGEN BOTTLES 7 DAY VERIFICATION OF HYDROSTATIC DATE,,,,2026-407TH-073,,,.,09/29/2026,8831.40,,,20658.00,7,0,,0,0.00,0.00,0,0,,0,0.00,0.00,10/06/2026,,,,,,,,,,1,,0,,,,,,,,,,No,Coming Due,,10/06/2026,,,,,,,,,,Pilot Task; PILOT GOM,
N407MZ,IHC Health Services,10/05/2026,2805.50,0,35 GMM CH 5-7.6,Airframe,2805.50,,0,7326.00,INSPECTION,,,,INSTALLED PORTABLE OXYGEN BOTTLES 7 DAY VERIFICATION OF HYDROSTATIC DATE,,,,,,,Performed INSTALLED PORTABLE OXYGEN BOTTLES 7 DAY VERIFICATION OF HYDROSTATIC DATE. Date on bottle is 03/23,09/29/2026,2795.50,,,7295.00,7,0,,0,0.00,0.00,0,1,,0,0.00,0.00,10/06/2026,,,,,,,,,,1,,0,,,,,,,,,,No,Coming Due,,10/06/2026,,,,,,,,,,,
N407FC,IHC Health Services,10/05/2026,14985.10,0,35 GMM CH 5-7.6,Airframe,14985.10,,0,33090.00,INSPECTION,,,,INSTALLED PORTABLE OXYGEN BOTTLES 7 DAY VERIFICATION OF HYDROSTATIC DATE,,,,,,,"Ref, GMM inspection programs. chapter 7.6. figure 75.1..",09/29/2026,14976.30,,,33074.00,7,0,,0,0.00,0.00,0,1,,0,0.00,0.00,10/06/2026,,,,,,,,,,1,,0,,,,,,,,,,No,Coming Due,,10/06/2026,,,,,,,,,,Pilot Task; PILOT GOM,
N407CH,IHC Health Services,10/04/2026,17743.70,1,35 GMM CH 5-7.6,Airframe,17743.70,,1,43738.00,INSPECTION,,,,INSTALLED PORTABLE OXYGEN BOTTLES 7 DAY VERIFICATION OF HYDROSTATIC DATE,,,,,,,.,09/29/2026,17726.80,,,43712.00,7,0,,0,0.00,0.00,0,1,,0,0.00,0.00,10/06/2026,,,,,,,,,,1,,0,,,,,,,,,,No,Coming Due,,10/06/2026,,,,,,,,,,Pilot Task; PILOT GOM,
N7160V,IHC Health Services,10/04/2026,10771.90,0,35 GMM CH5-7.6,Airframe,10771.90,,0,27183.00,INSPECTION,,,,INSTALLED PORTABLE OXYGEN BOTTLES 7 DAY VERIFICATION OF HYDROSTATIC DATE,,,,,,,"COMPLIED WITH INSTALLED PORTABLE OXYGEN BOTTLES 7 DAY VERIFICATION OF HYDROSTATIC DATE 03/2023, REF. GMM CH5-7.6.",09/29/2026,10762.20,,,27170.00,7,0,,0,0.00,0.00,0,1,,0,0.00,0.00,10/06/2026,,,,,,,,,,1,,0,,,,,,,,,,No,Coming Due,,10/06/2026,,,,,,,,,,Pilot Task; PILOT GOM,
N407RU,IHC Health Services,09/23/2026,2043.40,0,25 00-56,Airframe,2043.40,,0,3639.00,INSPECTION,None,,ELT,ELT - REGISTRATION (NOAA WEBSITE),,453-5061,252-06774,,,,"COPY OF REGISTRATION IN ATTACHMENTS 
BEACON ID# ADC6498A35CABC1",10/07/2024,,,,,,24,,,,,,,,,,,10/07/2026,,,,,,,,,,2,,0,,,,,,,,,,No,Coming Due,,10/07/2026,,,,,,,,,,,
N407BY,IHC Health Services,10/04/2026,1229.40,0,35 GMM CH 5-7.6,Airframe,1229.40,,0,2649.00,INSPECTION,,,,INSTALLED PORTABLE OXYGEN BOTTLEES 7 DAY VERIFICATION OF HYDROSTATIC DATE,,,,,,,.,09/30/2026,1223.70,,,2635.00,7,0,,0,0.00,0.00,0,1,,0,0.00,0.00,10/07/2026,,,,,,,,,,2,,0,,,,,,,,,,No,Coming Due,,10/07/2026,,,,,,,,,,Pilot Task; PILOT GOM,
N862YB,IHC Health Services,10/04/2026,2591.10,0,35 GMM CH 5-7.6,Airframe,2591.10,,0,6688.00,INSPECTION,,,,INSTALLED PORTABLE OXYGEN BOTTLES 7 DAY VERIFICATION OF HYDROSTATIC DATE,,,,,,,.Performed INSTALLED PORTABLE OXYGEN BOTTLES 7 DAY VERIFICATION OF HYDROSTATIC DATE. Date 2/23,09/30/2026,2584.80,,,6661.00,7,0,,0,0.00,0.00,0,1,,0,0.00,0.00,10/07/2026,,,,,,,,,,2,,0,,,,,,,,,,No,Coming Due,,10/07/2026,,,,,,,,,,,
N466GH,IHC Health Services,10/04/2026,3267.50,0,35 GMM CH 5-7.6,Airframe,3267.50,,0,7636.00,INSPECTION,,,,INSTALLED PORTABLE OXYGEN BOTTLES 7 DAY VERIFICATION OF HYDROSTATIC DATE,,,,,,,.,09/30/2026,3255.60,,,7621.00,7,0,,0,0.00,0.00,0,1,,0,0.00,0.00,10/07/2026,,,,,,,,,,2,,0,,,,,,,,,,No,Coming Due,,10/07/2026,,,,,,,,,,Pilot Task; PILOT GOM,
N407LF,IHC Health Services,10/05/2026,5349.30,17156,35 GMM CH 5-7.6,Airframe,5349.30,,17156,13084.00,INSPECTION,,,,INSTALLED PORTABLE OXYGEN BOTTLES 7 DAY VERIFICATION OF HYDROSTATIC DATE,,,,,,,.,09/30/2026,5339.30,,,13066.00,7,0,,0,0.00,0.00,0,1,,0,0.00,0.00,10/07/2026,,,,,,,,,,2,,0,,,,,,,,,,No,Coming Due,,10/07/2026,,,,,,,,,,Pilot Task; PILOT GOM,
N407ZM,IHC Health Services,10/04/2026,5575.00,1722,35 GMM CH5-7.6,Airframe,5575.00,,1722,13725.00,INSPECTION,,,,INSTALLED PORTABLE OXYGEN BOTTLES 7 DAY VERIFICATION OF HYDROSTATIC DATE,,,,,,,,09/30/2026,5567.70,,,13709.00,7,0,,0,0.00,0.00,0,1,,0,0.00,0.00,10/07/2026,,,,,,,,,,2,,0,,,,,,,,,,No,Coming Due,,10/07/2026,,,,,,,,,,Pilot Task; PILOT GOM,
N407JM,IHC Health Services,10/04/2026,5829.10,0,35 GMM CH5-7.6,Airframe,5829.10,,0,16558.00,INSPECTION,,,,INSTALLED PORTABLE OXYGEN BOTTLES 7 DAY VERIFICATION OF HYDROSTATIC DATE,,,,,,,,09/30/2026,5819.80,,,16530.00,7,0,,0,0.00,0.00,0,1,,0,0.00,0.00,10/07/2026,,,,,,,,,,2,,0,,,,,,,,,,No,Coming Due,,10/07/2026,,,,,,,,,,Pilot Task; PILOT GOM,
N407CN,IHC Health Services,10/02/2026,4963.50,0,35 GMM CH5-7.6,Airframe,4963.50,,0,11871.00,INSPECTION,,,,INSTALLED PORTABLE OXYGEN BOTTLES 7 DAY VERIFICATION OF HYDROSTATIC DATE,,,,,,,,09/30/2026,4960.80,,,11868.00,7,0,,0,0.00,0.00,0,1,,0,0.00,0.00,10/07/2026,,,,,,,,,,2,,0,,,,,,,,,,No,Coming Due,,10/07/2026,,,,,,,,,,Pilot Task; PILOT GOM,
N39KM,IHC Health Services,10/03/2026,3577.00,0,35 GMM CH5-7.6,Airframe,3577.00,,0,8191.00,INSPECTION,,,,INSTALLED PORTABLE OXYGEN BOTTLES 7 DAY VERIFICATION OF HYDROSTATIC DATE,,,,,,,,09/30/2026,3573.00,,,8183.00,7,0,,0,0.00,0.00,0,1,,0,0.00,0.00,10/07/2026,,,,,,,,,,2,,0,,,,,,,,,,No,Coming Due,,10/07/2026,,,,,,,,,,Pilot Task; PILOT GOM,
N469JX,IHC Health Services,09/30/2026,3681.00,0,72 00-06,Airframe,3681.00,,0,9318.00,INSPECTION,,,,50 HOUR POWER CHECK (PILOT REQUIREMENT),,,,,,,,09/12/2026,3639.00,,,9248.00,,,50.00,,,,,,5.00,,,,,,3689.00,,,,,,,,,,,,8.00,,,,,,,,No,Coming Due,,10/07/2026,,,,,,,,,,Pilot Task; PILOT GOM,
N407CN,IHC Health Services,10/02/2026,4963.50,0,05 SI/ T/R D/S DISC PACK TQ CK,Airframe,4963.50,,0,11871.00,INSPECTION,,,TFC,"SPECIAL INSPECTIONS- TORQUE/FRICTION CHECK - (10 TO 25) HOURS AFTER INITIAL INSTALLATION OR REMOVAL AND RE-INSTALLATION, FWD AND AFT SHORT SHAFTS, TAIL ROTOR DRIVESHAFT DISC PACK COUPLINGS TORQUE CHECK","BHT-407-MPI, Chapter 5, Special Insp, Table 1.",,,,,,,09/25/2026,4956.90,,,11835.00,0,0,10.00,0,0.00,0.00,0,0,15.00,0,0.00,0.00,,,4966.90,,,,,,,,,,,,3.40,,,,,,,,No,Coming Due,,10/07/2026,,,,,,,,,,Torque Check,
N407CN,IHC Health Services,10/02/2026,4963.50,0,05 SI/TFC10,Airframe,4963.50,,0,11871.00,INSPECTION,,RII,TFC,"(RII)- SPECIAL INSPECTIONS- TORQUE/FRICTION CHECK - (10 TO 25) HOURS, SWASHPLATE TILT FRICTION CHECK","BHT-407-MPI, Chapter 5, Special Inspections",,,,,,Repeat the swashplate tilt friction check every 10 to 25 hours until the friction has stabilized within limits. Also repeat the tilt friction check every 300 flight hours (specified in progressive inspection).,09/25/2026,4956.90,,,11835.00,0,0,10.00,0,0.00,0.00,0,0,15.00,0,0.00,0.00,,,4966.90,,,,,,,,,,,,3.40,,,,,,,,No,Coming Due,,10/07/2026,,,,,,,,,,RII; Torque Check,
N307KH,IHC Health Services,10/03/2026,23110.00,0,34 GARMIN,Airframe,23110.00,,0,81023.00,INSPECTION,,,,28 DAY GPS NAVIGATION DATABASE UPDATE,REF. GARMIN GTN 625/635/650 PILOTS GUIDE,,,,,,ACCOMPLISHED 28 DAY GPS NAVIGATION DATABASE UPDATE IAW GARMIN GTN 625/635/650 PILOTS GUIDE.,09/10/2026,23070.10,,,80936.00,28,0,,0,0.00,0.00,0,5,,0,0.00,0.00,10/08/2026,,,,,,,,,,3,,0,,,,,,,,,,No,Coming Due,,10/08/2026,,,,,,,,,,,
N407NW,IHC Health Services,10/04/2026,2093.00,0,35 GMM CH 5-7.6,Airframe,2093.00,,0,3776.00,INSPECTION,,,,INSTALLED PORTABLE OXYGEN BOTTLES 7 DAY VERIFICATION OF HYDROSTATIC DATE,,,,,,,.ACCOMPLISHED INSTALLED PORTABLE OXYGEN BOTTLES 7 DAY VERIFICATION OF HYDROSTATIC DATE INSP REF IH GMM CH 5-7.6,10/01/2026,2092.00,,,3769.00,7,0,,0,0.00,0.00,0,1,,0,0.00,0.00,10/08/2026,,,,,,,,,,3,,0,,,,,,,,,,No,Coming Due,,10/08/2026,,,,,,,,,,Pilot Task; PILOT GOM,
N407ZM,IHC Health Services,10/04/2026,5575.00,1722,34 GARMIN GTN650 250HR/12M,Airframe,5575.00,,1722,13725.00,INSPECTION,,ICA,,250 HOUR/12 MONTH GARMIN GTN 650 INSPECTION,GARMIN ICA -190-01007-K4 REV. 3.,,,,,0.20,,03/30/2026,5335.10,,,13186.00,,12,250.00,,,,,,,,,,03/31/2027,,5585.10,,,,,,,,26,,5,,10.10,,,,,,,,No,Coming Due,,10/08/2026,,,,,,,,,,,
N407SL,IHC Health Services,10/04/2026,2240.90,0,35 GMM CH 5-7.6,Airframe,2240.90,,0,5434.00,INSPECTION,,,,INSTALLED PORTABLE OXYGEN BOTTLES 7 DAY VERIFICATION OF HYDROSTATIC DATE,,,,,,,Complied with INSTALLED PORTABLE OXYGEN BOTTLES 7 DAY VERIFICATION OF HYDROSTATIC DATE 6/2026 REF. GMM CH 5-7.6.,10/02/2026,2236.50,,,5425.00,7,0,,0,0.00,0.00,0,1,,0,0.00,0.00,10/09/2026,,,,,,,,,,4,,0,,,,,,,,,,No,Coming Due,,10/09/2026,,,,,,,,,,Pilot Task; PILOT GOM,
N407FM,IHC Health Services,10/04/2026,2702.50,0,35 GMM CH 5-7.6,Airframe,2702.50,,0,6837.00,INSPECTION,,,,INSTALLED PORTABLE OXYGEN BOTTLES 7 DAY VERIFICATION OF HYDROSTATIC DATE,,,,,,,.,10/02/2026,2694.40,,,6820.00,7,0,,0,0.00,0.00,0,1,,0,0.00,0.00,10/09/2026,,,,,,,,,,4,,0,,,,,,,,,,No,Coming Due,,10/09/2026,,,,,,,,,,Pilot Task; PILOT GOM,
N466GH,IHC Health Services,10/04/2026,3267.50,0,12 TBL 2,Airframe,3267.50,,0,7636.00,INSPECTION,,RII,,(RII) 50 HOUR/3 MONTH LUBRICATION ITEMS,DMC-407-A-12-00-00-00A-040A-A Table 2,,,,,,REF. BHT-407-MM CH. 12 SERVICING TABLE 2 DMC-407-A-12-00-00-00A-040A-A,09/16/2026,3226.80,,,7583.00,0,3,50.00,0,0.00,0.00,0,9,5.00,0,0.00,0.00,12/31/2026,,3276.80,,,,,,,,26,,2,,9.30,,,,,,,,No,Coming Due,,10/09/2026,,,,,,,,,,RII,
N39KM,IHC Health Services,10/03/2026,3577.00,0,25 00-51,Airframe,3577.00,,0,8191.00,INSPECTION,,ICA,,30 DAY ARTEX ELT FUNCTIONAL CHECK,ARTEX MANUAL 570-5060 REV. AA,,,,,,"REF. ARTEX MANUAL 570-5060 REV. AA, PAGE 25 (E), AND PAGE 38 (Q).",09/10/2026,3540.00,,,8100.00,30,0,,0,0.00,0.00,0,0,,0,0.00,0.00,10/10/2026,,,,,,,,,,5,,0,,,,,,,,,,No,Coming Due,,10/10/2026,,,,,,,,,,,
N307KH,IHC Health Services,10/03/2026,23110.00,0,25 00-51,Airframe,23110.00,,0,81023.00,INSPECTION,,ICA,ELT,30 DAY ARTEX ELT FUNCTIONAL CHECK,ARTEX MANUAL 570-1600 REV. AG,453-6603,242-08637,,,,"REF. ARTEX MANUAL 570-1600 REV. AG, SUBTASK 25-62-30-750-001 E, AND SUBTASK 25-62-30-750-012.",09/10/2026,23070.10,,,80936.00,30,0,,0,0.00,0.00,0,0,,0,0.00,0.00,10/10/2026,,,,,,,,,,5,,0,,,,,,,,,,No,Coming Due,,10/10/2026,,,,,,,,,,,
N39KM,IHC Health Services,10/03/2026,3577.00,0,26 01-01,Airframe,3577.00,,0,8191.00,INSPECTION,,INSPECT,FIRE EXT,30 DAY FIRE EXTINGUISHER INSPECTION,NFPA 10 Ch. 7.2,A344,H-29720178,,,,,09/10/2026,3540.00,,,8100.00,30,,,,,,,,,,,,10/10/2026,,,,,,,,,,5,,0,,,,,,,,,,No,Coming Due,,10/10/2026,,,,,,,,,,Pilot Task; PILOT GOM,
N307KH,IHC Health Services,10/03/2026,23110.00,0,26 01-01,Airframe,23110.00,,0,81023.00,INSPECTION,,INSPECT,,30 DAY FIRE EXTINGUISHER INSPECTION,NFPA 10 Ch. 7.2,,,,,,ACCOMPLISHED 30 DAY FIRE EXTINGUISHER INSPECTION IAW NFPA 10 Ch. 7.2. NO DEFECTS NOTED,09/10/2026,23070.10,,,80936.00,30,,,,,,,,,,,,10/10/2026,,,,,,,,,,5,,0,,,,,,,,,,No,Coming Due,,10/10/2026,,,,,,,,,,Pilot Task; PILOT GOM; Pilots,
N407CZ,IHC Health Services,10/04/2026,2432.60,0,35 GMM CH 5-7.6,Airframe,2432.60,,0,5400.00,INSPECTION,,,,INSTALLED PORTABLE OXYGEN BOTTLES 7 DAY VERIFICATION OF HYDROSTATIC DATE,,,,,,,Complied with INSTALLED PORTABLE OXYGEN BOTTLES 7 DAY VERIFICATION OF HYDROSTATIC DATE 6/2026 REF. GMM CH 5-7.6.,10/03/2026,2432.60,,,5400.00,7,0,,0,0.00,0.00,0,1,,0,0.00,0.00,10/10/2026,,,,,,,,,,5,,0,,,,,,,,,,No,Coming Due,,10/10/2026,,,,,,,,,,Pilot Task; PILOT GOM,
N407CP,IHC Health Services,10/04/2026,10206.30,1,35 GMM CH 5-7.6,Airframe,10206.30,,1,22355.00,INSPECTION,,,,INSTALLED PORTABLE OXYGEN BOTTLES 7 DAY VERIFICATION OF HYDROSTATIC DATE,,,,,,,.,10/03/2026,10206.10,,,22352.00,7,0,,0,0.00,0.00,0,1,,0,0.00,0.00,10/10/2026,,,,,,,,,,5,,0,,,,,,,,,,No,Coming Due,,10/10/2026,,,,,,,,,,Pilot Task; PILOT GOM,
N407FC,IHC Health Services,10/05/2026,14985.10,0,12 TBL 2,Airframe,14985.10,,0,33090.00,INSPECTION,,RII,,(RII) 50 HOUR/3 MONTH LUBRICATION ITEMS,DMC-407-A-12-00-00-00A-040A-A Table 2,,,,,,"Ref. DMC-407-A-12-00-00-08A-200A-A, Issue 001 - 2020/05/20, ECCN EAR99.",09/07/2026,14945.30,,,33007.00,0,3,50.00,0,0.00,0.00,0,9,5.00,0,0.00,0.00,12/07/2026,,14995.30,,,,,,,,2,,2,,10.20,,,,,,,,No,Coming Due,,10/10/2026,,,,,,,,,,RII,
N407FC,IHC Health Services,10/05/2026,14985.10,0,72 INSP 50 PWR CK,Airframe,14985.10,,0,33090.00,INSPECTION,,,,50 HOUR POWER CHECK (PILOT REQUIREMENT),,,,,,,,09/06/2026,14945.30,,,33007.00,,,50.00,,,,,,5.00,,,,,,14995.30,,,,,,,,,,,,10.20,,,,,,,,No,Coming Due,,10/10/2026,,,,,,,,,,Pilot Task; PILOT GOM; Pilots,
N407MZ,IHC Health Services,10/05/2026,2805.50,0,25 00-51,Airframe,2805.50,,0,7326.00,INSPECTION,,ICA,ELT,30 DAY ARTEX ELT FUNCTIONAL CHECK,ARTEX MANUAL 570-5060 REV. AA,453-5061,252-06472,,,,"Performed 30 DAY ARTEX ELT FUNCTIONAL CHECK REF. ARTEX MANUAL 570-5060 REV. AA, PAGE 25 (E), AND PAGE 38 (Q).",09/11/2026,2755.50,,,7197.00,30,0,,0,0.00,0.00,0,0,,0,0.00,0.00,10/11/2026,,,,,,,,,,6,,0,,,,,,,,,,No,Coming Due,,10/11/2026,,,,,,,,,,,
N407MZ,IHC Health Services,10/05/2026,2805.50,0,26 01-01,Airframe,2805.50,,0,7326.00,INSPECTION,,INSPECT,,30 DAY FIRE EXTINGUISHER INSPECTION,NFPA 10 Ch. 7.2,,,,,,Complied with 30 DAY FIRE EXTINGUISHER INSPECTION IAW Ref. NFPA 10 Ch. 7.2.,09/11/2026,2755.50,,,7197.00,30,,,,,,,,,,,,10/11/2026,,,,,,,,,,6,,0,,,,,,,,,,No,Coming Due,,10/11/2026,,,,,,,,,,,
N407FM,IHC Health Services,10/04/2026,2702.50,0,72 72/S.I/18,Engine 1,1885.80,3038.00,,,INSPECTION,,INSPECT,Engine SI,"SPECIAL INSPECTIONS 18. Oil system contamination inspection AFTER the first 50 hours of operation on new, repaired, or overhauled engine. TASK 72-00-00-200-801.","RR-C47E/4-O&M 72-00-00-200-801 TBL 8, item 18.",,,,,,"Oil system contamination inspection after the first 50 hours of operation on new, repaired, or overhauled engine.",08/11/2026,1847.80,,2948.00,,0,0,50.00,0,0.00,0.00,0,0,10.00,0,0.00,0.00,,,1897.80,,,,,,,,,,,,12.00,,,,,,,,No,Coming Due,,10/11/2026,,,,,,,,,,,
N407JM,IHC Health Services,10/04/2026,5829.10,0,72 INSP 50 PWR CK,Airframe,5829.10,,0,16558.00,INSPECTION,,,,50 HOUR POWER CHECK (PILOT REQUIREMENT),,,,,,,"01/29/2026 Performed Power Check PA 6000, OAT 0 C, TOT 587, TQ 63.8, N1 94.3,  Results +12, No Snow Baffles installed.",08/31/2026,5790.00,,,16426.00,,,50.00,,,,,,5.00,,,,,,5840.00,,,,,,,,,,,,10.90,,,,,,,,No,Coming Due,,10/11/2026,,,,,,,,,,Pilot Task; Pilots; PILOT GOM,
N466GH,IHC Health Services,10/04/2026,3267.50,0,72 INSP 50 PWR CK,Airframe,3267.50,,0,7636.00,INSPECTION,,,,50 HOUR POWER CHECK (PILOT REQUIREMENT),,,,,,,,09/19/2026,3230.90,,,7588.00,,,50.00,,,,,,5.00,,,,,,3280.90,,,,,,,,,,,,13.40,,,,,,,,No,Coming Due,,10/11/2026,,,,,,,,,,Pilot Task; PILOT GOM,
N407MZ,IHC Health Services,10/05/2026,2805.50,0,72 INSP 50 PWR CK,Airframe,2805.50,,0,7326.00,INSPECTION,,,,50 HOUR POWER CHECK (PILOT REQUIREMENT),,,,,,,"50 HOUR POWER C/W,  PA 8000, OAT 17 degrees Celsius,  TOT 659  TQ 63.7  NG 97.6  RESULTING IN A +12, NO BAFFLES, Pilot Stephen.",09/21/2026,2782.80,,,7262.00,,,50.00,,,,,,5.00,,,,,,2832.80,,,,,,,,,,,,27.30,,,,,,,,No,Coming Due,,10/12/2026,,,,,,,,,,,
N39KM,IHC Health Services,10/03/2026,3577.00,0,12 TBL 2,Airframe,3577.00,,0,8191.00,INSPECTION,,RII,,(RII) 50 HOUR/3 MONTH LUBRICATION ITEMS,DMC-407-A-12-00-00-00A-040A-A Table 2,,,,,,,09/08/2026,3538.20,,,8095.00,0,3,50.00,0,0.00,0.00,0,9,5.00,0,0.00,0.00,12/08/2026,,3588.20,,,,,,,,3,,2,,11.20,,,,,,,,No,Coming Due,,10/12/2026,,,,,,,,,,RII,
N39KM,IHC Health Services,10/03/2026,3577.00,0,25 AIR COMM AIR COND 50HR,Airframe,3577.00,,0,8191.00,INSPECTION,,ICA,,50 HOUR AIR COMM AIR CONDITIONER INSPECTION,407-EC-200M-2 REV. 14,,,,,,"REF: 407EC-200M-2 *** USE CHAPTER 3  ITEM 1-""INSPECTION REQUIREMENTS"" AND CHAPTER 3 ITEM 3- ""INSPECTION PROCEDURES"" TO COMPLETE INSPECTIONS***",09/08/2026,3538.20,,,8095.00,0,0,50.00,0,0.00,0.00,0,0,,0,0.00,0.00,,,3588.20,,,,,,,,,,,,11.20,,,,,,,,No,Coming Due,,10/12/2026,,,,,,,,,,,
N407CP,IHC Health Services,10/04/2026,10206.30,1,72 INSP 50 PWR CK,Airframe,10206.30,,1,22355.00,INSPECTION,,,,50 HOUR POWER CHECK (PILOT REQUIREMENT),,,,,,,,08/26/2026,10168.70,,,22260.00,,,50.00,,,,,,5.00,,,,,,10218.70,,,,,,,,,,,,12.40,,,,,,,,No,Coming Due,,10/13/2026,,,,,,,,,,Pilot Task; PILOT GOM,
N407LF,IHC Health Services,10/05/2026,5349.30,17156,12 TBL 2,Airframe,5349.30,,17156,13084.00,INSPECTION,,RII,,(RII) 50 HOUR/3 MONTH LUBRICATION ITEMS,DMC-407-A-12-00-00-00A-040A-A Table 2,,,,,1.00,Ref. DMC-407-A-12-00-00-00A-040A-A,08/22/2026,5307.60,,,12997.00,0,3,50.00,0,0.00,0.00,0,9,5.00,0,0.00,0.00,11/30/2026,,5357.60,,,,,,,,25,,1,,8.30,,,,,,,,No,Coming Due,,10/13/2026,,,,,,,,,,RII,
N407JM,IHC Health Services,10/04/2026,5829.10,0,407-24-136,Airframe,5829.10,,0,16558.00,ASB,,,,ASB 407-24-136 STANDARD AND HIGH LANDING GEAR FORWARD CROSSTUBES,,,,,,,"Complied With ASB 407-24-136 STANDARD AND HIGH LANDING GEAR FORWARD CROSSTUBES . No damage found at this time.   Note: For this ASB ONLY the RIN verbiage is to be view as normal landings.
3/11/2025. complied with part 3 visual inspection.",09/30/2026,5819.80,,,16531.00,,0,,0,0.00,95.00,0,0,,0,0.00,0.00,,,,,,,,,16626.00,,,,,,,,,,,,68.00,,No,Coming Due,,10/13/2026,,,,,,,,,,,
N407PW,IHC Health Services,10/04/2026,1441.00,0,12 TBL 2,Airframe,1441.00,,0,1740.00,INSPECTION,,RII,,(RII) 50 HOUR/3 MONTH LUBRICATION ITEMS,DMC-407-A-12-00-00-00A-040A-A Table 2,,,,,,"Ref. DMC-407-A-12-00-00-00A-040A-A, Table 2.",09/10/2026,1412.90,,,1712.00,,3,50.00,0,0.00,0.00,0,9,5.00,0,0.00,0.00,12/31/2026,,1462.90,,,,,,,,26,,2,,21.90,,,,,,,,No,Coming Due,,10/14/2026,,,,,,,,,,RII,
N407ZM,IHC Health Services,10/04/2026,5575.00,1722,05 1200HR,Airframe,5575.00,,1722,13725.00,INSPECTION,,INSPECT,,1200 HOUR AIRFRAME INSPECTION,DMC-407-A-05-40-00-13A-281A-A,,,,,3.00,"REF. BHT-407-MPI, CH. 5 DMC-407-A-05-40-00-13A-281A-A",11/03/2023,4399.70,,,,,,1200.00,,,,,,120.00,,,,,,5599.70,,,,,,,,,,,,24.70,,,,,,,,No,Coming Due,,10/14/2026,,,,,,,,,,Monthly Planning,
N407PW,IHC Health Services,10/04/2026,1441.00,0,72 72/150,Engine 1,1441.00,1542.00,,,INSPECTION,,INSPECT,,150 HOUR/12 MONTH ENGINE INSPECTION,RR-M250-C47E/4-O&M Ch. 72-00-00-200-801 Table 6.,,,,,,"BEFORE YOU UNDERTAKE A INSPECTION OR MAINTENANCE ACTION, CONSULT THE REFERENCED PARAGRAPHS OF THE OPERATION AND MAINTENANCE MANUAL. FAILURE TO DO SO COULD RESULT IN EQUIPMENT DAMAGE OR DESTRUCTION AND POSSIBLY RESULT IN PERSONNEL DEATH OR INJURY . Note: Compliance to the 150 hour and 300 hour items in this table must be performed at least every 12 calendar months or by hours, whichever occurs first. This inspection checklist can only be used if the operator uses an approved third generation (hts) oil",07/01/2026,1313.30,,1392.00,,,12,150.00,,,,,,,,,,07/01/2027,,1463.30,,,,,,,,26,,8,,22.30,,,,,,,,No,Coming Due,,10/14/2026,,,,,,,,,,,
N407MZ,IHC Health Services,10/05/2026,2805.50,0,12 TBL 2,Airframe,2805.50,,0,7326.00,INSPECTION,,RII,,(RII) 150 HOUR TAIL ROTOR DRIVE SHAFT SPLINE ADAPTER LUBRICATION,DMC-407-A-12-00-00-00A-040A-A Table 2,,,,,,"Complied with 150 HOUR T/R DRIVESHAFT SPLINE LUBE W/ ThixO #2 (3810-0) -IAW REF DMC-407-A-12-00-00-00A-040A-A (CAN BE EXTENDED TO 150HRS, PROVIDED TB 407-0235 PT. IV-B) ref. DMC-407-A-12-00-00-04A-242A-A.",08/20/2026,2689.10,,,7025.00,0,0,150.00,0,0.00,0.00,0,0,15.00,0,0.00,0.00,,,2839.10,,,,,,,,,,,,33.60,,,,,,,,No,Coming Due,,10/14/2026,,,,,,,,,,RII,
N407JM,IHC Health Services,10/04/2026,5829.10,0,12 TBL 2,Airframe,5829.10,,0,16558.00,INSPECTION,,RII,,(RII) 50 HOUR/3 MONTH LUBRICATION ITEMS,DMC-407-A-12-00-00-00A-040A-A Table 2,,,,,1.50,REF. BHT-407-MM CH. 12 SERVICING TABLE 2 DMC-407-A-12-00-00-00A-040A-A,09/02/2026,5794.80,,,16426.00,0,3,50.00,0,0.00,0.00,0,9,5.00,0,0.00,0.00,12/31/2026,,5844.80,,,,,,,,26,,2,,15.70,,,,,,,,No,Coming Due,,10/14/2026,,,,,,,,,,RII,
N407JM,IHC Health Services,10/04/2026,5829.10,0,ASB 407-11-95 REV D,Airframe,5829.10,,0,16558.00,ASB,,,,ASB 407-11-95 UPPER LEFT LONGERON AND SPARE ASSEMBLY (AD2015-05-04 AMD 39-18114),,,,,,,COMPLIED THE ASB 407-11-95 UPPER LEFT LONGERON AND SPARE ASSEMBLY (AD2015-05-04 AMD 39-18114)EVERY 50 HOURS WHEN PART IV (4) IS COMPLIED WITH OR EVERY 150 HOURS WHEN PART III IS ACCOMPLISHED. NO DEFECTS NOTED ATTHIS TIME.,09/02/2026,5794.80,,,16426.00,0,0,50.00,0,0.00,0.00,0,0,,0,0.00,0.00,,,5844.80,,,,,,,,,,,,15.70,,,,,,,,No,Coming Due,,10/14/2026,,,,,,,,,,,
N407JM,IHC Health Services,10/04/2026,5829.10,0,AD 2015-05-04 AMD 39-18114,Airframe,5829.10,,0,16558.00,AD,,,,AD 2015-05-04  FUSELAGE MAIN AND LONGERON/STRINGER,"AD 2015-05-04, Amend. 39-18114",,,,,1.00,Complied with AD 2015-05-04 visual inspection as per PARA (e) (4)  FUSELAGE MAIN AND LONGERON/STRINGER INSPECTION,09/02/2026,5794.80,,,16426.00,,,50.00,,,,,,,,,,,,5844.80,,,,,,,,,,,,15.70,,,,,,,,No,Coming Due,,10/14/2026,,,,,,,,,,,
N469JX,IHC Health Services,09/30/2026,3681.00,0,25 00-51,Airframe,3681.00,,0,9318.00,INSPECTION,,ICA,,30 DAY ARTEX ELT FUNCTIONAL CHECK,ARTEX MANUAL 570-5060 REV. AA,,,,,,"REF. ARTEX MANUAL 570-5060 REV. AA, PAGE 25 (E), AND PAGE 38 (Q).",09/14/2026,3644.90,,,9262.00,30,0,,0,0.00,0.00,0,0,,0,0.00,0.00,10/14/2026,,,,,,,,,,9,,0,,,,,,,,,,No,Coming Due,,10/14/2026,,,,,,,,,,,
N407RU,IHC Health Services,09/23/2026,2043.40,0,25 00-51,Airframe,2043.40,,0,3639.00,INSPECTION,,ICA,ELT,30 DAY ARTEX ELT FUNCTIONAL CHECK,ARTEX MANUAL 570-5060 REV. AA,453-5061,252-06774,,,,"REF. ARTEX MANUAL 570-5060 REV. AA, PAGE 25 (E), AND PAGE 38 (Q).",09/14/2026,2028.10,,,3616.00,30,0,,0,0.00,0.00,0,0,,0,0.00,0.00,10/14/2026,,,,,,,,,,9,,0,,,,,,,,,,No,Coming Due,,10/14/2026,,,,,,,,,,,
N469JX,IHC Health Services,09/30/2026,3681.00,0,26 01-01,Airframe,3681.00,,0,9318.00,INSPECTION,,INSPECT,,30 DAY FIRE EXTINGUISHER INSPECTION,NFPA 10 Ch. 7.2,,,,,0.50,COMPLIED WITH 30 DAY FIRE EXTINGUISHER INSPECTION REF. NFPA 10 CH 7.2.,09/14/2026,3644.90,,,9262.00,30,,,,,,,,,,,,10/14/2026,,,,,,,,,,9,,0,,,,,,,,,,No,Coming Due,,10/14/2026,,,,,,,,,,Pilot Task; PILOT GOM,
N469JX,IHC Health Services,09/30/2026,3681.00,0,12 TBL 2,Airframe,3681.00,,0,9318.00,INSPECTION,,RII,,(RII) 50 HOUR/3 MONTH LUBRICATION ITEMS,DMC-407-A-12-00-00-00A-040A-A Table 2,,,,,,REF. BHT-407-MM CH. 12 SERVICING TABLE 2 DMC-407-A-12-00-00-00A-040A-A,09/22/2026,3662.90,,,9291.00,0,3,50.00,0,0.00,0.00,0,9,5.00,0,0.00,0.00,12/31/2026,,3712.90,,,,,,,,26,,2,,31.90,,,,,,,,No,Coming Due,,10/14/2026,,,,,,,,,,RII,
N469JX,IHC Health Services,09/30/2026,3681.00,0,25 AIR COMM AIR COND 50HR,Airframe,3681.00,,0,9318.00,INSPECTION,,ICA,,50 HOUR AIR COMM AIR CONDITIONER INSPECTION,407EC-200M-2,,,,,,"REF: 407EC-200M-2 *** USE CHAPTER 3  ITEM 1-""INSPECTION REQUIREMENTS"" AND CHAPTER 3 ITEM 3- ""INSPECTION PROCEDURES"" TO COMPLETE INSPECTIONS***",09/22/2026,3662.90,,,9291.00,0,0,50.00,0,0.00,0.00,0,0,,0,0.00,0.00,,,3712.90,,,,,,,,,,,,31.90,,,,,,,,No,Coming Due,,10/14/2026,,,,,,,,,,,
N407JM,IHC Health Services,10/04/2026,5829.10,0,25 HSI COPLT SHOULDER HARN,Airframe,5829.10,,0,16558.00,INSPECTION,,ICA,,100 HOUR COPILOT SHOULDER HARNESS INSPECTION,HSI Document 13104-0501-00,,,,,,Ref. HSI Document 13104-0501-00.,07/30/2026,5745.80,,,16246.00,,,100.00,,,,,,,,,,,,5845.80,,,,,,,,,,,,16.70,,,,,,,,No,Coming Due,,10/14/2026,,,,,,,,,,,
N407JM,IHC Health Services,10/04/2026,5829.10,0,25 ONBOARD CARGO HOOK PROVISIONS,Airframe,5829.10,,0,16558.00,INSPECTION,,,,ONBOARD CARGO HOOK PROVIONS,ONBOARD ICA123-032-00,,,,,,INSPECT PROVISIONS PER ONBOARD ICA123-032-00 PARA 5.1,07/30/2026,5745.80,,,16246.00,0,12,100.00,0,0.00,0.00,0,0,,0,0.00,0.00,07/30/2027,,5845.80,,,,,,,,25,,9,,16.70,,,,,,,,No,Coming Due,,10/14/2026,,,,,,,,,,,
N407JM,IHC Health Services,10/04/2026,5829.10,0,25 OPS 21.13.1,Airframe,5829.10,,0,16558.00,INSPECTION,,ICA,,100 HOUR EMS EQUIPMENT INSPECTION,REF. CLASSIC OPS MANUAL SECTION 21.13.1,,,,,0.30,COMPLIED WITH THE 100 HOUR EMS EQUIPMENT INSPECTION IAW REF. CLASSIC OPS MANUAL SECTION 21.13.1(NO DEFECTS NOTED AT THIS TIME),07/30/2026,5745.80,,,16246.00,,,100.00,,,,,,,,,,,,5845.80,,,,,,,,,,,,16.70,,,,,,,,No,Coming Due,,10/14/2026,,,,,,,,,,,
N407PW,IHC Health Services,10/04/2026,1441.00,0,25 HELIFAB 206 100HR,Airframe,1441.00,,0,1740.00,INSPECTION,,ICA,,100 HOUR HELIFAB STORAGE BIN INSPECTION,HF-206-ICA-2500-0002 REV. B,,,,,,,08/14/2026,1364.90,,,1634.00,0,0,100.00,0,0.00,0.00,0,0,,0,0.00,0.00,,,1464.90,,,,,,,,,,,,23.90,,,,,,,,No,Coming Due,,10/14/2026,,,,,,,,,,,
N407PW,IHC Health Services,10/04/2026,1441.00,0,25 HELIFAB BTL MNT 100HR,Airframe,1441.00,,0,1740.00,INSPECTION,,ICA,,100 HOUR HELIFAB PORTABLE OXYGEN BOTTLE MOUNT INSPECTION,HF-206-ICA-OXYGEN BOTTLE MOUNT-1,,,,,,,08/14/2026,1364.90,,,1634.00,0,0,100.00,0,0.00,0.00,0,0,,0,0.00,0.00,,,1464.90,,,,,,,,,,,,23.90,,,,,,,,No,Coming Due,,10/14/2026,,,,,,,,,,,
N407PW,IHC Health Services,10/04/2026,1441.00,0,62 04-10,Airframe,1441.00,,0,1740.00,INSPECTION,,AIRWORTHINESS,HSU-4540,100 HOUR MAIN ROTOR YOKE ASSEMBLY AIRWORTHINESS LIMITATIONS  INSPECTION,"BHT-407-MPI, Ch. 4 Airworthiness Limitations",,,,,,"REF. BHT-407-MPI, CH. 4 AIRWORTHINESS LIMITATIONS SCHEDULE TABLE 2 DMC-407-A-04-00-00-00A-288A-A, Table 2, Figure 2.",08/14/2026,1364.90,,,1634.00,,,100.00,,,,,,,,,,,,1464.90,,,,,,,,,,,,23.90,,,,,,,,No,Coming Due,,10/14/2026,,,,,,,,,,,
N407CP,IHC Health Services,10/04/2026,10206.30,1,53 04-050,Airframe,10206.30,,1,22355.00,INSPECTION,,AIRWORTHINESS,TAILBOOM,50 HOUR TAILBOOM ASSEMBLY INSPECTION,DMC-407-A-04-00-00-00A-288A-A note 10,407-030-801-203,BP1500,,,,(After 8600 Accumulated hours) Ref. Airworthiness Limitation Schedule DMC-407-A-04-00-00-00A-288A-A note 10,08/31/2026,10171.20,,,22267.00,0,0,50.00,0,0.00,0.00,0,0,,0,0.00,0.00,,,10221.20,,,,,,,,,,,,14.90,,,,,,,,No,Coming Due,,10/15/2026,,,,,,,,,,,
N407TH,IHC Health Services,10/03/2026,8845.50,2,35 GMM CH 5-7.6.1,Airframe,8845.50,,2,20680.00,INSPECTION,,,,MONTHLY PORTABLE OXYGEN BOTTLE EXCHANGE WITH VENDOR SERVICED UNIT,,,,,,,.,09/15/2026,8814.70,,,20618.00,0,1,,0,0.00,0.00,0,0,,0,0.00,0.00,10/15/2026,,,,,,,,,,10,,0,,,,,,,,,,No,Coming Due,,10/15/2026,,,,,,,,,,Pilot Task; PILOT GOM,
N407PW,IHC Health Services,10/04/2026,1441.00,0,05 300HR- PERIODIC INSPECTION,Airframe,1441.00,,0,1740.00,INSPECTION,,INSPECT,,300 HOUR /12 MONTH PERIODIC AIRFRAME INSPECTION,DMC-407-A-05-40-00-06A-281A-A,,,,,,"1. Do this inspection every 12 calendar months or every 300 hours of operation. 2. Do all six events of the airframe progressive inspection. Ref. DMC-407-A-05-40-00-06A-281A-A, Complete all 6 Progressive Inspection Events: DMC-407-A-05-40-00-00A-281A-A, DMC-407-A-05-40-00-01A-281A-A,DMC-407-A-05-40-00-02A-281A-A, DMC-407-A-05-40-00-03A-281A-A, DMC-407-A-05-40-00-04A-281A-A, DMC-407-A-05-40-00-05A-281A-A.",04/24/2026,1167.50,,,1395.00,,12,300.00,,,,,36,30.00,,,,04/24/2027,,1467.50,,,,,,,,19,,6,,26.50,,,,,,,,No,10+ Days,,10/15/2026,,,,,,,,,,,
N407PW,IHC Health Services,10/04/2026,1441.00,0,05 40-00-08A,Airframe,1441.00,,0,1740.00,INSPECTION,,INSPECT,,300 HOUR OPTIONAL EQUIPMENT INSPECTION,DMC-407-A-05-40-00-08A-281A-A,,,,,,"Ref. DMC-407-A-05-40-00-08A-281A-A, Complete Inspection On All Currently Installed/Available Items.",04/24/2026,1167.50,,,1395.00,,,300.00,,,,,,30.00,,,,,,1467.50,,,,,,,,,,,,26.50,,,,,,,,No,10+ Days,,10/15/2026,,,,,,,,,,,
N407PW,IHC Health Services,10/04/2026,1441.00,0,05 DOOR PIN CLASSIC RECOMMEND,Airframe,1441.00,,0,1740.00,INSPECTION,,,,300 HOUR / 12 MONTH JETTISONABLE DOOR PIN INSPECTION - CLASSIC RECOMMENDATION,DMC-407-A-52-10-00-05A-280A-A,,,,,,REF: DMC-407-A-52-10-00-05A-280A-A,04/24/2026,1167.50,,,1395.00,0,12,300.00,0,0.00,0.00,0,0,,0,0.00,0.00,04/30/2027,,1467.50,,,,,,,,25,,6,,26.50,,,,,,,,No,10+ Days,,10/15/2026,,,,,,,,,,,
N407PW,IHC Health Services,10/04/2026,1441.00,0,12 HYD TBL 2,Airframe,1441.00,,0,1740.00,INSPECTION,,RII,,(RII) 300 HOUR/12 MONTH HYDRAULIC PUMP DRIVE SPLINE LUBRICATION,DMC-407-A-12-00-00-00A-040A-A Table 2,,,,,,"Ref. DMC-407-A-12-00-00-00A-040A-A, Table 2.",04/24/2026,1167.50,,,1395.00,,12,300.00,,,,0,36,30.00,,,,04/24/2027,,1467.50,,,,,,,,19,,6,,26.50,,,,,,,,No,10+ Days,,10/15/2026,,,,,,,,,,RII,
N407PW,IHC Health Services,10/04/2026,1441.00,0,12 HYD TBL 3,Airframe,1441.00,,0,1740.00,INSPECTION,,RII,,(RII) 300 HOUR/12 MONTH HYDRAULIC FILTER CLEANING AND INSPECTION,DMC-407-A-12-00-00-00A-040A-A Table 3,,,,,,"Ref. DMC-407-A-12-00-00-00A-040A-A, Table 3.",04/24/2026,1167.50,,,1395.00,,12,300.00,,,,0,36,30.00,,,,04/24/2027,,1467.50,,,,,,,,19,,6,,26.50,,,,,,,,No,10+ Days,,10/15/2026,,,,,,,,,,RII,
N407PW,IHC Health Services,10/04/2026,1441.00,0,12 HYD TBL 3,Airframe,1441.00,,0,1740.00,INSPECTION,,,,300 HOUR/12 MONTH HYDRAULIC FLUID CHANGE,DMC-407-A-12-00-00-00A-040A-A Table 3,,,,,,"Ref. DMC-407-A-12-00-00-00A-040A-A, Table 3.",04/24/2026,1167.50,,,1395.00,,12,300.00,,,,0,36,30.00,,,,04/24/2027,,1467.50,,,,,,,,19,,6,,26.50,,,,,,,,No,10+ Days,,10/15/2026,,,,,,,,,,,
N407PW,IHC Health Services,10/04/2026,1441.00,0,12 TBL 2,Airframe,1441.00,,0,1740.00,INSPECTION,,,,300 HOUR TAIL ROTOR DRIVE SHAFT & OIL COOLER BEARING LUBRICATION,DMC-407-A-12-00-00-00A-040A-A Table 2,,,,,,REF. BHT-407-MM CH. 12 SERVICING TABLE 2 DMC-407-A-12-00-00-00A-040A-A,04/24/2026,1167.50,,,1395.00,,,300.00,,,,,,30.00,,,,,,1467.50,,,,,,,,,,,,26.50,,,,,,,,No,10+ Days,,10/15/2026,,,,,,,,,,,
N407PW,IHC Health Services,10/04/2026,1441.00,0,12 TBL 3,Airframe,1441.00,,0,1740.00,INSPECTION,,,,300 HOUR/12 MONTH MAIN ROTOR TRANSMISSION OIL & FILTER CHANGE,DMC-407-A-12-00-00-00A-040A-A Table 3,,,,,,"Ref. DMC-407-A-12-00-00-00A-040A-A, Table 3.",04/24/2026,1167.50,,,1395.00,,12,300.00,,,,0,36,30.00,,,,04/24/2027,,1467.50,,,,,,,,19,,6,,26.50,,,,,,,,No,10+ Days,,10/15/2026,,,,,,,,,,,
N407PW,IHC Health Services,10/04/2026,1441.00,0,12 TBL 3,Airframe,1441.00,,0,1740.00,INSPECTION,,,,300 HOUR/12 MONTH TAIL ROTOR GEARBOX OIL CHANGE,DMC-407-A-12-00-00-00A-040A-A Table 3,,,,,,"Ref. DMC-407-A-12-00-00-00A-040A-A, Table 3.",04/24/2026,1167.50,,,1395.00,,12,300.00,,,,0,36,30.00,,,,04/24/2027,,1467.50,,,,,,,,19,,6,,26.50,,,,,,,,No,10+ Days,,10/15/2026,,,,,,,,,,,
N407PW,IHC Health Services,10/04/2026,1441.00,0,21 PARAVION 300HR/12M,Airframe,1441.00,,0,1740.00,INSPECTION,,ICA,,300 HOUR / 12 MONTH PARAVION AIR CONDITIONING SYSTEM,Ref. PR-407AC-120M,,,,,,,04/24/2026,1167.50,,,1395.00,0,12,300.00,0,0.00,0.00,0,0,,0,0.00,0.00,04/24/2027,,1467.50,,,,,,,,19,,6,,26.50,,,,,,,,No,10+ Days,,10/15/2026,,,,,,,,,,,
N407PW,IHC Health Services,10/04/2026,1441.00,0,25 AA FLT/FLOAT STEP 300HR/12M,Airframe,1441.00,,0,1740.00,INSPECTION,,ICA,,300 HOUR/12 MONTH AERONAUTICAL ACCESSORIES FLIGHTSTEP/FLOATSTEP INSPECTION,AERONAUTICAL ACCESSORIES AA-01162,,,,,,,04/24/2026,1167.50,,,1395.00,,12,300.00,,,,,,,,,,04/24/2027,,1467.50,,,,,,,,19,,6,,26.50,,,,,,,,No,10+ Days,,10/15/2026,,,,,,,,,,,
N407PW,IHC Health Services,10/04/2026,1441.00,0,25 AFS IVF 300HR/12M,Airframe,1441.00,,0,1740.00,INSPECTION,,ICA,0210,300 HOUR/12 MONTH DONALDSON IVF FILTER CLEANING AND INSPECTION,AFS-BH407-IBF-KIT-ICA,,,,,,"Ref. Donaldson Filtration Solutions ICA AFS-BH407-IBF-KIT-ICA, Table 1 and paragraph 7.3.",04/24/2026,1167.50,,,1395.00,,12,300.00,,,,,,,,,,04/24/2027,,1467.50,,,,,,,,19,,6,,26.50,,,,,,,,No,10+ Days,,10/15/2026,,,,,,,,,,,
N407PW,IHC Health Services,10/04/2026,1441.00,0,25 PARAVION SNOW DEFL 300HR/12M,Airframe,1441.00,,0,1740.00,INSPECTION,,ICA,,300 HOUR/12 MONTH PARAVION SNOW DEFLECTOR AND DZUS HARDWARE INSPECTION,Ref. Paravion PR-206/407SD-120M,,,,,,,04/24/2026,1167.50,,,1395.00,,12,300.00,,,,,,,,,,04/24/2027,,1467.50,,,,,,,,19,,6,,26.50,,,,,,,,No,10+ Days,,10/15/2026,,,,,,,,,,,
N407PW,IHC Health Services,10/04/2026,1441.00,0,53 04-300,Airframe,1441.00,,0,1740.00,INSPECTION,,AIRWORTHINESS,,300 HOUR TAILBOOM ASSEMBLY AIRWORTHINESS LIMITATIONS INSPECTION,DMC-407-A-04-00-00-00A-288A-A TABLE 2,,,,,,"REF. BHT-407-MPI, CH. 4 AIRWORTHINESS LIMITATIONS TABLE 2 DMC-407-A-04-00-00-00A-288A-A, Table 2 and Figure 5.",04/24/2026,1167.50,,,1395.00,0,0,300.00,0,0.00,0.00,0,0,,0,0.00,0.00,,,1467.50,,,,,,,,,,,,26.50,,,,,,,,No,10+ Days,,10/15/2026,,,,,,,,,,,
N407PW,IHC Health Services,10/04/2026,1441.00,0,72 300HR SCAVENGE FILTER,Engine 1,1441.00,1542.00,,,MAINTENANCE,,RII,,(RII) 300 HOUR ENGINE SCAVENGE OIL FILTER CHANGE (OPERATOR'S REQUEST),RR-M250-C47E/4 O&M Chapter 79-10-00,,,,,,**DO NOT CHANGE OIL AT THIS TIME IF NOT DUE**,04/24/2026,1167.50,,1232.00,,0,0,300.00,0,0.00,0.00,0,0,,0,0.00,0.00,,,1467.50,,,,,,,,,,,,26.50,,,,,,,,No,10+ Days,,10/15/2026,,,,,,,,,,RII,
N407PW,IHC Health Services,10/04/2026,1441.00,0,72 72/300,Engine 1,1441.00,1542.00,,,INSPECTION,,INSPECT,CAE-848668,300 HOUR/12 MONTH ENGINE INSPECTION,RR-M250-C47E/4-O&M Ch. 72-00-00-200-801 Table 6,,,,,,"**USE TABLE 6 ONLY DUE TO SERVICE WITH MOBIL 254 OIL (3RD GENERATION OIL)** In addition to the 150 hour inspection items, perform the following: **SEE SUB ITEMS**",04/24/2026,1167.50,,1232.00,,,12,300.00,,,,,,,,,,04/24/2027,,1467.50,,,,,,,,19,,6,,26.50,,,,,,,,No,10+ Days,,10/15/2026,,,,,,,,,,,
N407PW,IHC Health Services,10/04/2026,1441.00,0,AD 2018-10-06 AMD 39-19281,Airframe,1441.00,,0,1740.00,AD,,,,"AD 2018-10-06 300 HOUR TAIL ROTOR DRIVE SHAFT
C/W initial inspection during manufacture.  Recurring inspection is required every 330 hours.","AD 2018-10-06, Amend. 39-19281 Para. (e)(1)(3)",,,,,,Completed AD 2018-10-06 by inspecting each TR driveshaft segment assembly for rotational and axial play between the adapter and the TR driveshaft.,04/24/2026,1167.50,,,1395.00,,,300.00,,,,,,30.00,,,,,,1467.50,,,,,,,,,,,,26.50,,,,,,,,No,10+ Days,,10/15/2026,,,,,,,,,,,
N407MZ,IHC Health Services,10/05/2026,2805.50,0,12 TBL 2,Airframe,2805.50,,0,7326.00,INSPECTION,,RII,,(RII) 50 HOUR/3 MONTH LUBRICATION ITEMS,DMC-407-A-12-00-00-00A-040A-A Table 2,,,,,,"Complied with the 50 HOUR / 3 MONTHS LUBRICATION ITEMS,  IRT ref. SERVICING General DMC-407-A-12-00-00-00A-040A-A table 2. Using alternate method, no disassembly required. No tools required.",09/29/2026,2795.50,,,7295.00,0,3,50.00,0,0.00,0.00,0,9,5.00,0,0.00,0.00,12/29/2026,,2845.50,,,,,,,,24,,2,,40.00,,,,,,,,No,10+ Days,,10/15/2026,,,,,,,,,,RII,
N407ZM,IHC Health Services,10/04/2026,5575.00,1722,12 TBL 2,Airframe,5575.00,,1722,13725.00,INSPECTION,,RII,,(RII) 50 HOUR/3 MONTH LUBRICATION ITEMS,DMC-407-A-12-00-00-00A-040A-A Table 2,,,,,,REF. BHT-407-MM CH. 12 SERVICING TABLE 2 DMC-407-A-12-00-00-00A-040A-A,09/20/2026,5554.90,,,13680.00,0,3,50.00,0,0.00,0.00,0,9,5.00,0,0.00,0.00,12/31/2026,,5604.90,,,,,,,,26,,2,,29.90,,,,,,,,No,10+ Days,,10/15/2026,,,,,,,,,,RII,
N407ZM,IHC Health Services,10/04/2026,5575.00,1722,72 INSP 50 PWR CK,Airframe,5575.00,,1722,13725.00,INSPECTION,,,,50 HOUR POWER CHECK (PILOT REQUIREMENT),,,,,,,"ACTT: 5554.9, PA: 10,000, OAT: 8C, TOT: 668, TQ: 66.9, N1: 97.8, RESULTS: +22",09/20/2026,5554.90,,,13680.00,,,50.00,,,,,,5.00,,,,,,5604.90,,,,,,,,,,,,29.90,,,,,,,,No,10+ Days,,10/15/2026,,,,,,,,,,Pilot Task; Pilots; PILOT GOM,
N407ZM,IHC Health Services,10/04/2026,5575.00,1722,ASB 407-11-95 REV D,Airframe,5575.00,,1722,13725.00,ASB,,,,ASB 407-11-95 UPPER LEFT LONGERON AND SPARE ASSEMBLY (AD2015-05-04 AMD 39-18114),,,,,,,"EVERY 50 HOURS WHEN PART IV (4) IS COMPLIED WITH OR
EVERY 150 HOURS WHEN PART III IS ACCOMPLISHED",09/20/2026,5554.90,,,13680.00,0,0,50.00,0,0.00,0.00,0,0,,0,0.00,0.00,,,5604.90,,,,,,,,,,,,29.90,,,,,,,,No,10+ Days,,10/15/2026,,,,,,,,,,,
N407ZM,IHC Health Services,10/04/2026,5575.00,1722,AD 2015-05-04,Airframe,5575.00,,1722,13725.00,AD,,,,AD 2015-05-04  FUSELAGE MAIN AND LONGERON/STRINGER,,,,,,,EFFECTIVE DATE: 4/20/2015,09/20/2026,5554.90,,,13680.00,,,50.00,,,,,,,,,,,,5604.90,,,,,,,,,,,,29.90,,,,,,,,No,10+ Days,,10/15/2026,,,,,,,,,,,
N407PW,IHC Health Services,10/04/2026,1441.00,0,25 HELIFAB 16 100HR,Airframe,1441.00,,0,1740.00,INSPECTION,,ICA,,100 HOUR HELIFAB ARTICULATING MEDICAL LITTER INSPECTION,REF. HF-CA-7-16,,,,,,,08/18/2026,1368.10,,,1641.00,0,0,100.00,0,0.00,0.00,0,0,,0,0.00,0.00,,,1468.10,,,,,,,,,,,,27.10,,,,,,,,No,10+ Days,,10/16/2026,,,,,,,,,,,
N407PW,IHC Health Services,10/04/2026,1441.00,0,25 HELIFAB 20 100HR/12M,Airframe,1441.00,,0,1740.00,INSPECTION,,ICA,,100 HOUR / 12 MONTH HELIFAB PATIENT OXYGEN SLED SYSTEM INSPECTION,Ref. Helifab HF-CA-7-20,,,,,,,08/18/2026,1368.10,,,1641.00,0,12,100.00,0,0.00,0.00,0,0,,0,0.00,0.00,08/18/2027,,1468.10,,,,,,,,13,,10,,27.10,,,,,,,,No,10+ Days,,10/16/2026,,,,,,,,,,,
N862YB,IHC Health Services,10/04/2026,2591.10,0,25 00-51,Airframe,2591.10,,0,6688.00,INSPECTION,,ICA,,30 DAY ARTEX ELT FUNCTIONAL CHECK,ARTEX MANUAL 570-5060 REV. AA,,,,,,"Performed 30 DAY ARTEX ELT FUNCTIONAL CHECK REF. ARTEX MANUAL 570-5060 REV. AA, PAGE 25 (E), AND PAGE 38 (Q). Function check good",09/16/2026,2584.80,,,6661.00,30,0,,0,0.00,0.00,0,,,0,0.00,0.00,10/16/2026,,,,,,,,,,11,,0,,,,,,,,,,No,10+ Days,,10/16/2026,,,,,,,,,,,
N862YB,IHC Health Services,10/04/2026,2591.10,0,26 01-01,Airframe,2591.10,,0,6688.00,INSPECTION,,INSPECT,FIRE EXT,30 DAY FIRE EXTINGUISHER INSPECTION,NFPA 10 Ch. 7.2,600W,A25948701,,,,"30 DAY FIRE EXTINGUISHER INSPECTION. Ref. NFPA 10 Chapter 7, paragraph 7.2.1.2. Checked good",09/16/2026,2584.80,,,6661.00,30,,,,,,,,,,,,10/16/2026,,,,,,,,,,11,,0,,,,,,,,,,No,10+ Days,,10/16/2026,,,,,,,,,,,
N466GH,IHC Health Services,10/04/2026,3267.50,0,35 GMM CH 5-7.6.1,Airframe,3267.50,,0,7636.00,INSPECTION,,,,MONTHLY PORTABLE OXYGEN BOTTLE EXCHANGE WITH VENDOR SERVICED UNIT,,,,,,,".
COMPLIED WITH ALL MONTHLY PORTABLE OXYGEN BOTTLE EXCHANGE WITH VENDOR SERVICED UNITS .  CW GMM CH 5-7.6.1
NO DEFECTS NOTED .",09/16/2026,3226.80,,,7583.00,0,1,,0,0.00,0.00,0,0,,0,0.00,0.00,10/16/2026,,,,,,,,,,11,,0,,,,,,,,,,No,10+ Days,,10/16/2026,,,,,,,,,,Pilot Task; PILOT GOM,
N407LF,IHC Health Services,10/05/2026,5349.30,17156,35 GMM CH 5-7.6.1,Airframe,5349.30,,17156,13084.00,INSPECTION,,,,MONTHLY PORTABLE OXYGEN BOTTLE EXCHANGE WITH VENDOR SERVICED UNIT,,,,,,,".
COMPLIED WITH ALL MONTHLY PORTABLE OXYGEN BOTTLE EXCHANGE WITH VENDOR SERVICED UNITS .  CW GMM CH 5-7.6.1
NO DEFECTS NOTED .",09/16/2026,5319.80,,,13015.00,0,1,,0,0.00,0.00,0,0,,0,0.00,0.00,10/16/2026,,,,,,,,,,11,,0,,,,,,,,,,No,10+ Days,,10/16/2026,,,,,,,,,,Pilot Task; PILOT GOM,
N7160V,IHC Health Services,10/04/2026,10771.90,0,12 TBL 2,Airframe,10771.90,,0,27183.00,INSPECTION,,RII,,(RII) 50 HOUR/3 MONTH LUBRICATION ITEMS,DMC-407-A-12-00-00-00A-040A-A Table 2,,,,,,COMPLIED WITH 50 HOUR/3 MONTH LUBRICATION ITEMS REF. BHT-407-MM CH. 12 SERVICING TABLE 2 DMC-407-A-12-00-00-00A-040A-A. SWASHPLATE BEARINGS (2 PLACES) AND PITCH CHANGE LINK BEARINGS (4 PLACES)ON EACH PC LINKS. ACCOMPLISHED USING ALTERNATE METHOD IAW 407-CH12. (NO TOOLS REQUIRED),09/01/2026,10738.80,,,27078.00,0,3,50.00,0,0.00,0.00,0,9,5.00,0,0.00,0.00,12/31/2026,,10788.80,,,,,,,,26,,2,,16.90,,,,,,,,No,10+ Days,,10/16/2026,,,,,,,,,,RII,
N466GH,IHC Health Services,10/04/2026,3267.50,0,25 AA TB RADAR ALT MNT KIT,Airframe,3267.50,,0,7636.00,INSPECTION,,ICA,,100 HOUR TAILBOOM RADAR ALTIMETER MOUNT KIT INSPECTION,Aeronautical Accessories ICA AA-TBA-16-008,,,,,,REF.  AERONAUTICAL ACCESSORIES AA-TBA-16-008,08/26/2026,3190.50,,,7529.00,,,100.00,,,,,,,,,,,,3290.50,,,,,,,,,,,,23.00,,,,,,,,No,10+ Days,,10/16/2026,,,,,,,,,,,
N466GH,IHC Health Services,10/04/2026,3267.50,0,25 AIR COMM AIR COND100HR,Airframe,3267.50,,0,7636.00,INSPECTION,,ICA,,100 HR AIR COMM AIR CONDITIONER INSPECTION,407-EC-200M-2 REV. 14,,,,,,"REF: 407EC-200M-2 *** USE CHAPTER 3  ITEM 1-""INSPECTION REQUIREMENTS"" AND CHAPTER 3 ITEM 3- ""INSPECTION PROCEDURES"" TO COMPLETE INSPECTIONS***",08/26/2026,3190.50,,,,0,0,100.00,0,0.00,0.00,0,0,,0,0.00,0.00,,,3290.50,,,,,,,,,,,,23.00,,,,,,,,No,10+ Days,,10/16/2026,,,,,,,,,,,
N466GH,IHC Health Services,10/04/2026,3267.50,0,25 HELIFAB 20 100HR/12M,Airframe,3267.50,,0,7636.00,INSPECTION,,ICA,,100 HOUR / 12 MONTH HELIFAB MEDICAL EQUIPMENT SLED INSPECTION,Helifab HF-CA-7-20,,,,,,REF: Helifab HF-CA-7-20,08/26/2026,3190.50,,,7529.00,0,12,100.00,0,0.00,0.00,0,0,,0,0.00,0.00,08/26/2027,,3290.50,,,,,,,,21,,10,,23.00,,,,,,,,No,10+ Days,,10/16/2026,,,,,,,,,,,
N466GH,IHC Health Services,10/04/2026,3267.50,0,25 HELIFAB 20 100HR/12MO,Airframe,3267.50,,0,7636.00,INSPECTION,,ICA,,100 HR / 12 MO HELIFAB PATIENT OXYGEN SYSTEM,HELIFAB ICA HF-CA-7-20,,,,,,REF HELIFAB ICA HF-CA-7-11,08/26/2026,3190.50,,,7529.00,0,12,100.00,0,0.00,0.00,0,0,,0,0.00,0.00,08/26/2027,,3290.50,,,,,,,,21,,10,,23.00,,,,,,,,No,10+ Days,,10/16/2026,,,,,,,,,,,
N466GH,IHC Health Services,10/04/2026,3267.50,0,25 HELIFAB 206 100HR,Airframe,3267.50,,0,7636.00,INSPECTION,,ICA,,100 HR HELIFAB STORAGE BIN INSPECTION,HF-206-ICA-2500-0002,,,,,,REF HF-206-ICA-2500-0002,08/26/2026,3190.50,,,7529.00,0,0,100.00,0,0.00,0.00,0,0,,0,0.00,0.00,,,3290.50,,,,,,,,,,,,23.00,,,,,,,,No,10+ Days,,10/16/2026,,,,,,,,,,,
N466GH,IHC Health Services,10/04/2026,3267.50,0,34 GARMIN GRA55 RADAR100HR/12MO,Airframe,3267.50,,0,7636.00,INSPECTION,,ICA,,100 HR/12 MO. GARMIN GRA 55 RADAR  ALT MNT&ANTENNA VISUAL INSPECTION,190-01277-A3,,,,,,190-01007-A3,08/26/2026,3190.50,,,7529.00,0,12,100.00,0,0.00,0.00,0,0,,0,0.00,0.00,08/26/2027,,3290.50,,,,,,,,21,,10,,23.00,,,,,,,,No,10+ Days,,10/16/2026,,,,,,,,,,,
N407CH,IHC Health Services,10/04/2026,17743.70,1,12 TBL 2,Airframe,17743.70,,1,43738.00,INSPECTION,,RII,,(RII) 50 HOUR/3 MONTH LUBRICATION ITEMS,DMC-407-A-12-00-00-00A-040A-A Table 2,,,,,,ACCOMPLISHED THE 50 HOUR/3 MONTH LUBRICATION ITEMS IAW REF. BHT-407-MM CH. 12 SERVICING TABLE 2 DMC-407-A-12-00-00-00A-040A-A,09/17/2026,17702.40,,,43674.00,0,3,50.00,0,0.00,0.00,0,9,5.00,0,0.00,0.00,12/17/2026,,17752.40,,,,,,,,12,,2,,8.70,,,,,,,,No,10+ Days,,10/16/2026,,,,,,,,,,RII,
N407CH,IHC Health Services,10/04/2026,17743.70,1,53 04-050,Airframe,17743.70,,1,43738.00,INSPECTION,,AIRWORTHINESS,,50 HOUR TAILBOOM ASSEMBLY INSPECTION,DMC-407-A-04-00-00-00A-288A-A note 10,,,,,,"(After 8600 Accumulated hours) Ref. Airworthiness Limitation Schedule DMC-407-A-04-00-00-00A-288A-A note 10

ACCOMPLISHED 50 HOUR TAILBOOM ASSEMBLY INSPECTION IAW DMC-407-A-04-00-00-00A-288A-A note 10. NO DEFECTS FOUND.",09/17/2026,17702.40,,,43674.00,0,0,50.00,0,0.00,0.00,0,0,,0,0.00,0.00,,,17752.40,,,,,,,,,,,,8.70,,,,,,,,No,10+ Days,,10/16/2026,,,,,,,,,,,
N407TH,IHC Health Services,10/03/2026,8845.50,2,25 HSI COPILOT SHOULDER HARNESS,Airframe,8845.50,,2,20680.00,INSPECTION,,ICA,,100 HOUR HELICOPTER SPECIALTIES (HSI) COPILOT SHOULDER HARNESS INSPECTION,HSI Document 13104-0501-00,,,,,,Ref. HSI Document 13104-0501-00.,08/18/2026,8763.30,,,20493.00,,,100.00,,,,,,,,,,,,8863.30,,,,,,,,,,,,17.80,,,,,,,,No,10+ Days,,10/17/2026,,,,,,,,,,,
N407TK,IHC Health Services,10/04/2026,5381.40,0,25 00-51,Airframe,5381.40,,0,15301.00,INSPECTION,,ICA,,30 DAY ARTEX ELT FUNCTIONAL CHECK,ARTEX MANUAL 570-5060 REV. AA,,,,,,"COMPLIED WITH THE 30 DAY ARTEX ELT FUNCTIONAL CHECK with a satisfactory result IAW REF. ARTEX MANUAL (ARTEX ELT C406-N / ARTEX ELT C406-N HM
Emergency Locator Transmitter (121.5 MHz.) PAGE 25 (E), AND PAGE 38 (Q).(NO TOOLS REQUIRED)",09/17/2026,5366.20,,,15269.00,30,0,,0,0.00,0.00,0,0,,0,0.00,0.00,10/17/2026,,,,,,,,,,12,,0,,,,,,,,,,No,10+ Days,,10/17/2026,,,,,,,,,,,
N407FM,IHC Health Services,10/04/2026,2702.50,0,25 00-51,Airframe,2702.50,,0,6837.00,INSPECTION,,ICA,,30 DAY ARTEX ELT FUNCTIONAL CHECK,ARTEX MANUAL 570-5060 REV. AA,,,,,,"COMPLIED WITH 30 DAY ARTEX ELT FUNCTIONAL CHECK REF. ARTEX MANUAL 570-5060 REV. AA, PAGE 25 (E), AND PAGE 38 (Q).",09/17/2026,2680.20,,,6780.00,30,0,,0,0.00,0.00,0,0,,0,0.00,0.00,10/17/2026,,,,,,,,,,12,,0,,,,,,,,,,No,10+ Days,,10/17/2026,,,,,,,,,,,
N407TK,IHC Health Services,10/04/2026,5381.40,0,26 01-01,Airframe,5381.40,,0,15301.00,INSPECTION,,INSPECT,FIRE EXT,30 DAY FIRE EXTINGUISHER INSPECTION,NFPA 10 Ch. 7.2,A344,H-13324860,,,0.50,Complied with the 30 DAY FIRE EXTINGUISHER INSPECTION. No defects noted. ALL WORK DONE IAW Ref NFPA 10 Ch. 7.2(NO TOOLS REQUIRED),09/17/2026,5366.20,,,15269.00,30,,,,,,,,,,,,10/17/2026,,,,,,,,,,12,,0,,,,,,,,,,No,10+ Days,,10/17/2026,,,,,,,,,,,
N407FM,IHC Health Services,10/04/2026,2702.50,0,26 01-01,Airframe,2702.50,,0,6837.00,INSPECTION,,INSPECT,,30 DAY FIRE EXTINGUISHER INSPECTION,NFPA 10 Ch. 7.2,,,,,,Complied with 30 DAY FIRE EXTINGUISHER INSPECTION Ref. NFPA 10 Ch. 7.2.,09/17/2026,2680.20,,,6780.00,30,,,,,,,,,,,,10/17/2026,,,,,,,,,,12,,0,,,,,,,,,,No,10+ Days,,10/17/2026,,,,,,,,,,Pilot Task; PILOT GOM,
N39KM,IHC Health Services,10/03/2026,3577.00,0,25 FLIGHTCELL DZMX,Airframe,3577.00,,0,8191.00,INSPECTION,,ICA,,100 HOUR/ 12 MONTH FLIGHTCELL DZMX INSPECTION,ARROW AVIATION  ICA AA-407-DZMX,,,,,,,08/17/2026,3495.20,,,8000.00,0,12,100.00,0,0.00,0.00,0,0,,0,0.00,0.00,08/17/2027,,3595.20,,,,,,,,12,,10,,18.20,,,,,,,,No,10+ Days,,10/17/2026,,,,,,,,,,,
N39KM,IHC Health Services,10/03/2026,3577.00,0,25 HELIFAB 16 100HR,Airframe,3577.00,,0,8191.00,INSPECTION,,ICA,,100 HOUR HELIFAB ARTICULATING MEDICAL LITTER INSPECTION,HELIFAB HF-CA-7-16,,,,,,Inspection not required,08/17/2026,3495.20,,,8000.00,,,100.00,,,,,,,,,,,,3595.20,,,,,,,,,,,,18.20,,,,,,,,No,10+ Days,,10/17/2026,,,,,,,,,,,
N407ZM,IHC Health Services,10/04/2026,5575.00,1722,25 AA TB RADAR ALT MNT KIT,Airframe,5575.00,,1722,13725.00,INSPECTION,,ICA,,100 HOUR TAILBOOM RADAR ALTIMETER MOUNT KIT INSPECTION,Aeronautical Accessories ICA AA-TBA-16-008 REV. B,,,,,,Aeronautical Accessories ICA AA-TBA-16-008 REV. B,08/28/2026,5509.40,,,13585.00,,,100.00,,,,,,,,,,,,5609.40,,,,,,,,,,,,34.40,,,,,,,,No,10+ Days,,10/17/2026,,,,,,,,,,,
N407ZM,IHC Health Services,10/04/2026,5575.00,1722,25 ASU SUPPLEMENTAL LIGHTING  100HR,Airframe,5575.00,,1722,13725.00,INSPECTION,,ICA,,100 HOUR ASU SUPPLEMENTAL LIGHTING SYSTEM INSPECTION,ASU ICA-206004-4 REV. D,,,,,,"ASU ICA-206004-4 REV. D
c/w on HSU log page 09908",08/28/2026,5509.40,,,13585.00,,,100.00,,,,,,,,,,,,5609.40,,,,,,,,,,,,34.40,,,,,,,,No,10+ Days,,10/17/2026,,,,,,,,,,,
N407ZM,IHC Health Services,10/04/2026,5575.00,1722,25 HSI COPILOT SHOULDER HARNESS 100HR,Airframe,5575.00,,1722,13725.00,INSPECTION,,ICA,,100 HOUR HELICOPTER SPECIALTIES (HSI) COPILOT SHOULDER HARNESS INSPECTION,HSI Document 13104-0501-00,,,,,,Ref. HSI Document 13104-0501-00.,08/28/2026,5509.40,,,13585.00,,,100.00,,,,,,,,,,,,5609.40,,,,,,,,,,,,34.40,,,,,,,,No,10+ Days,,10/17/2026,,,,,,,,,,,
N407ZM,IHC Health Services,10/04/2026,5575.00,1722,25 HSI EQUIP SHELF & MOUNT 100HR,Airframe,5575.00,,1722,13725.00,INSPECTION,,ICA,,100 HOUR HELICOPTER SPECIALTIES (HSI) MED EQUIP SHELF & MOUNT INSPECTION,HSI Document 13105-0501-00 REV.A,,,,,,Ref. HSI Document 13105-0501-00 REV. A,08/28/2026,5509.40,,,13585.00,,,100.00,,,,,,,,,,,,5609.40,,,,,,,,,,,,34.40,,,,,,,,No,10+ Days,,10/17/2026,,,,,,,,,,,
N407ZM,IHC Health Services,10/04/2026,5575.00,1722,25 HSI MED OXY SYS 100 HR,Airframe,5575.00,,1722,13725.00,INSPECTION,,ICA,,100 HOUR HELICOPTER SPECIALTIES (HSI) MEDICAL OXYGEN SYSTEM INSPECTION,HSI ICA DOC # 13102-0501-00,,,,,,REF. HSI ICA DOC # 13102-0501-00,08/28/2026,5509.40,,,13585.00,,,100.00,,,,,,,,,,,,5609.40,,,,,,,,,,,,34.40,,,,,,,,No,10+ Days,,10/17/2026,,,,,,,,,,,
N407ZM,IHC Health Services,10/04/2026,5575.00,1722,25 HSI MED VACUUM PUMP 100HR,Airframe,5575.00,,1722,13725.00,INSPECTION,,ICA,,100 HOUR HELICOPTER SPECIALTIES (HSI) MED VACUUM PUMP INSPECTION,HSI Document 107CDC20/24-0501-00,,,,,,Ref. HSI Document 107CDC20/24-0501-00,08/28/2026,5509.40,,,13585.00,,,100.00,,,,,,,,,,,,5609.40,,,,,,,,,,,,34.40,,,,,,,,No,10+ Days,,10/17/2026,,,,,,,,,,,
N407ZM,IHC Health Services,10/04/2026,5575.00,1722,25 HSI MED WALL 100HR,Airframe,5575.00,,1722,13725.00,INSPECTION,,ICA,,100 HOUR HELICOPTER SPECIALTIES (HSI) MED WALL INSPECTION,HSI Document 13103-0501-00,,,,,,Ref. HSI Document 13103-0501-00.,08/28/2026,5509.40,,,13585.00,,,100.00,,,,,,,,,,,,5609.40,,,,,,,,,,,,34.40,,,,,,,,No,10+ Days,,10/17/2026,,,,,,,,,,,
N407ZM,IHC Health Services,10/04/2026,5575.00,1722,25 OPS21.13.1,Airframe,5575.00,,1722,13725.00,INSPECTION,,ICA,,100 HOUR EMS EQUIPMENT INSPECTION,REF. CLASSIC OPS MANUAL SECTION 21.13.1,,,,,,INSPECTION LOCATION HAS BEEN UPDATED. SEE ATTACHMENTS.,08/28/2026,5509.40,,,13585.00,,,100.00,,,,,,,,,,,,5609.40,,,,,,,,,,,,34.40,,,,,,,,No,10+ Days,,10/17/2026,,,,,,,,,,,
N407CP,IHC Health Services,10/04/2026,10206.30,1,12 TBL 2,Airframe,10206.30,,1,22355.00,INSPECTION,,RII,,(RII) 50 HOUR/3 MONTH LUBRICATION ITEMS,DMC-407-A-12-00-00-00A-040A-A Table 2,,,,,,"Complied with 50 HOUR/3 MONTH LUBRICATION ITEMS REF. BHT-407-MM CH. 12 SERVICING TABLE 2 DMC-407-A-12-00-00-00A-040A-A. Using alternate method, no disassembly required, RII not required. (TOOLS ATAF)",09/05/2026,10175.00,,,22276.00,,3,50.00,,,,0,9,5.00,,,,12/05/2026,,10225.00,,,,,,,,0,,2,,18.70,,,,,,,,No,10+ Days,,10/17/2026,,,,,,,,,,RII,
N407RU,IHC Health Services,09/23/2026,2043.40,0,72 INSP 50 PWR CK,Airframe,2043.40,,0,3639.00,INSPECTION,,,,50 HOUR POWER CHECK (PILOT REQUIREMENT),,,,,,,,09/03/2026,2012.30,,,3593.00,,,50.00,,,,,,5.00,,,,,,2062.30,,,,,,,,,,,,18.90,,,,,,,,No,10+ Days,,10/17/2026,,,,,,,,,,Pilot Task; PILOT GOM,
N407PW,IHC Health Services,10/04/2026,1441.00,0,72 INSP 50 PWR CK,Airframe,1441.00,,0,1740.00,INSPECTION,,,,50 HOUR POWER CHECK (PILOT REQUIREMENT),,,,,,,,09/19/2026,1423.90,,,,,,50.00,,,,,,5.00,,,,,,1473.90,,,,,,,,,,,,32.90,,,,,,,,No,10+ Days,,10/18/2026,,,,,,,,,,Pilot Task; PILOT GOM,
N7160V,IHC Health Services,10/04/2026,10771.90,0,AD 2026-14-07 AMD 39-23408,Airframe,10771.90,,0,27183.00,AD,,,,[RECURRING] THIS AD WAS PROMPTED BY A REPORT OF A FRACTURED PILOT CYCLIC STICK TUBE AND SUBSEQUENT FINDINGS OF OTHER PILOT CYCLIC STICK TUBES WITH FATIGUE CRACKING. THE FAA IS ISSUING THIS AD TO DETECT AND CORRECT A CRACK IN THE PILOT CYCLIC STICK ...,,,,,,,"INITIAL DUE DATE AND TIME WILL BE DUE IN 100 HOURS OR NOVEMBER 19,2026 (90 DAYS AFTER AUGUST 21, 2026) - THEN RECURRING EVERY 300 HOURS OR 6 MONTHS THEREAFTER",,,,,,,,,,,,,,,,,,11/19/2026,,10791.80,,,,,,,,14,,1,,19.90,,,,,,,,No,10+ Days,,10/18/2026,,,,,,,,,,,
N407MZ,IHC Health Services,10/05/2026,2805.50,0,25 AA TB RADAR ALT MNT KIT,Airframe,2805.50,,0,7326.00,INSPECTION,,ICA,,100 HOUR TAILBOOM RADAR ALTIMETER MOUNT KIT INSPECTION,Aeronautical Accessories ICA AA-TBA-16-008,,,,,,Complied with 100 HOUR TAILBOOM RADAR ALTIMETER MOUNT KIT INSPECTION Aeronautical Accessories ICA AA-TBA-16-008 REV. B,09/11/2026,2755.50,,,7197.00,,,100.00,,,,,,,,,,,,2855.50,,,,,,,,,,,,50.00,,,,,,,,No,10+ Days,,10/18/2026,,,,,,,,,,,
N407MZ,IHC Health Services,10/05/2026,2805.50,0,25 AFS IBF 100HR,Airframe,2805.50,,0,7326.00,INSPECTION,,ICA,,100 HOUR DONALDSON IBF VISUAL INSPECTION,AFS-BH407-IBF-KIT-ICA,,,,,,Complied with 100 HR. IBF VISUAL INSPECTION IAW REF. AFS-BH407-IBF-KIT-ICA.,09/11/2026,2755.50,,,7197.00,,,100.00,,,,,,,,,,,,2855.50,,,,,,,,,,,,50.00,,,,,,,,No,10+ Days,,10/18/2026,,,,,,,,,,,
N407MZ,IHC Health Services,10/05/2026,2805.50,0,25 AFS IVF 100HR,Airframe,2805.50,,0,7326.00,INSPECTION,,ICA,,100 HOUR DONALDSON IVF INSPECTION,AFS-BH407-IBF-KIT-ICA,,,,,,"Complied with 100 HOUR IVF INSPECTION IAW Ref. Donaldson Filtration Solutions ICA AFS-BH407-IBF-KIT-ICA, Table 1.",09/11/2026,2755.50,,,7197.00,,,100.00,,,,,,,,,,,,2855.50,,,,,,,,,,,,50.00,,,,,,,,No,10+ Days,,10/18/2026,,,,,,,,,,,
N407MZ,IHC Health Services,10/05/2026,2805.50,0,25 HELIFAB 16 100HR,Airframe,2805.50,,0,7326.00,INSPECTION,,ICA,,100 HOUR HELIFAB ARTICULATING MEDICAL LITTER INSPECTION,HELIFAB HF-CA-7-16,,,,,,"Complied with the100 HOUR HELIFAB MEDICAL LITTER INSPECTION, IAW ref. Helifab ICA HF-CA-7-16.",09/11/2026,2755.50,,,7197.00,0,0,100.00,0,0.00,0.00,0,0,,0,0.00,0.00,,,2855.50,,,,,,,,,,,,50.00,,,,,,,,No,10+ Days,,10/18/2026,,,,,,,,,,,
N407MZ,IHC Health Services,10/05/2026,2805.50,0,25 HELIFAB 20 100HR/12M,Airframe,2805.50,,0,7326.00,INSPECTION,,ICA,,100 HOUR / 12 MONTH HELIFAB PATIENT OXYGEN SLED SYSTEM INSPECTION,Ref. HF-CA-7-20,,,,,,Complied with 100 HOUR / 12 MONTH HELIFAB MEDICAL EQUIPMENT SLED INSPECTION IAW Ref. Heli fab ICA HF-CA-7-20.,09/11/2026,2755.50,,,7197.00,0,12,100.00,0,0.00,0.00,0,0,,0,0.00,0.00,09/11/2027,,2855.50,,,,,,,,6,,11,,50.00,,,,,,,,No,10+ Days,,10/18/2026,,,,,,,,,,,
N407MZ,IHC Health Services,10/05/2026,2805.50,0,25 HELIFAB 206 100HR,Airframe,2805.50,,0,7326.00,INSPECTION,,ICA,,100 HOUR HELIFAB STORAGE BIN INSPECTION,HELIFAB HF-206-ICA-2500-0002,,,,,,"Complied with the 100 HOUR HELIFAB STORAGE BIN INSPECTION, IAW Ref. Helifab ICA HF-206-ICA-2500-0002.",09/11/2026,2755.50,,,7197.00,0,0,100.00,0,0.00,0.00,0,0,,0,0.00,0.00,,,2855.50,,,,,,,,,,,,50.00,,,,,,,,No,10+ Days,,10/18/2026,,,,,,,,,,,
N407MZ,IHC Health Services,10/05/2026,2805.50,0,25 HELIFAB BTL MNT 100HR,Airframe,2805.50,,0,7326.00,INSPECTION,,ICA,,100 HOUR HELIFAB PORTABLE OXYGEN BOTTLE MOUNT INSPECTION,HF-206-ICA-OXYGEN BOTTLE MOUNT-1,,,,,,"Complied with the 100 HOUR HELIFAB OXYGEN BOTTLE MOUNT INSPECTION, ref. IAW Helifab ICA HF-206-ICA-OXYGEN BOTTLE MOUNT-1.",09/11/2026,2755.50,,,7197.00,0,0,100.00,0,0.00,0.00,0,0,,0,0.00,0.00,,,2855.50,,,,,,,,,,,,50.00,,,,,,,,No,10+ Days,,10/18/2026,,,,,,,,,,,
N407MZ,IHC Health Services,10/05/2026,2805.50,0,62 04-10,Airframe,2805.50,,0,7326.00,INSPECTION,Overhaul,AIRWORTHINESS,MR HUB,100 HOUR MAIN ROTOR YOKE ASSEMBLY AIRWORTHINESS LIMITATIONS  INSPECTION,"BHT-407-MPI, Ch. 4 Airworthiness Limitations",,,,,,"Accomplished 100 HOUR MAIN ROTOR YOKE ASSEMBLY AIRWORTHINESS LIMITATIONS  INSPECTION REF. BHT-407-MPI, CH. 4 AIRWORTHINESS LIMITATIONS SCHEDULE TABLE 2 DMC-407-A-04-00-00-00A-288A-A",09/11/2026,2755.50,,,7197.00,,,100.00,,,,,,,,,,,,2855.50,,,,,,,,,,,,50.00,,,,,,,,No,10+ Days,,10/18/2026,,,,,,,,,,,
N407PW,IHC Health Services,10/04/2026,1441.00,0,25 AA TB RADAR ALT MNT KIT,Airframe,1441.00,,0,1740.00,INSPECTION,,ICA,,100 HOUR TAILBOOM RADAR ALTIMETER MOUNT KIT INSPECTION,Aeronautical Accessories ICA AA-TBA-16-008,,,,,,Aeronautical Accessories ICA AA-TBA-16-008 REV. B,08/27/2026,1374.50,,,1647.00,,,100.00,,,,,,,,,,,,1474.50,,,,,,,,,,,,33.50,,,,,,,,No,10+ Days,,10/18/2026,,,,,,,,,,,
N407PW,IHC Health Services,10/04/2026,1441.00,0,25 AFS IBF 100HR,Airframe,1441.00,,0,1740.00,INSPECTION,,ICA,,100 HOUR DONALDSON IBF VISUAL INSPECTION,AFS-BH407-IBF-KIT-ICA,,,,,,,08/27/2026,1374.50,,,1647.00,,,100.00,,,,,,,,,,,,1474.50,,,,,,,,,,,,33.50,,,,,,,,No,10+ Days,,10/18/2026,,,,,,,,,,,
N407PW,IHC Health Services,10/04/2026,1441.00,0,25 AFS IVF 100HR,Airframe,1441.00,,0,1740.00,INSPECTION,,ICA,,100 HOUR DONALDSON IVF INSPECTION,AFS-BH407-IBF-KIT-ICA,,,,,,"Ref. Donaldson Filtration Solutions ICA AFS-BH407-IBF-KIT-ICA, Table 1.",08/27/2026,1374.50,,,1647.00,,,100.00,,,,,,,,,,,,1474.50,,,,,,,,,,,,33.50,,,,,,,,No,10+ Days,,10/18/2026,,,,,,,,,,,
N407LP,IHC Health Services,10/01/2026,4415.70,0,72 72/300,Engine 1,4216.70,8153.00,,,INSPECTION,,INSPECT,CAE-848668,300 HOUR/12 MONTH ENGINE INSPECTION,M250-C47B OMM 72-00-00-200-801 Table 6.,,,HSU 6934,"Thursday, October 1, 2026",,"**USE TABLE 6 ONLY DUE TO SERVICE WITH MOBIL 254 OIL (3RD GENERATION OIL)** In addition to the 150 hour inspection items, perform the following: **SEE SUB ITEMS**",03/18/2026,3937.10,,7542.00,,,12,300.00,,,,,,,,,,03/31/2027,,4237.10,,,,,,,,26,,5,,20.40,,,,,,,,No,10+ Days,,10/18/2026,,,,,,,,,,,
N862YB,IHC Health Services,10/04/2026,2591.10,0,05 40-00-14A,Airframe,2591.10,,0,6688.00,INSPECTION,,INSPECT,,1200 HOUR/24 MONTH AIRFRAME INSPECTION,DMC-407-A-05-40-00-14A-281A-A,,,,,,"REF. BHT-407-MPI, CH. 5 DMC-407-A-05-40-00-14A-281A-A",04/18/2025,1432.10,,,3842.00,,24,1200.00,,,,,73,120.00,,,,04/18/2027,,2632.10,,,,,,,,13,,6,,41.00,,,,,,,,No,10+ Days,,10/18/2026,,,,,,,,,,Monthly Planning,
N407FC,IHC Health Services,10/05/2026,14985.10,0,12 TBL 2,Airframe,14985.10,,0,33090.00,INSPECTION,,RII,,(RII) 150 HOUR TAIL ROTOR DRIVE SHAFT SPLINE ADAPTER LUBRICATION,DMC-407-A-12-00-00-00A-040A-A Table 2,,,,,,"RII - TAIL ROTOR DRIVE SHAFT SPLINE ADAPTER LUBE (2 ADAPTERS) INSURE THAT WASHER STACK UP IS CORRECT, GAPS IN DISC PACKS ARE IN ALLOWABLE LIMITS AND TORQUE STRIPE IS ON ALL NUTS AFTER TORQUE IS COMPLETED.",07/22/2026,14862.50,,,32839.00,,,150.00,,,,,,15.00,,,,,,15012.50,,,,,,,,,,,,27.40,,,,,,,,No,10+ Days,,10/18/2026,,,,,,,,,,RII,
N407CZ,IHC Health Services,10/04/2026,2432.60,0,35 GMM CH 5-7.6.1,Airframe,2432.60,,0,5400.00,INSPECTION,,,,MONTHLY PORTABLE OXYGEN BOTTLE EXCHANGE WITH VENDOR SERVICED UNIT,,,,,,,"COMPLIED WITH ALL MONTHLY PORTABLE OXYGEN BOTTLE EXCHANGE WITH VENDOR SERVICED UNITS .  CW GMM CH 5-7.6.1
NO DEFECTS NOTED .",09/19/2026,2427.80,,,5386.00,0,1,,0,0.00,0.00,0,0,,0,0.00,0.00,10/19/2026,,,,,,,,,,14,,0,,,,,,,,,,No,10+ Days,,10/19/2026,,,,,,,,,,Pilot Task; PILOT GOM,
N7160V,IHC Health Services,10/04/2026,10771.90,0,12 TBL 2,Airframe,10771.90,,0,27183.00,INSPECTION,,RII,,(RII) 150 HOUR TAIL ROTOR DRIVE SHAFT SPLINE ADAPTER LUBRICATION,DMC-407-A-12-00-00-00A-040A-A Table 2,,,,,,,06/10/2026,10643.40,,,26911.00,,,150.00,,,,,,15.00,,,,,,10793.40,,,,,,,,,,,,21.50,,,,,,,,No,10+ Days,,10/19/2026,,,,,,,,,,RII,
N469JX,IHC Health Services,09/30/2026,3681.00,0,25 AA TB RADAR ALT MNT KIT,Airframe,3681.00,,0,9318.00,INSPECTION,,ICA,,100 HOUR TAILBOOM RADAR ALTIMETER MOUNT KIT INSPECTION,Aeronautical Accessories ICA AA-TBA-16-008,,,,,,REF. AA-TBA-16-008,09/10/2026,3631.60,,,9237.00,,,100.00,,,,,,,,,,,,3731.60,,,,,,,,,,,,50.60,,,,,,,,No,10+ Days,,10/19/2026,,,,,,,,,,,
N469JX,IHC Health Services,09/30/2026,3681.00,0,25 AFS IBF 100HR,Airframe,3681.00,,0,9318.00,INSPECTION,,ICA,,100 HOUR DONALDSON IBF VISUAL INSPECTION,AFS-BH407-IBF-KIT-ICA,,,,,,,09/10/2026,3631.60,,,9237.00,,,100.00,,,,,,,,,,,,3731.60,,,,,,,,,,,,50.60,,,,,,,,No,10+ Days,,10/19/2026,,,,,,,,,,,
N469JX,IHC Health Services,09/30/2026,3681.00,0,25 AFS IVF 100HR,Airframe,3681.00,,0,9318.00,INSPECTION,,ICA,,100 HOUR DONALDSON IVF INSPECTION,AFS-BH407-IBF-KIT-ICA,,,,,,"Ref. Donaldson Filtration Solutions ICA AFS-BH407-IBF-KIT-ICA, Table 1",09/10/2026,3631.60,,,9237.00,,,100.00,,,,,,,,,,,,3731.60,,,,,,,,,,,,50.60,,,,,,,,No,10+ Days,,10/19/2026,,,,,,,,,,,
N469JX,IHC Health Services,09/30/2026,3681.00,0,25 AIR COMM AIR COND100HR,Airframe,3681.00,,0,9318.00,INSPECTION,,ICA,,100 HR AIR COMM AIR CONDITIONER INSPECTION,407-EC-200M-2 REV. 14,,,,,,"REF: 407EC-200M-2 *** USE CHAPTER 3  ITEM 1-""INSPECTION REQUIREMENTS"" AND CHAPTER 3 ITEM 3- ""INSPECTION PROCEDURES"" TO COMPLETE INSPECTIONS***",09/10/2026,3631.60,,,9237.00,0,0,100.00,0,0.00,0.00,0,0,,0,0.00,0.00,,,3731.60,,,,,,,,,,,,50.60,,,,,,,,No,10+ Days,,10/19/2026,,,,,,,,,,,
N469JX,IHC Health Services,09/30/2026,3681.00,0,25 HELIFAB 16 100 HR,Airframe,3681.00,,0,9318.00,INSPECTION,,ICA,,100 HOUR HELIFAB ARTICULATING MEDICAL LITTER INSPECTION,HF-CA-7-16,,,,,,REF.HF-CA-7-16,09/10/2026,3631.60,,,9237.00,0,0,100.00,0,0.00,0.00,0,0,,0,0.00,0.00,,,3731.60,,,,,,,,,,,,50.60,,,,,,,,No,10+ Days,,10/19/2026,,,,,,,,,,,
N469JX,IHC Health Services,09/30/2026,3681.00,0,25 HELIFAB 20 100HR/12M,Airframe,3681.00,,0,9318.00,INSPECTION,,ICA,,100 HOUR / 12 MONTH HELIFAB PATIENT OXYGEN SLED SYSTEM INSPECTION,HELIFAB HF-CA-7-20,,,,,,Ref. Helifab ICA  HF-CA-7-20,09/10/2026,3631.60,,,9237.00,0,12,100.00,0,0.00,0.00,0,0,,0,0.00,0.00,09/10/2027,,3731.60,,,,,,,,5,,11,,50.60,,,,,,,,No,10+ Days,,10/19/2026,,,,,,,,,,,
N469JX,IHC Health Services,09/30/2026,3681.00,0,25 HELIFAB 206 100,Airframe,3681.00,,0,9318.00,INSPECTION,,ICA,,100 HR HELIFAB STORAGE BIN INSPECTION,HF-206-ICA-2500-0002,,,,,,REF. HF-206-ICA-2500-0002,09/10/2026,3631.60,,,9237.00,0,0,100.00,0,0.00,0.00,0,0,,0,0.00,0.00,,,3731.60,,,,,,,,,,,,50.60,,,,,,,,No,10+ Days,,10/19/2026,,,,,,,,,,,
N469JX,IHC Health Services,09/30/2026,3681.00,0,25 HELIFAB BTL MNT 100HR,Airframe,3681.00,,0,9318.00,INSPECTION,,ICA,,100 HOUR HELIFAB PORTABLE OXYGEN BOTTLE MOUNT INSPECTION,HF-206-ICA-OXYGEN BOTTLE MOUNT-1,,,,,,,09/10/2026,3631.60,,,9237.00,0,0,100.00,0,0.00,0.00,0,0,,0,0.00,0.00,,,3731.60,,,,,,,,,,,,50.60,,,,,,,,No,10+ Days,,10/19/2026,,,,,,,,,,,
N469JX,IHC Health Services,09/30/2026,3681.00,0,25 TDFM-9000,Airframe,3681.00,,0,9318.00,INSPECTION,,ICA,,100 HOUR TDFM -9000 ANTENNA AND TRANSCEIVER INSPECTION,ARROW AVIATION AA-407-TDFM-9000 REV. IR,,,,,,,09/10/2026,3631.60,,,9237.00,0,0,100.00,0,0.00,0.00,0,0,,0,0.00,0.00,,,3731.60,,,,,,,,,,,,50.60,,,,,,,,No,10+ Days,,10/19/2026,,,,,,,,,,,
N469JX,IHC Health Services,09/30/2026,3681.00,0,34 GARMIN GRA55 RAD ALT,Airframe,3681.00,,0,9318.00,INSPECTION,,ICA,,100 HOUR /12 MONTH GARMIN GRA 55 RADAR ALT VISUAL INSPECTION,337 dated 01.12.2021,,,,,,,09/10/2026,3631.60,,,9237.00,0,12,100.00,0,0.00,0.00,0,0,,0,0.00,0.00,09/30/2027,,3731.60,,,,,,,,25,,11,,50.60,,,,,,,,No,10+ Days,,10/19/2026,,,,,,,,,,,
N469JX,IHC Health Services,09/30/2026,3681.00,0,62 04-10,Airframe,3681.00,,0,9318.00,INSPECTION,Overhaul,AIRWORTHINESS,MR HUB,100 HOUR MAIN ROTOR YOKE ASSEMBLY AIRWORTHINESS LIMITATIONS  INSPECTION,"BHT-407-MPI, Ch. 4 Airworthiness Limitations",,,,,,"REF. BHT-407-MPI, CH. 4 AIRWORTHINESS LIMITATIONS SCHEDULE TABLE 2 DMC-407-A-04-00-00-00A-288A-A",09/10/2026,3631.60,,,9237.00,,,100.00,,,,,,,,,,,,3731.60,,,,,,,,,,,,50.60,,,,,,,,No,10+ Days,,10/19/2026,,,,,,,,,,,
N862YB,IHC Health Services,10/04/2026,2591.10,0,12 TBL 2,Airframe,2591.10,,0,6688.00,INSPECTION,,RII,,(RII) 50 HOUR/3 MONTH LUBRICATION ITEMS,DMC-407-A-12-00-00-00A-040A-A Table 2,,,,,,COMPLIED WITH THE 50 HOUR/3 MONTH LUBRICATION ITEMS IRT BHT-407-MM CH. 12 SERVICING TABLE 2 DMC-407-A-12-00-00-00A-040A-A. Used alternate method no disassembly required,09/17/2026,2584.80,,,6661.00,,3,50.00,0,0.00,0.00,0,9,5.00,0,0.00,0.00,12/17/2026,,2634.80,,,,,,,,12,,2,,43.70,,,,,,,,No,10+ Days,,10/19/2026,,,,,,,,,,RII,
N862YB,IHC Health Services,10/04/2026,2591.10,0,25 AIR COMM AIR COND 50HR,Airframe,2591.10,,0,6688.00,INSPECTION,,ICA,,50 HOUR AIR COMM AIR CONDITIONER INSPECTION,407-EC-200M-2 REV. 14,,,,,,COMPLIED WITHE THE 50 HOUR AIR COMM INSPECTION IAW ICA REF. Ch 3 of the 407-EC-200M-2 No defects noted,09/16/2026,2584.80,,,6661.00,0,0,50.00,0,0.00,0.00,0,0,,0,0.00,0.00,,,2634.80,,,,,,,,,,,,43.70,,,,,,,,No,10+ Days,,10/19/2026,,,,,,,,,,,
N7160V,IHC Health Services,10/04/2026,10771.90,0,25 AA TB RADAR ALT MNT KIT,Airframe,10771.90,,0,27183.00,INSPECTION,,ICA,,100 HOUR TAILBOOM RADAR ALTIMETER MOUNT KIT INSPECTION,Aeronautical Accessories ICA AA-TBA-16-008 REV. B,,,,,,100 HOUR TAILBOOM RADAR ALTIMETER MOUNT KIT INSPECTION,07/25/2026,10693.80,,,27000.00,0,0,100.00,0,0.00,0.00,0,0,,0,0.00,0.00,,,10793.80,,,,,,,,,,,,21.90,,,,,,,,No,10+ Days,,10/19/2026,,,,,,,,,,,
N7160V,IHC Health Services,10/04/2026,10771.90,0,25 AFS IBF 100HR,Airframe,10771.90,,0,27183.00,INSPECTION,,ICA,,100 HOUR DONALDSON IBF VISUAL INSPECTION-,AFS-BH407-IBF-KIT-ICA,,,,,,"The systems and electrical components are to be visually inspected in accordance  with Table 1 every 100 hours and annual. These components include the following: Wiring, Wiring  Harness, Connectors, Backshells, Circuit Breaker, Cockpit Switch / Indicator, Differential Pressure Switch, Filter Maintenance Aid, and Actuator.",07/25/2026,10693.80,,,27000.00,,,100.00,,,,,,,,,,,,10793.80,,,,,,,,,,,,21.90,,,,,,,,No,10+ Days,,10/19/2026,,,,,,,,,,,
N7160V,IHC Health Services,10/04/2026,10771.90,0,25 AFS IVF 100HR,Airframe,10771.90,,0,27183.00,INSPECTION,,ICA,,100 HOUR DONALDSON IVF INSPECTION,AFS-BH407-IBF-KIT-ICA,,,,,,"Ref. Donaldson Filtration Solutions ICA AFS-BH407-IBF-KIT-ICA, Table 1.",07/25/2026,10693.80,,,27000.00,,,100.00,,,,,,,,,,,,10793.80,,,,,,,,,,,,21.90,,,,,,,,No,10+ Days,,10/19/2026,,,,,,,,,,,
N7160V,IHC Health Services,10/04/2026,10771.90,0,25 AVIDYNE 100HR,Airframe,10771.90,,0,27183.00,INSPECTION,,ICA,,100 HOUR AVIDYNE TRAFFIC ADVISORY SYSTEM  TAS610 INSPECTION,REF. ARROW NO. AA-407 AVIDYNE TAS610 REV. IR,,,,,,"A- This inspection is to be performed by a qualified technician.
 B- In conjunction with this inspection a complete preflight inspection must be accomplished in accordance with Section 3 .3.",07/25/2026,10693.80,,,27000.00,,,100.00,,,,,,,,,,,,10793.80,,,,,,,,,,,,21.90,,,,,,,,No,10+ Days,,10/19/2026,,,,,,,,,,,
N7160V,IHC Health Services,10/04/2026,10771.90,0,25 HELIFAB BTL MNT 100HR,Airframe,10771.90,,0,27183.00,INSPECTION,,ICA,,100 HOUR HELIFAB PORTABLE OXYGEN BOTTLE MOUNT INSPECTION,HF-206-ICA-OXYGEN BOTTLE MOUNT-1 REV. F,,,,,,This inspection is to be performed by a qualified technician.- In conjunction with this inspection a complete preflight  inspection must be accomplished in accordance with Section 5.2.,07/25/2026,10693.80,,,27000.00,0,0,100.00,0,0.00,0.00,0,0,,0,0.00,0.00,,,10793.80,,,,,,,,,,,,21.90,,,,,,,,No,10+ Days,,10/19/2026,,,,,,,,,,,
N7160V,IHC Health Services,10/04/2026,10771.90,0,62 04-10,Airframe,10771.90,,0,27183.00,INSPECTION,,AIRWORTHINESS,A-374,100 HOUR MAIN ROTOR YOKE ASSEMBLY AIRWORTHINESS LIMITATIONS  INSPECTION,"BHT-407-MPI, Ch. 4 Airworthiness Limitations",,,,,,"REF. BHT-407-MPI, CH. 4 AIRWORTHINESS LIMITATIONS SCHEDULE TABLE 2 DMC-407-A-04-00-00-00A-288A-A.",07/25/2026,10693.80,,,27000.00,,,100.00,,,,,,,,,,,,10793.80,,,,,,,,,,,,21.90,,,,,,,,No,10+ Days,,10/19/2026,,,,,,,,,,,
N7160V,IHC Health Services,10/04/2026,10771.90,0,ASB 407-24-136,Airframe,10771.90,,0,27183.00,SB,,,FWD SN A27,"STANDARD AND HIGH LANDING GEAR FORWARD CROSSTUBES, INSPECTION OF",,,,,,,"***CROSS TUBE INST MARCH 1996 SN A-27***Note: For this ASB ONLY the RIN verbiage is to be view as normal landings.
C/W ASB 407-24-136 STANDARD AND HIGH LANDING GEAR FORWARD CROSSTUBES DETAILED VISUAL INSPECTION IAW PART III, NO DEFECTS FOUND.",09/23/2026,10756.60,,,27161.00,,0,,0,0.00,95.00,0,0,,0,0.00,0.00,,,,,,,,,27256.00,,,,,,,,,,,,73.00,,No,10+ Days,,10/19/2026,,,,,,,,,,,
N469JX,IHC Health Services,09/30/2026,3681.00,0,05 1200HR/24MO,Airframe,3681.00,,0,9318.00,INSPECTION,,INSPECT,,1200 HOUR/24 MONTH AIRFRAME INSPECTION,"BHT-407-MPI, Chapter 5, Scheduled Inspections",,,,,,"REF. BHT-407-MPI, CH. 5 DMC-407-A-05-40-00-14A-281A-A",11/19/2024,2533.30,,,,,24,1200.00,,,,,73,120.00,,,,11/30/2026,,3733.30,,,,,,,,25,,1,,52.30,,,,,,,,No,10+ Days,,10/20/2026,,,,,,,,,,Monthly Planning,
N407ZM,IHC Health Services,10/04/2026,5575.00,1722,25 00-51,Airframe,5575.00,,1722,13725.00,INSPECTION,,ICA,,30 DAY ARTEX ELT FUNCTIONAL CHECK,ARTEX MANUAL 570-1600 REV. AG,,,,,,"REF. ARTEX MANUAL 570-1600 REV. AG, SUBTASK 25-62-30-750-001 E, AND SUBTASK 25-62-30-750-012.",09/20/2026,5554.90,,,13680.00,30,0,,0,0.00,0.00,0,0,,0,0.00,0.00,10/20/2026,,,,,,,,,,15,,0,,,,,,,,,,No,10+ Days,,10/20/2026,,,,,,,,,,,
N407JM,IHC Health Services,10/04/2026,5829.10,0,12 TBL 1,Airframe,5829.10,,0,16558.00,INSPECTION,,RII,,(RII) 300 HOUR AIRFRAME FUEL FILTER INSPECTION AND CHANGE,DMC-407-A-12-00-00-00A-040A-A,,,,,1.50,**Additional Fuel System Operational Check Required per Ref. DMC-407-A-28-00-00-00A-320A-A after completion.**,11/19/2025,5555.40,,,15541.00,,,300.00,,,,,,30.00,,,,,,5855.40,,,,,,,,,,,,26.30,,,,,,,,No,10+ Days,,10/20/2026,,,,,,,,,,RII,
N407JM,IHC Health Services,10/04/2026,5829.10,0,25 AA CROSSTUBE 300HR/12M,Airframe,5829.10,,0,16558.00,INSPECTION,,ICA,,300 HOUR/ 12 MONTH AERONAUTICAL ACCESSORIES CROSSTUBE INSPECTION,AERONAUTICAL ACCESSORIES AA-00061 REV. E,,,,,1.00,Ref. Aeronautical Accessories ICA AA-00061,11/19/2025,5555.40,,,15541.00,,12,300.00,,,,,,,,,,11/30/2026,,5855.40,,,,,,,,25,,1,,26.30,,,,,,,,No,10+ Days,,10/20/2026,,,,,,,,,,,
N407JM,IHC Health Services,10/04/2026,5829.10,0,25 AA SKID TUBE 300HR/12M,Airframe,5829.10,,0,16558.00,INSPECTION,,ICA,,300 HOUR/ 12 MONTH AERONAUTICAL ACCESSORIES SKID TUBE INSPECTION,AERONAUTICAL ACCESSORIES AA-01141 REV. E.,,,,,0.50,Ref. Aeronautical Accessories ICA AA-01141,11/19/2025,5555.40,,,15541.00,,12,300.00,,,,,,,,,,11/30/2026,,5855.40,,,,,,,,25,,1,,26.30,,,,,,,,No,10+ Days,,10/20/2026,,,,,,,,,,,
N407JM,IHC Health Services,10/04/2026,5829.10,0,25 DART BEARPAW,Airframe,5829.10,,0,16558.00,INSPECTION,,ICA,,300 HOUR/12 MONTH DART BEAR PAW INSPECTION,DART ICA-D206-559,,,,,1.00,Ref. DART ICA-D206-559.,11/19/2025,5555.40,,,15541.00,,12,300.00,,,,,,,,,,11/30/2026,,5855.40,,,,,,,,25,,1,,26.30,,,,,,,,No,10+ Days,,10/20/2026,,,,,,,,,,,
N407JM,IHC Health Services,10/04/2026,5829.10,0,25 PARAVION SNOW DEFL 300HR/12M,Airframe,5829.10,,0,16558.00,INSPECTION,,ICA,,300 HOUR/12 MONTH PARAVION SNOW DEFLECTOR AND DZUS HARDWARE INSPECTION,Paravion PR-206/407SD-120M REV. 4,,,,,0.50,,11/19/2025,5555.40,,,15541.00,,12,300.00,,,,,,,,,,11/30/2026,,5855.40,,,,,,,,25,,1,,26.30,,,,,,,,No,10+ Days,,10/20/2026,,,,,,,,,,,
N862YB,IHC Health Services,10/04/2026,2591.10,0,72 INSP 50 PWR CK,Airframe,2591.10,,0,6688.00,INSPECTION,,,,50 HOUR POWER CHECK (PILOT REQUIREMENT),,,,,,,"Power Check PA 8000, OAT +18, TOT 620, TQ 57.4, N1 96 results +25 Robert Adams W/0 baffles",10/02/2026,2587.00,,,6675.00,,,50.00,,,,,,5.00,,,,,,2637.00,,,,,,,,,,,,45.90,,,,,,,,No,10+ Days,,10/20/2026,,,,,,,,,,,
N407LF,IHC Health Services,10/05/2026,5349.30,17156,25 AFS IBF 100HR,Airframe,5349.30,,17156,13084.00,INSPECTION,,ICA,,100 HOUR DONALSON IBF VISUAL INSPECTION,REF. AFS-BH407-IBF-KIT-ICA,,,,,0.50,Perform Visual Inspection of Structure and Electrical Systems.,07/14/2026,5264.70,,,12918.00,,,100.00,,,,,,,,,,,,5364.70,,,,,,,,,,,,15.40,,,,,,,,No,10+ Days,,10/20/2026,,,,,,,,,,,
N407BY,IHC Health Services,10/04/2026,1229.40,0,12 TBL 2,Airframe,1229.40,,0,2649.00,INSPECTION,,RII,,(RII) 50 HOUR/3 MONTH LUBRICATION ITEMS,DMC-407-A-12-00-00-00A-040A-A Table 2,,,,,,Complied with 50 HOUR / 3 MONTHS LUBRICATION ITEMS  REF. DMC-407-A-12-00-00-00A-040A-A table 2.,08/12/2026,1195.00,,,2583.00,0,3,50.00,0,0.00,0.00,0,9,5.00,0,0.00,0.00,11/12/2026,,1245.00,,,,,,,,7,,1,,15.60,,,,,,,,No,10+ Days,,10/20/2026,,,,,,,,,,RII,
N407FM,IHC Health Services,10/04/2026,2702.50,0,25 AIR COMM AIR COND 50HR,Airframe,2702.50,,0,6837.00,INSPECTION,,ICA,,50 HOUR AIR COMM AIR CONDITIONER INSPECTION,407-EC-200M-2 REV. 14,,,,,,"REF: 407EC-200M-2 *** USE CHAPTER 3  ITEM 1-""INSPECTION REQUIREMENTS"" AND CHAPTER 3 ITEM 3- ""INSPECTION PROCEDURES"" TO COMPLETE INSPECTIONS***

Complied with 50 HOUR AIR COM AIR CONDITIONER REF: 407EC-200M-2.",09/23/2026,2684.40,,,6793.00,0,0,50.00,0,0.00,0.00,0,0,,0,0.00,0.00,,,2734.40,,,,,,,,,,,,31.90,,,,,,,,No,10+ Days,,10/21/2026,,,,,,,,,,,
N407NW,IHC Health Services,10/04/2026,2093.00,0,35 GMM CH 5-7.6.1,Airframe,2093.00,,0,3776.00,INSPECTION,,,,MONTHLY PORTABLE OXYGEN BOTTLE EXCHANGE WITH VENDOR SERVICED UNIT,,,,,,,verified all portable O2 bottles currently at the base have been verified that the hydrostatic inspection will not come due within the next thirty day,09/21/2026,2087.40,,,3749.00,,1,,0,0.00,,0,0,,0,0.00,0.00,10/21/2026,,,,,,,,,,16,,0,,,,,,,,,,No,10+ Days,,10/21/2026,,,,,,,,,,Pilot Task; PILOT GOM,
N7160V,IHC Health Services,10/04/2026,10771.90,0,25 GARMIN GTN650 250HR/12M,Airframe,10771.90,,0,27183.00,INSPECTION,,ICA,,250 HOUR/12 MONTH GARMIN GTN 650 INSPECTION,GARMIN ICA -190-01007-K4 REV. 3.,,,,,,,02/25/2026,10546.10,,,26499.00,,12,250.00,,,,,,,,,,02/28/2027,,10796.10,,,,,,,,23,,4,,24.20,,,,,,,,No,10+ Days,,10/21/2026,,,,,,,,,,,
N407CN,IHC Health Services,10/02/2026,4963.50,0,72 INSP 50 PWR CK,Airframe,4963.50,,0,11871.00,INSPECTION,,,,50 HOUR POWER CHECK (PILOT REQUIREMENT),,,,,,,,08/05/2026,4934.60,,,,,,50.00,,,,,,5.00,,,,,,4984.60,,,,,,,,,,,,21.10,,,,,,,,No,10+ Days,,10/22/2026,,,,,,,,,,Pilot Task; Pilots; PILOT GOM,
N407FM,IHC Health Services,10/04/2026,2702.50,0,35 GMM CH 5-7.6.1,Airframe,2702.50,,0,6837.00,INSPECTION,,,,MONTHLY PORTABLE OXYGEN BOTTLE EXCHANGE WITH VENDOR SERVICED UNIT,,,,,,,".
COMPLIED WITH ALL MONTHLY PORTABLE OXYGEN BOTTLE EXCHANGE WITH VENDOR SERVICED UNITS .  CW GMM CH 5-7.6.1
NO DEFECTS NOTED .",09/22/2026,2684.30,,,6792.00,0,1,,0,0.00,0.00,0,0,,0,0.00,0.00,10/22/2026,,,,,,,,,,17,,0,,,,,,,,,,No,10+ Days,,10/22/2026,,,,,,,,,,Pilot Task; PILOT GOM,
N407CH,IHC Health Services,10/04/2026,17743.70,1,35 GMM CH 5-7.6.1,Airframe,17743.70,,1,43738.00,INSPECTION,,,,MONTHLY PORTABLE OXYGEN BOTTLE EXCHANGE WITH VENDOR SERVICED UNIT,,,,,,,.,09/22/2026,17714.00,,,43692.00,0,1,,0,0.00,0.00,0,0,,0,0.00,0.00,10/22/2026,,,,,,,,,,17,,0,,,,,,,,,,No,10+ Days,,10/22/2026,,,,,,,,,,Pilot Task; PILOT GOM,
N39KM,IHC Health Services,10/03/2026,3577.00,0,25 AFS IBF 100HR,Airframe,3577.00,,0,8191.00,INSPECTION,,ICA,,100 HOUR DONALDSON IBF VISUAL INSPECTION,AFS-BH407-IBF-KIT-ICA,,,,,,,08/23/2026,3502.60,,,8016.00,,,100.00,,,,,,,,,,,,3602.60,,,,,,,,,,,,25.60,,,,,,,,No,10+ Days,,10/22/2026,,,,,,,,,,,
N39KM,IHC Health Services,10/03/2026,3577.00,0,25 AFS IVF 100HR,Airframe,3577.00,,0,8191.00,INSPECTION,,ICA,,100 HOUR DONALDSON IVF INSPECTION,AFS-BH407-IBF-KIT-ICA,,,,,,,08/23/2026,3502.60,,,8016.00,,,100.00,,,,,,,,,,,,3602.60,,,,,,,,,,,,25.60,,,,,,,,No,10+ Days,,10/22/2026,,,,,,,,,,,
N39KM,IHC Health Services,10/03/2026,3577.00,0,25 TDFM-9000,Airframe,3577.00,,0,8191.00,INSPECTION,,ICA,,100 HOUR TDFM -9000 ANTENNA AND TRANSCEIVER INSPECTION,ARROW AVIATION AA-407-TDFM-9000 REV. IR,,,,,,,08/23/2026,3502.60,,,8016.00,0,0,100.00,0,0.00,0.00,0,0,,0,0.00,0.00,,,3602.60,,,,,,,,,,,,25.60,,,,,,,,No,10+ Days,,10/22/2026,,,,,,,,,,,
N466GH,IHC Health Services,10/04/2026,3267.50,0,34 GARMIN GTN650XI 250HR/12M,Airframe,3267.50,,0,7636.00,INSPECTION,,ICA,,250 HOUR/12 MONTH GARMIN GTN 650XI INSPECTION,GARMIN ICA 190-01007-D1 REV. 2,,,,,,,05/13/2026,3051.80,,,7340.00,0,12,250.00,0,0.00,0.00,0,0,,0,0.00,0.00,05/13/2027,,3301.80,,,,,,,,8,,7,,34.30,,,,,,,,No,10+ Days,,10/22/2026,,,,,,,,,,,
N39KM,IHC Health Services,10/03/2026,3577.00,0,00,Airframe,3577.00,,0,8191.00,INSPECTION,,,,FAA QUARTERLY AIRWORTHINESS DIRECTIVE AUDIT REF. CLASSIC REQUIREMENT,SEE NOTES,,,,,,SEE TASK CARD FOR INSTRUCTIONS ON HOW TO COMPLETE THIS TASK.,07/23/2026,3457.10,,,7905.00,0,3,,0,0.00,0.00,0,10,,0,0.00,0.00,10/23/2026,,,,,,,,,,18,,0,,,,,,,,,,No,10+ Days,,10/23/2026,,,,,,,,,,,
N39KM,IHC Health Services,10/03/2026,3577.00,0,22 04-10 FUNCT CK,Airframe,3577.00,,0,8191.00,INSPECTION,,AIRWORTHINESS,trim,600HR /12M CHAPTER 4 AFCS TRIM ACTUATOR FUNCT CK,Ref. DMC-407-A-22-00-04A-340A-A,418-00862-701,65772,,,,This specific inspection is found in the Airworthiness Limitations Schedule in Chapter 4.,10/23/2025,3131.30,,,7116.00,0,12,600.00,0,0.00,0.00,0,0,,0,0.00,0.00,10/23/2026,,3731.30,,,,,,,,18,,0,,154.30,,,,,,,,No,10+ Days,,10/23/2026,,,,,,,,,,,
N39KM,IHC Health Services,10/03/2026,3577.00,0,22 04-11 FUNCT CK,Airframe,3577.00,,0,8191.00,INSPECTION,,AIRWORTHINESS,TRIM ACT,600HR /12M CHAPTER 4 AFCS TRIM ACTUATOR FUNCT CK,Ref. DMC-407-A-22-00-04A-340A-A,418-00862-701,65767,,,,This specific inspection is found in the Airworthiness Limitations Schedule in Chapter 4.,10/23/2025,3131.30,,,7116.00,0,12,600.00,0,0.00,0.00,0,0,,0,0.00,0.00,10/23/2026,,3731.30,,,,,,,,18,,0,,154.30,,,,,,,,No,10+ Days,,10/23/2026,,,,,,,,,,,
N407BY,IHC Health Services,10/04/2026,1229.40,0,25 00-51,Airframe,1229.40,,0,2649.00,INSPECTION,,ICA,ELT,30 DAY ARTEX ELT FUNCTIONAL CHECK,ARTEX MANUAL 570-5060 REV. AA,453-5061,25206473,,,,"REF. ARTEX MANUAL 570-5060 REV. AA, PAGE 25 (E), AND PAGE 38 (Q).",09/23/2026,1220.30,,,2631.00,30,0,,0,0.00,0.00,0,0,,0,0.00,0.00,10/23/2026,,,,,,,,,,18,,0,,,,,,,,,,No,10+ Days,,10/23/2026,,,,,,,,,,,
N39KM,IHC Health Services,10/03/2026,3577.00,0,25 HELIFAB 1 12M,Airframe,3577.00,,0,8191.00,INSPECTION,,ICA,,12 MONTH HELIFAB PASSENGER FRAMELESS SEAT CUSHIONS INSPECTION,Ref. Helifab HF-CA-7-1 REV. C,,,,,,,10/23/2025,3131.30,,,7116.00,0,12,,0,0.00,0.00,0,0,,0,0.00,0.00,10/23/2026,,,,,,,,,,18,,0,,,,,,,,,,No,10+ Days,,10/23/2026,,,,,,,,,,,
N39KM,IHC Health Services,10/03/2026,3577.00,0,26 01-00,Airframe,3577.00,,0,8191.00,INSPECTION,,INSPECT,FIRE EXT,12 MONTH FIRE EXTINGUISHER INSPECTION,NFPA 10 Ch. 7.3.2,A344,H-29720178,,,1.00,,10/23/2025,3131.30,,,7116.00,,12,,,,,,,,,,,10/23/2026,,,,,,,,,,18,,0,,,,,,,,,,No,10+ Days,,10/23/2026,,,,,,,,,,,
N407RU,IHC Health Services,09/23/2026,2043.40,0,26 01-01,Airframe,2043.40,,0,3639.00,INSPECTION,,INSPECT,Fire,30 DAY FIRE EXTINGUISHER INSPECTION,NFPA 10 Ch. 7.2,A344,I57525086,,,,COMPLIED WITH 30 DAY FIRE EXTINGUISHER INSPECTION REF. NFPA 10 CH 7.2.,09/23/2026,2040.90,,,3637.00,30,,,,,,,,,,,,10/23/2026,,,,,,,,,,18,,0,,,,,,,,,,No,10+ Days,,10/23/2026,,,,,,,,,,Pilot Task; PILOT GOM,
N39KM,IHC Health Services,10/03/2026,3577.00,0,34 DATA LOG,Airframe,3577.00,,0,8191.00,INSPECTION,,,,12 MONTH DOWNLOAD (SAVE) AND DELETE DATA LOG FILES,DMC-407-A-95-64-08-02A-090A-A,,,,,,CAUTION **DO NOT DELETE THE DATA_LOG FOLDER FROM THE MAINTENANCE SD CARD. THIS FOLDER IS REQUIRED IN ORDER FOR THE SYSTEM TO SAVE THE FLIGHT DATA INFORMATION FILES.**,10/23/2025,3131.30,,,7116.00,0,12,,0,0.00,0.00,,36,,0,0.00,0.00,10/23/2026,,,,,,,,,,18,,0,,,,,,,,,,No,10+ Days,,10/23/2026,,,,,,,,,,,
N407TH,IHC Health Services,10/03/2026,8845.50,2,34 GARMIN,Airframe,8845.50,,2,20680.00,INSPECTION,,,,28 DAY GPS NAVIGATION DATABASE UPDATE,,,,,,,REF. Garmin GTN650 and G500H Pilot User  Guide,09/25/2026,8825.10,,,20642.00,28,0,,0,0.00,0.00,0,5,,0,0.00,0.00,10/23/2026,,,,,,,,,,18,,0,,,,,,,,,,No,10+ Days,,10/23/2026,,,,,,,,,,,
N7160V,IHC Health Services,10/04/2026,10771.90,0,35 GMM CH 5-7.6.1,Airframe,10771.90,,0,27183.00,INSPECTION,,,,MONTHLY PORTABLE OXYGEN BOTTLE EXCHANGE WITH VENDOR SERVICED UNIT,,,,,,,,09/23/2026,10756.60,,,27161.00,0,1,,0,0.00,0.00,0,0,,0,0.00,0.00,10/23/2026,,,,,,,,,,18,,0,,,,,,,,,,No,10+ Days,,10/23/2026,,,,,,,,,,Pilot Task; PILOT GOM,
N407RU,IHC Health Services,09/23/2026,2043.40,0,35 GMM CH 5-7.6.1,Airframe,2043.40,,0,3639.00,INSPECTION,,,,MONTHLY PORTABLE OXYGEN BOTTLE EXCHANGE WITH VENDOR SERVICED UNIT,,,,,,,"COMPLIED WITH ALL MONTHLY PORTABLE OXYGEN BOTTLE EXCHANGE WITH VENDOR SERVICED UNITS .  CW GMM CH 5-7.6.1
NO DEFECTS NOTED .",09/23/2026,2040.90,,,3637.00,0,1,,0,0.00,0.00,0,0,,0,0.00,0.00,10/23/2026,,,,,,,,,,18,,0,,,,,,,,,,No,10+ Days,,10/23/2026,,,,,,,,,,Pilot Task; PILOT GOM,
N407BY,IHC Health Services,10/04/2026,1229.40,0,35 GMM CH 5-7.6.1,Airframe,1229.40,,0,2649.00,INSPECTION,,,,MONTHLY PORTABLE OXYGEN BOTTLE EXCHANGE WITH VENDOR SERVICED UNIT,,,,,,,.,09/23/2026,1220.30,,,2631.00,0,1,,0,0.00,0.00,0,0,,0,0.00,0.00,10/23/2026,,,,,,,,,,18,,0,,,,,,,,,,No,10+ Days,,10/23/2026,,,,,,,,,,Pilot Task; PILOT GOM,
N407ZM,IHC Health Services,10/04/2026,5575.00,1722,12 TBL 2,Airframe,5575.00,,1722,13725.00,INSPECTION,,RII,,(RII) 150 HOUR TAIL ROTOR DRIVE SHAFT SPLINE ADAPTER LUBRICATION,DMC-407-A-12-00-00-00A-040A-A Table 2,,,,,,"RII - TAIL ROTOR DRIVE SHAFT SPLINE ADAPTER LUBE (2 ADAPTERS) INSURE THAT WASHER STACK UP IS CORRECT, GAPS IN DISC PACKS ARE IN ALLOWABLE LIMITS AND TORQUE STRIPE IS ON ALL NUTS AFTER TORQUE IS COMPLETED.",08/05/2026,5476.60,,,13512.00,,,150.00,,,,,,15.00,,,,,,5626.60,,,,,,,,,,,,51.60,,,,,,,,No,10+ Days,,10/23/2026,,,,,,,,,,RII,
N407ZM,IHC Health Services,10/04/2026,5575.00,1722,72 72/150,Engine 1,4226.10,9084.00,,,INSPECTION,,INSPECT,CAE-848843,150 HOUR/ 12 MONTH ENGINE INSPECTION,RR-C47B-O&M 72-00-00-200-801 TABLE 6.,,,,,,"**USE TABLE 6 ONLY DUE TO SERVICE WITH MOBIL 254 OIL (3RD GENERATION OIL)** CAUTION: BEFORE YOU UNDERTAKE A INSPECTION OR MAINTENANCE ACTION, CONSULT THE REFERENCED PARAGRAPHS OF THE OPERATION AND MAINTENANCE MANUAL. FAILURE TO DO SO COULD RESULT IN EQUIPMENT DAMAGE OR DESTRUCTION AND POSSIBLY RESULT IN PERSONNEL DEATH OR INJURY. NOTE: Compliance to the 150 hour and 300 hour items in this table must be performed at least every 12 calendar months or by hours, whichever occurs first. This inspection checklist can only be used if the operator uses an approved third generation (hts) oil.",08/05/2026,4127.70,,8896.00,,,12,150.00,,,,,,,,,,08/31/2027,,4277.70,,,,,,,,26,,10,,51.60,,,,,,,,No,10+ Days,,10/23/2026,,,,,,,,,,,
N407ZM,IHC Health Services,10/04/2026,5575.00,1722,25 AFS IBF 100HR,Airframe,5575.00,,1722,13725.00,INSPECTION,,ICA,,100 HOUR DONALDSON IBF VISUAL INSPECTION,AFS-BH407-IBF-KIT-ICA REV. G,,,,,,Completed on HSU Log Page # 09911,09/04/2026,5527.20,,,13614.00,,,100.00,,,,,,,,,,,,5627.20,,,,,,,,,,,,52.20,,,,,,,,No,10+ Days,,10/23/2026,,,,,,,,,,,
N407LF,IHC Health Services,10/05/2026,5349.30,17156,25 00-51,Airframe,5349.30,,17156,13084.00,INSPECTION,,ICA,,30 DAY ARTEX ELT FUNCTIONAL CHECK,ARTEX MANUAL 570-5060 REV. AA,,,,,,"REF. ARTEX MANUAL 570-5060 REV. AA, PAGE 25 (E), AND PAGE 38 (Q).",09/24/2026,5329.50,,,13054.00,30,0,,0,0.00,0.00,0,0,,0,0.00,0.00,10/24/2026,,,,,,,,,,19,,0,,,,,,,,,,No,10+ Days,,10/24/2026,,,,,,,,,,,
N407TK,IHC Health Services,10/04/2026,5381.40,0,25 00-56,Airframe,5381.40,,0,15301.00,INSPECTION,,,ELT,ELT - REGISTRATION (NOAA WEBSITE),,453-5061,25200851,,,,BEACON ID ADC64 98A35 C87E1,12/30/2024,,,,,,24,,,,,,,,,,,10/24/2026,,,,,,,,,,19,,0,,,,,,,,,,No,10+ Days,,10/24/2026,,,,,,,,,,,
N407LF,IHC Health Services,10/05/2026,5349.30,17156,26 01-01,Airframe,5349.30,,17156,13084.00,INSPECTION,,INSPECT,FIRE EXT,30 DAY FIRE EXTINGUISHER INSPECTION,NFPA 10 Ch. 7.2,A344T,H-29719555,,,0.50,COMPLIED WITH 30 DAY FIRE EXTINGUISHER INSPECTION REF. NFPA 10 CH 7.2.,09/24/2026,5329.50,,,13054.00,30,,,,,,,,,,,,10/24/2026,,,,,,,,,,19,,0,,,,,,,,,,No,10+ Days,,10/24/2026,,,,,,,,,,Ramp Check; Pilot Task; PILOT GOM,
N466GH,IHC Health Services,10/04/2026,3267.50,0,25 AIR COMM AIR COND 50HR,Airframe,3267.50,,0,7636.00,INSPECTION,,ICA,,50 HOUR AIR COMM AIR CONDITIONER INSPECTION,407-EC-200M-2 REV. 14,,,,,,"REF: 407EC-200M-2 *** USE CHAPTER 3  ITEM 1-""INSPECTION REQUIREMENTS"" AND CHAPTER 3 ITEM 3- ""INSPECTION PROCEDURES"" TO COMPLETE INSPECTIONS***",09/30/2026,3255.60,,,7621.00,0,0,50.00,0,0.00,0.00,0,0,5.00,0,0.00,0.00,,,3305.60,,,,,,,,,,,,38.10,,,,,,,,No,10+ Days,,10/24/2026,,,,,,,,,,,
N407CN,IHC Health Services,10/02/2026,4963.50,0,12 TBL 2,Airframe,4963.50,,0,11871.00,INSPECTION,,,,(RII) 50 HOUR/3 MONTH LUBRICATION ITEMS,DMC-407-A-12-00-00-00A-040A-A Table 2,,,,,,,08/07/2026,4937.50,,,11758.00,0,3,50.00,0,0.00,0.00,0,9,5.00,0,0.00,0.00,11/30/2026,,4987.50,,,,,,,,25,,1,,24.00,,,,,,,,No,10+ Days,,10/24/2026,,,,,,,,,,RII,
N407NW,IHC Health Services,10/04/2026,2093.00,0,AD 2026-14-07 AMD 39-23408,Airframe,2093.00,,0,3776.00,AD,,,,[RECURRING] THIS AD WAS PROMPTED BY A REPORT OF A FRACTURED PILOT CYCLIC STICK TUBE AND SUBSEQUENT FINDINGS OF OTHER PILOT CYCLIC STICK TUBES WITH FATIGUE CRACKING. THE FAA IS ISSUING THIS AD TO DETECT AND CORRECT A CRACK IN THE PILOT CYCLIC STICK ...,,,,,,,"INITIAL DUE DATE AND TME WILL BE DUE IN 100 HOURS OR NOVEMBER 19,2026 (90 DAYS AFTER AUGUST 21, 2026) - THEN AT ACTT 3600 HRS  AND RECURRING EVERY 300 HOURS OR 6 MONTHS THEREAFTER",,,,,,,,,,,,,,,,,,11/19/2026,,2112.50,,,,,,,,14,,1,,19.50,,,,,,,,No,10+ Days,,10/24/2026,,,,,,,,,,,
N407FC,IHC Health Services,10/05/2026,14985.10,0,25 AFS IBF 100HR,Airframe,14985.10,,0,33090.00,INSPECTION,,ICA,,100 HOUR DONALDSON IBF VISUAL INSPECTION,AFS-BH407-IBF-KIT-ICA,,,,,,"ICA AFS-BH407-IBF-KIT-ICA, TABLE 1.",08/27/2026,14924.20,,,32963.00,,,100.00,,,,,,,,,,,,15024.20,,,,,,,,,,,,39.10,,,,,,,,No,10+ Days,,10/24/2026,,,,,,,,,,,
N407FC,IHC Health Services,10/05/2026,14985.10,0,25 AFS IVF 100HR,Airframe,14985.10,,0,33090.00,INSPECTION,,ICA,,100 HOUR DONALDSON IVF INSPECTION,AFS-BH407-IBF-KIT-ICA,,,,,,ICA AFS-BH407-IBF-KIT-ICA,08/27/2026,14924.20,,,32963.00,,,100.00,,,,,,,,,,,,15024.20,,,,,,,,,,,,39.10,,,,,,,,No,10+ Days,,10/24/2026,,,,,,,,,,,
N407FC,IHC Health Services,10/05/2026,14985.10,0,25 HELIFAB 16 100HR,Airframe,14985.10,,0,33090.00,INSPECTION,,ICA,,100 HOUR HELIFAB ARTICULATING MEDICAL LITTER INSPECTION,HELIFAB HF-CA-7-16,,,,,,,08/27/2026,14924.20,,,32963.00,0,0,100.00,0,0.00,0.00,0,0,,0,0.00,0.00,,,15024.20,,,,,,,,,,,,39.10,,,,,,,,No,10+ Days,,10/24/2026,,,,,,,,,,,
N407FC,IHC Health Services,10/05/2026,14985.10,0,25 HELIFAB 20 100HR/12M,Airframe,14985.10,,0,33090.00,INSPECTION,,ICA,,100 HOUR / 12 MONTH HELIFAB PATIENT OXYGEN SLED SYSTEM INSPECTION,HELIFAB HF-CA-7-20,,,,,,,08/27/2026,14924.20,,,32963.00,0,12,100.00,0,0.00,0.00,0,0,,0,0.00,0.00,08/27/2027,,15024.20,,,,,,,,22,,10,,39.10,,,,,,,,No,10+ Days,,10/24/2026,,,,,,,,,,,
N407FC,IHC Health Services,10/05/2026,14985.10,0,25 HELIFAB 206 100HR,Airframe,14985.10,,0,33090.00,INSPECTION,,ICA,,100 HOUR HELIFAB STORAGE BIN INSPECTION,HELIFAB HF-206-ICA-2500-0002,,,,,,,08/27/2026,14924.20,,,32963.00,0,0,100.00,0,0.00,0.00,0,0,,0,0.00,0.00,,,15024.20,,,,,,,,,,,,39.10,,,,,,,,No,10+ Days,,10/24/2026,,,,,,,,,,,
N407FC,IHC Health Services,10/05/2026,14985.10,0,25 HELIFAB BTL MNT 100HR,Airframe,14985.10,,0,33090.00,INSPECTION,,ICA,,100 HOUR HELIFAB PORTABLE OXYGEN BOTTLE MOUNT INSPECTION,HF-206-ICA-OXYGEN BOTTLE MOUNT-1,,,,,,,08/27/2026,14924.20,,,32963.00,0,0,100.00,0,0.00,0.00,0,0,,0,0.00,0.00,,,15024.20,,,,,,,,,,,,39.10,,,,,,,,No,10+ Days,,10/24/2026,,,,,,,,,,,
N407FC,IHC Health Services,10/05/2026,14985.10,0,62 04-10,Airframe,14985.10,,0,33090.00,INSPECTION,,AIRWORTHINESS,MR Hub,100 HOUR MAIN ROTOR YOKE ASSEMBLY AIRWORTHINESS LIMITATIONS  INSPECTION,"BHT-407-MPI, Ch. 4 Airworthiness Limitations",,,,,,"REF. BHT-407-MPI, CH. 4 AIRWORTHINESS LIMITATIONS SCHEDULE TABLE 2Ref. DMC-407-A-04-00-00-00A-288A-A, Table 2, Figure 2.",08/27/2026,14924.20,,,32963.00,,,100.00,,,,,,,,,,,,15024.20,,,,,,,,,,,,39.10,,,,,,,,No,10+ Days,,10/24/2026,,,,,,,,,,,
N407PW,IHC Health Services,10/04/2026,1441.00,0,25 00-51,Airframe,1441.00,,0,1740.00,INSPECTION,,ICA,ELT,30 DAY ARTEX ELT FUNCTIONAL CHECK,ARTEX MANUAL 570-5060 REV. AA,453-5061,252-07551,,,,"REF. ARTEX MANUAL 570-5060 REV. AA, PAGE 25 (E), AND PAGE 38 (Q).",09/25/2026,1429.80,,,1729.00,30,0,,0,0.00,0.00,0,0,,0,0.00,0.00,10/25/2026,,,,,,,,,,20,,0,,,,,,,,,,No,10+ Days,,10/25/2026,,,,,,,,,,,
N407CP,IHC Health Services,10/04/2026,10206.30,1,25 00-51,Airframe,10206.30,,1,22355.00,INSPECTION,,ICA,,30 DAY ARTEX ELT FUNCTIONAL CHECK,"ARTEX 570-5060 REV. W, PG 25 (E) &38 (Q).",,,,,,"Complied with 30 DAY ARTEX ELT FUNCTIONAL CHECK. No defects noted. Ref. ARTEX MANUAL 570-1600 REV. AG (ARTEX MANUAL 570-1600 REV. AG, SUBTASK 25-62-30-750-001 E, AND SUBTASK 25-62-30-750-012.)",09/25/2026,10192.10,,,22320.00,30,0,,0,0.00,0.00,0,0,,0,0.00,0.00,10/25/2026,,,,,,,,,,20,,0,,,,,,,,,,No,10+ Days,,10/25/2026,,,,,,,,,,,
N407CN,IHC Health Services,10/02/2026,4963.50,0,25 00-51,Airframe,4963.50,,0,11871.00,INSPECTION,,ICA,,30 DAY ARTEX ELT FUNCTIONAL CHECK,ARTEX MANUAL 570-5060 REV. AA,,,,,,"REF. ARTEX MANUAL 570-5060 REV. AA, PAGE 25 (E), AND PAGE 38 (Q).",09/25/2026,4956.90,,,11835.00,30,0,,0,0.00,0.00,0,0,,0,0.00,0.00,10/25/2026,,,,,,,,,,20,,0,,,,,,,,,,No,10+ Days,,10/25/2026,,,,,,,,,,,
N407PW,IHC Health Services,10/04/2026,1441.00,0,26 01-01,Airframe,1441.00,,0,1740.00,INSPECTION,,INSPECT,FIRE EXT,30 DAY FIRE EXTINGUISHER INSPECTION,NFPA 10 Chapter 7.2.,RT-A600,D58290543,,,,,09/25/2026,1429.80,,,1729.00,30,,,,,,,,,,,,10/25/2026,,,,,,,,,,20,,0,,,,,,,,,,No,10+ Days,,10/25/2026,,,,,,,,,,Pilot Task; PILOT GOM,
N407CP,IHC Health Services,10/04/2026,10206.30,1,26 01-01,Airframe,10206.30,,1,22355.00,INSPECTION,,INSPECT,FIRE EXT,30 DAY FIRE EXTINGUISHER INSPECTION,NFPA 10 Ch. 7.2,A344,H-13324868,,,,Complied with 30 DAY FIRE EXTINGUISHER INSPECTION. No defects noted. Ref. NFPA 10 Ch. 7.2.,09/25/2026,10192.10,,,22320.00,30,,,,,,,,,,,,10/25/2026,,,,,,,,,,20,,0,,,,,,,,,,No,10+ Days,,10/25/2026,,,,,,,,,,Pilot Task; PILOT GOM,
N407CN,IHC Health Services,10/02/2026,4963.50,0,26 01-01,Airframe,4963.50,,0,11871.00,INSPECTION,,INSPECT,,30 DAY FIRE EXTINGUISHER INSPECTION,NFPA 10 Ch. 7.2,,,,,,,09/25/2026,4956.90,,,11835.00,30,,,,,,,,,,,,10/25/2026,,,,,,,,,,20,,0,,,,,,,,,,No,10+ Days,,10/25/2026,,,,,,,,,,Ramp Check; Pilot Task; Pilots; PILOT GOM,
N469JX,IHC Health Services,09/30/2026,3681.00,0,34 GARMIN,Airframe,3681.00,,0,9318.00,INSPECTION,,,,28 DAY GPS NAVIGATION DATABASE UPDATE,,,,,,,NAV DATABASE UPDATE,09/27/2026,3673.40,,,9306.00,28,0,,0,0.00,0.00,0,5,,0,0.00,0.00,10/25/2026,,,,,,,,,,20,,0,,,,,,,,,,No,10+ Days,,10/25/2026,,,,,,,,,,,
N407TH,IHC Health Services,10/03/2026,8845.50,2,12 TBL 2,Airframe,8845.50,,2,20680.00,INSPECTION,,RII,,(RII) 150 HOUR TAIL ROTOR DRIVE SHAFT SPLINE ADAPTER LUBRICATION,DMC-407-A-12-00-00-00A-040A-A Table 2,,,,,,"Ref. DMC-407-A-12-00-00-00A-040A-A, Table 2.",07/29/2026,8725.60,,,20410.00,,,150.00,,,,,,15.00,,,,,,8875.60,,,,,,,,,,,,30.10,,,,,,,,No,10+ Days,,10/25/2026,,,,,,,,,,RII,
N466GH,IHC Health Services,10/04/2026,3267.50,0,62 04-10,Airframe,3267.50,,0,7636.00,INSPECTION,Overhaul,AIRWORTHINESS,MR HUB,100 HOUR MAIN ROTOR YOKE ASSEMBLY AIRWORTHINESS LIMITATIONS  INSPECTION,"BHT-407-MPI, Ch. 4 Airworthiness Limitations",,,,,,"REF. BHT-407-MPI, CH. 4 AIRWORTHINESS LIMITATIONS SCHEDULE TABLE 2 DMC-407-A-04-00-00-00A-288A-A, Table 2, Figure 2.",09/04/2026,3207.90,,,7556.00,,,100.00,,,,,,,,,,,,3307.90,,,,,,,,,,,,40.40,,,,,,,,No,10+ Days,,10/25/2026,,,,,,,,,,,
N39KM,IHC Health Services,10/03/2026,3577.00,0,25 HELIFAB 20 100HR/12M,Airframe,3577.00,,0,8191.00,INSPECTION,,ICA,,100 HOUR / 12 MONTH HELIFAB PATIENT OXYGEN SLED SYSTEM INSPECTION,HELIFAB HF-CA-7-20,,,,,,,08/25/2026,3507.70,,,8027.00,,12,100.00,,,,,,,,,,08/25/2027,,3607.70,,,,,,,,20,,10,,30.70,,,,,,,,No,10+ Days,,10/25/2026,,,,,,,,,,,
N7160V,IHC Health Services,10/04/2026,10771.90,0,25 337 T/R RECOG LIGHT,Airframe,10771.90,,0,27183.00,INSPECTION,,ICA,,300 HOUR/12 MONTH TAIL ROTOR RECOGNITION LIGHT INSPECTION,FAA FORM 337 DATED 05/12/2009,,,,,0.20,"UPDATED CORRECT 337 DATE. 337 FOUND IN ATTACHMENTS. 
FAA FORM 337 DATED 05/12/2009",12/01/2025,10502.70,,,26280.00,,12,300.00,,,,,,,,,,12/31/2026,,10802.70,,,,,,,,26,,2,,30.80,,,,,,,,No,10+ Days,,10/25/2026,,,,,,,,,,,
N7160V,IHC Health Services,10/04/2026,10771.90,0,25 AA CROSSTUBE 300HR/12M,Airframe,10771.90,,0,27183.00,INSPECTION,,ICA,,300 HOUR/ 12 MONTH AERONAUTICAL ACCESSORIES CROSSTUBE INSPECTION,AERONAUTICAL ACCESSORIES AA-00061 REV. E,,,,,0.50,"Removal of Replacement Crosstubes from helicopter is not required for inspection. If any damage is noted during the inspection, refer to Section 3.4 Repair or Section 4.0 Troubleshooting Information.   / The indications of corrosion are 1) corrosion deposits (a white or gray colored deposits/powder on aluminum; or amber or brown colored deposits/powder on steel), 2) pits in the aluminum or steel surface, 3) blisters, bulging, or flaking of protective coatings.",12/01/2025,10502.70,,,26280.00,,12,300.00,,,,,,,,,,12/31/2026,,10802.70,,,,,,,,26,,2,,30.80,,,,,,,,No,10+ Days,,10/25/2026,,,,,,,,,,,
N7160V,IHC Health Services,10/04/2026,10771.90,0,25 AA FLT/FLOAT STEP 300HR/12M,Airframe,10771.90,,0,27183.00,INSPECTION,,ICA,,300 HOUR/12 MONTH AERONAUTICAL ACCESSORIES FLIGHTSTEP/FLOATSTEP INSPECTION,AERONAUTICAL ACCESSORIES AA-01162 REV. J,,,,,0.50,,12/01/2025,10502.70,,,26280.00,,12,300.00,,,,,,,,,,12/31/2026,,10802.70,,,,,,,,26,,2,,30.80,,,,,,,,No,10+ Days,,10/25/2026,,,,,,,,,,,
N7160V,IHC Health Services,10/04/2026,10771.90,0,25 AA SKID TUBE 300HR/12M,Airframe,10771.90,,0,27183.00,INSPECTION,,ICA,,300 HOUR/ 12 MONTH AERONAUTICAL ACCESSORIES SKID TUBE INSPECTION,AERONAUTICAL ACCESSORIES AA-01141 REV. E.,,,,,0.50,"Removal of Skid Tubes from the helicopter is not required for  inspection. If any damage is noted during the inspection, refer to  Section 3.1.

Particular care should be taken to inspect in the areas of the  fasteners in the Skid Tubes and all attaching components.

The indications of corrosion are 1) corrosion deposits (a white or  gray powder on aluminum), 2) pits in the aluminum surface, 3)  blisters, bulging, or flaking of protective coatings.",12/01/2025,10502.70,,,26280.00,,12,300.00,,,,,,,,,,12/31/2026,,10802.70,,,,,,,,26,,2,,30.80,,,,,,,,No,10+ Days,,10/25/2026,,,,,,,,,,,
N7160V,IHC Health Services,10/04/2026,10771.90,0,25 DART BEARPAW,Airframe,10771.90,,0,27183.00,INSPECTION,,ICA,,300 HOUR/12 MONTH DART BEAR PAW INSPECTION,DART ICA-D206-559 REV. 5,,,,,0.50,,12/01/2025,10502.70,,,26280.00,,12,300.00,,,,,,,,,,12/31/2026,,10802.70,,,,,,,,26,,2,,30.80,,,,,,,,No,10+ Days,,10/25/2026,,,,,,,,,,,
N7160V,IHC Health Services,10/04/2026,10771.90,0,25 PARAVION SNOW DEFL 300HR/12M,Airframe,10771.90,,0,27183.00,INSPECTION,,ICA,,300 HOUR/12 MONTH PARAVION SNOW DEFLECTOR AND DZUS HARDWARE INSPECTION,Ref. Paravion PR-206/407SD-120M REV. 4,,,,,,Inspection procedures outlined in Table 3 should be followed every 300 hours or 12 months to verify installation airworthiness.,11/20/2025,10502.70,,,26280.00,,12,300.00,,,,,,,,,,11/20/2026,,10802.70,,,,,,,,15,,1,,30.80,,,,,,,,No,10+ Days,,10/25/2026,,,,,,,,,,,
N7160V,IHC Health Services,10/04/2026,10771.90,0,ASB 407-23-133,Airframe,10771.90,,0,27183.00,SB,,,,"HORIZONTAL STABILIZER AND CARGO HOOK FITTINGS - SELF LOCKING INSERTS, INSPECTION OF",,,,,,,300HR/12M RECURRING TO AIRCRAFT AFFECTED BY THIS ASB.,11/20/2025,10502.70,,,26280.00,0,12,300.00,0,0.00,0.00,0,0,,0,0.00,0.00,11/20/2026,,10802.70,,,,,,,,15,,1,,30.80,,,,,,,,No,10+ Days,,10/25/2026,,,,,,,,,,,
N7160V,IHC Health Services,10/04/2026,10771.90,0,05 300HR- PERIODIC INSPECTION,Airframe,10771.90,,0,27183.00,INSPECTION,,INSPECT,,300 HOUR /12 MONTH PERIODIC AIRFRAME INSPECTION,DMC-407-A-05-40-00-06A-281A-A,,,,,28.00,"1. Do this inspection every 12 calendar months or every 300 hours of operation. 2. Do all six events of the airframe progressive inspection. Ref. DMC-407-A-05-40-00-06A-281A-A, Complete all 6 Progressive Inspection Events: DMC-407-A-05-40-00-00A-281A-A, DMC-407-A-05-40-00-01A-281A-A,DMC-407-A-05-40-00-02A-281A-A, DMC-407-A-05-40-00-03A-281A-A, DMC-407-A-05-40-00-04A-281A-A, DMC-407-A-05-40-00-05A-281A-A.",12/10/2025,10502.80,,,26281.00,,12,300.00,,,,,36,30.00,,,,12/31/2026,,10802.80,,,,,,,,26,,2,,30.90,,,,,,,,No,10+ Days,,10/25/2026,,,,,,,,,,,
N7160V,IHC Health Services,10/04/2026,10771.90,0,12 HYD TBL 2,Airframe,10771.90,,0,27183.00,INSPECTION,,RII,,(RII) 300 HOUR/12 MONTH HYDRAULIC PUMP DRIVE SPLINE LUBRICATION,DMC-407-A-12-00-00-00A-040A-A Table 2,,,,,1.00,"Ref. DMC-407-A-12-00-00-00A-040A-A, Table 2.",12/10/2025,10502.80,,,26281.00,,12,300.00,,,,0,36,30.00,,,,12/31/2026,,10802.80,,,,,,,,26,,2,,30.90,,,,,,,,No,10+ Days,,10/25/2026,,,,,,,,,,RII,
N407TK,IHC Health Services,10/04/2026,5381.40,0,12 TBL 2,Airframe,5381.40,,0,15301.00,INSPECTION,,RII,,(RII) 50 HOUR/3 MONTH LUBRICATION ITEMS,DMC-407-A-12-00-00-00A-040A-A Table 2,,,,,1.50,"Complied with 50 HOUR/3 MONTH LUBRICATION ITEMS REF. BHT-407-MM CH. 12 SERVICING TABLE 2 DMC-407-A-12-00-00-00A-040A-A. Using alternate method, no disassembly required, RII not required.",09/04/2026,5352.00,,,15229.00,0,3,50.00,0,0.00,0.00,0,9,5.00,0,0.00,0.00,12/31/2026,,5402.00,,,,,,,,26,,2,,20.60,,,,,,,,No,10+ Days,,10/25/2026,,,,,,,,,,RII,
N7160V,IHC Health Services,10/04/2026,10771.90,0,12 TBL 3,Airframe,10771.90,,0,27183.00,INSPECTION,,,,300 HOUR/12 MONTH MAIN ROTOR TRANSMISSION OIL & FILTER CHANGE,DMC-407-A-12-00-00-00A-040A-A Table 3,,,,,2.00,"Ref. DMC-407-A-12-00-00-00A-040A-A, Table 3.",12/10/2025,10502.80,,,26281.00,,12,300.00,,,,0,36,30.00,,,,12/31/2026,,10802.80,,,,,,,,26,,2,,30.90,,,,,,,,No,10+ Days,,10/25/2026,,,,,,,,,,,
N7160V,IHC Health Services,10/04/2026,10771.90,0,12 TBL 3,Airframe,10771.90,,0,27183.00,INSPECTION,,,,300 HOUR/12 MONTH TAIL ROTOR GEARBOX OIL CHANGE,DMC-407-A-12-00-00-00A-040A-A Table 3,,,,,0.20,"Ref. BHT-407-MM, Chapter 12, General, DMC-407-A-12-00-00-00A-040A-A, Table 3.",12/10/2025,10502.80,,,26281.00,,12,300.00,,,,0,36,30.00,,,,12/31/2026,,10802.80,,,,,,,,26,,2,,30.90,,,,,,,,No,10+ Days,,10/25/2026,,,,,,,,,,,
N407MZ,IHC Health Services,10/05/2026,2805.50,0,72 72/150,Engine 1,3228.10,6303.00,,,INSPECTION,,INSPECT,CAE-847339,150 HOUR/12 MONTH ENGINE INSPECTION,M250-C47E/4 OMM   72-00-00-200-801 Table 6.,,,,,,"BEFORE YOU UNDERTAKE A INSPECTION OR MAINTENANCE ACTION, CONSULT THE REFERENCED PARAGRAPHS OF THE OPERATION AND MAINTENANCE MANUAL. FAILURE TO DO SO COULD RESULT IN EQUIPMENT DAMAGE OR DESTRUCTION AND POSSIBLY RESULT IN PERSONNEL DEATH OR INJURY . Note: Compliance to the 150 hour and 300 hour items in this table must be performed at least every 12 calendar months or by hours, whichever occurs first. This inspection checklist can only be used if the operator uses an approved third generation (hts) oil",09/04/2026,3156.10,,6142.00,,,12,150.00,,,,,,,,,,09/04/2027,,3306.10,,,,,,,,30,,10,,78.00,,,,,,,,No,10+ Days,,10/26/2026,,,,,,,,,,,
N407FM,IHC Health Services,10/04/2026,2702.50,0,72 INSP 50 PWR CK,Airframe,2702.50,,0,6837.00,INSPECTION,,,,50 HOUR POWER CHECK (PILOT REQUIREMENT),,,,,,,,10/02/2026,2694.40,,,6820.00,,,50.00,,,,,,5.00,,,,,,2744.40,,,,,,,,,,,,41.90,,,,,,,,No,10+ Days,,10/26/2026,,,,,,,,,,Pilot Task; PILOT GOM,
N407BY,IHC Health Services,10/04/2026,1229.40,0,25 AA TB RADAR ALT MNT KIT,Airframe,1229.40,,0,2649.00,INSPECTION,,ICA,,100 HOUR TAILBOOM RADAR ALTIMETER MOUNT KIT INSPECTION,Aeronautical Accessories ICA AA-TBA-16-008,,,,,,Complied with 100 HOUR AERONAUTICAL ACCESSORIES RADAR ALTIMETER MOUNT KIT INSPECTION. Ref. Aeronautical Accessories ICA AA-TBA-16-008.,06/13/2026,1150.60,,,2501.00,,,100.00,,,,,,,,,,,,1250.60,,,,,,,,,,,,21.20,,,,,,,,No,10+ Days,,10/26/2026,,,,,,,,,,,
N407BY,IHC Health Services,10/04/2026,1229.40,0,25 AFS IBF 100HR,Airframe,1229.40,,0,2649.00,INSPECTION,,ICA,,100 HOUR DONALDSON IBF VISUAL INSPECTION,REF. AFS-BH407-IBF-KIT-ICA,,,,,,Complied with 100 HR. IBF VISUAL INSPECTION REF. AFS-BH407-IBF-KIT-ICA.,06/13/2026,1150.60,,,2501.00,,,100.00,,,,,,,,,,,,1250.60,,,,,,,,,,,,21.20,,,,,,,,No,10+ Days,,10/26/2026,,,,,,,,,,,
N407BY,IHC Health Services,10/04/2026,1229.40,0,25 AFS IVF 100HR,Airframe,1229.40,,0,2649.00,INSPECTION,,ICA,,100 HOUR DONALDSON IVF INSPECTION,AFS-BH407-IBF-KIT-ICA,,,,,,"ICA AFS-BH407-IBF-KIT-ICA, Table 1.",06/13/2026,1150.60,,,2501.00,0,0,100.00,0,0.00,0.00,0,0,,0,0.00,0.00,,,1250.60,,,,,,,,,,,,21.20,,,,,,,,No,10+ Days,,10/26/2026,,,,,,,,,,,
N407BY,IHC Health Services,10/04/2026,1229.40,0,25 HELIFAB 16 100HR,Airframe,1229.40,,0,2649.00,INSPECTION,,ICA,,100 HOUR HELIFAB ARTICULATING MEDICAL LITTER INSPECTION,HELIFAB HF-CA-7-16,,,,,,"Complied with 100 HOUR HELIFAB MEDICAL LITTER INSPECTION, ref. Helifab ICA HF-CA-7-16.",06/13/2026,1150.60,,,2501.00,0,0,100.00,0,0.00,0.00,0,0,,0,0.00,0.00,,,1250.60,,,,,,,,,,,,21.20,,,,,,,,No,10+ Days,,10/26/2026,,,,,,,,,,,
N407BY,IHC Health Services,10/04/2026,1229.40,0,25 HELIFAB 20 100HR/12M,Airframe,1229.40,,0,2649.00,INSPECTION,,ICA,,100 HOUR / 12 MONTH HELIFAB PATIENT OXYGEN SLED SYSTEM INSPECTION,HELIFAB HF-CA-7-20,,,,,,Complied with 100 HOUR / 12 MONTH HELIFAB MEDICAL EQUIPMENT SLED INSPECTION Ref. Heli fab ICA HF-CA-7-20.,06/13/2026,1150.60,,,2501.00,0,12,100.00,0,0.00,0.00,0,0,,0,0.00,0.00,06/30/2027,,1250.60,,,,,,,,25,,8,,21.20,,,,,,,,No,10+ Days,,10/26/2026,,,,,,,,,,,
N407BY,IHC Health Services,10/04/2026,1229.40,0,25 HELIFAB 206 100HR,Airframe,1229.40,,0,2649.00,INSPECTION,,ICA,,100 HOUR HELIFAB STORAGE BIN INSPECTION,HF-206-ICA-2500-0002,,,,,,"Complied with 100 HOUR HELIFAB STORAGE BIN INSPECTION, Ref. Helifab ICA HF-206-ICA-2500-0002.",06/13/2026,1150.60,,,2501.00,0,0,100.00,0,0.00,0.00,0,0,,0,0.00,0.00,,,1250.60,,,,,,,,,,,,21.20,,,,,,,,No,10+ Days,,10/26/2026,,,,,,,,,,,
N407BY,IHC Health Services,10/04/2026,1229.40,0,25 HELIFAB BTL MNT 100HR,Airframe,1229.40,,0,2649.00,INSPECTION,,ICA,,100 HOUR HELIFAB PORTABLE OXYGEN BOTTLE MOUNT INSPECTION,HF-206-ICA-OXYGEN BOTTLE MOUNT-1,,,,,,"Complied with 100 HOUR HELIFAB OXYGEN BOTTLE MOUNT INSPECTION, ref.  Helifab ICA HF-206-ICA-OXYGEN BOTTLE MOUNT-1.",06/13/2026,1150.60,,,2501.00,0,0,100.00,0,0.00,0.00,0,0,,0,0.00,0.00,,,1250.60,,,,,,,,,,,,21.20,,,,,,,,No,10+ Days,,10/26/2026,,,,,,,,,,,
N407BY,IHC Health Services,10/04/2026,1229.40,0,62 04-10,Airframe,1229.40,,0,2649.00,INSPECTION,Overhaul,AIRWORTHINESS,MR HUB,100 HOUR MAIN ROTOR YOKE ASSEMBLY AIRWORTHINESS LIMITATIONS  INSPECTION,"BHT-407-MPI, Ch. 4 Airworthiness Limitations",,,,,,"Complied with 100 HOUR MAIN ROTOR YOKE ASSEMBLY INSPECTION. Ref. BHT-407-MPI, Ch. 4 Airworthiness Limitations Schedule, Table 2, Figure 2.",06/13/2026,1150.60,,,2501.00,,,100.00,,,,,,,,,,,,1250.60,,,,,,,,,,,,21.20,,,,,,,,No,10+ Days,,10/26/2026,,,,,,,,,,,
N407CP,IHC Health Services,10/04/2026,10206.30,1,25 AA TB RADAR ALT MNT KIT,Airframe,10206.30,,1,22355.00,INSPECTION,,ICA,,100 HOUR TAILBOOM RADAR ALTIMETER MOUNT KIT INSPECTION,Aeronautical Accessories ICA AA-TBA-16-008,,,,,,"ACCOMPLISHED THE 100 HOUR TAILBOOM RADAR ALTIMETER MOUNT KIT INSPECTION 407-016-005 STC: SR02162LA BELL HELICOPTER TEXTRON CANADA LIMITED 407 MODEL HELICOPTERS Report No.  AA-TBA-16-008 Revision B December 6, 2012, NO DEFECTS NOTED AT THIS TIME.",07/17/2026,10138.40,,,22196.00,0,0,100.00,0,0.00,0.00,0,0,,0,0.00,0.00,,,10238.40,,,,,,,,,,,,32.10,,,,,,,,No,10+ Days,,10/26/2026,,,,,,,,,,,
N407CP,IHC Health Services,10/04/2026,10206.30,1,25 AFS IBF 100HR,Airframe,10206.30,,1,22355.00,INSPECTION,,ICA,,100 HOUR DONALDSON IBF VISUAL INSPECTION,AFS-BH407-IBF-KIT-ICA,,,,,,"ACCOMPLISHED THE 100 HOUR DONALDSON IBF VISUAL INSPECTION AFS-BH407-IBF-KIT-ICA Revision (G) 18 July 2016 Bell Helicopter Textron Canada Limited Model 407 Helicopters FAA STC No.  SR09368RC, NO DEFECT NOTED AT THIS TIME.",07/17/2026,10138.40,,,22196.00,,,100.00,,,,,,,,,,,,10238.40,,,,,,,,,,,,32.10,,,,,,,,No,10+ Days,,10/26/2026,,,,,,,,,,,
N407CP,IHC Health Services,10/04/2026,10206.30,1,25 AFS IVF 100HR,Airframe,10206.30,,1,22355.00,INSPECTION,,ICA,,100 HOUR DONALDSON IVF INSPECTION,AFS-BH407-IBF-KIT-ICA,,,,,,"ACCOMPLISHED THE 100 HOUR DONALDSON IBF VISUAL INSPECTION AFS-BH407-IBF-KIT-ICA Revision (G) 18 July 2016 Bell Helicopter Textron Canada Limited Model 407 Helicopters FAA STC No.  SR09368RC, NO DEFECT NOTED AT THIS TIME.
Perform Visual Inspection of Structure. ICA AFS-BH407-IBF-KIT-ICA",07/17/2026,10138.40,,,22196.00,,,100.00,,,,,,,,,,,,10238.40,,,,,,,,,,,,32.10,,,,,,,,No,10+ Days,,10/26/2026,,,,,,,,,,,
N407CP,IHC Health Services,10/04/2026,10206.30,1,25 HELIFAB 16 100HR,Airframe,10206.30,,1,22355.00,INSPECTION,,ICA,,100 HOUR HELIFAB ARTICULATING MEDICAL LITTER INSPECTION,HELIFAB HF-CA-7-16,,,,,,"ACCOMPLISHED THE 100HR Helifab’s Articulating Medical Litter Installation INSPECTION IAW THE  STC No: SR09441RC Bell Helicopter Model 407  DOCUMENT NUMBER HF-CA-7-16 Rev. (C) April 4, 2022 ,NO DEFECTS NOTED AT THIS TIME.",07/17/2026,10138.40,,,22196.00,0,0,100.00,0,0.00,0.00,0,0,,0,0.00,0.00,,,10238.40,,,,,,,,,,,,32.10,,,,,,,,No,10+ Days,,10/26/2026,,,,,,,,,,,
N407CP,IHC Health Services,10/04/2026,10206.30,1,25 HELIFAB 20 100HR/12M,Airframe,10206.30,,1,22355.00,INSPECTION,,ICA,,100 HOUR / 12 MONTH HELIFAB PATIENT OXYGEN SLED SYSTEM INSPECTION,HELIFAB HF-CA-7-20,,,,,,"ACCOMPLISHED THE 100 HR/12 MONTH HELIFAB PATIENT OXYGEN SLED SYSTEM INSPECTION IAW THE ICA FOR HELIFAB MEDICAL EQUIPMENT SLED, STC SR09580RC, IN BELL MODEL 407 HF-CA-7-20  REV(IR), NO DEFECTS NOTED AT THIS TIME.",07/17/2026,10138.40,,,22196.00,0,12,100.00,0,0.00,0.00,0,0,,0,0.00,0.00,07/17/2027,,10238.40,,,,,,,,12,,9,,32.10,,,,,,,,No,10+ Days,,10/26/2026,,,,,,,,,,,
N407CP,IHC Health Services,10/04/2026,10206.30,1,25 HELIFAB 206 100HR,Airframe,10206.30,,1,22355.00,INSPECTION,,ICA,,100 HOUR HELIFAB STORAGE BIN INSPECTION,HELIFAB HF-206-ICA-2500-0002,,,,,,"ACCOMPLISHED THE 100 HOUR HELIFAB STORAGE BIN INSPECTION IAW THE HELIFAB HF-206-ICA-2500-0002 REV (B) 01/20/2017, NO DEFECTS NOTED AT THIS TIME.",07/17/2026,10138.40,,,22196.00,0,0,100.00,0,0.00,0.00,0,0,,0,0.00,0.00,,,10238.40,,,,,,,,,,,,32.10,,,,,,,,No,10+ Days,,10/26/2026,,,,,,,,,,,
N407CP,IHC Health Services,10/04/2026,10206.30,1,25 HELIFAB BTL MNT 100HR,Airframe,10206.30,,1,22355.00,INSPECTION,,ICA,,100 HOUR HELIFAB PORTABLE OXYGEN BOTTLE MOUNT INSPECTION,HF-206-ICA-OXYGEN BOTTLE MOUNT-1,,,,,,"ACCOMPLISHED THE 100 HOUR HELIFAB PORTABLE OXYGEN BOTTLE MOUNT INSPECTION IAW THE HF-206-ICA-OXYGEN BOTTLE MOUNT REV (F) 23APRIL2018, NO DEFECTS NOTED AT THIS TIME.",07/17/2026,10138.40,,,22196.00,0,0,100.00,0,0.00,0.00,0,0,,0,0.00,0.00,,,10238.40,,,,,,,,,,,,32.10,,,,,,,,No,10+ Days,,10/26/2026,,,,,,,,,,,
N407CP,IHC Health Services,10/04/2026,10206.30,1,62 04-10,Airframe,10206.30,,1,22355.00,INSPECTION,,AIRWORTHINESS,COMPONENTS,100 HOUR MAIN ROTOR YOKE ASSEMBLY AIRWORTHINESS LIMITATIONS  INSPECTION,"BHT-407-MPI, Ch. 4 Airworthiness Limitations",,,,,,"ACCOMPLISHED THE 100 HOUR MAIN ROTOR YOKE ASSEMBLY INSPECTION IAW BHT-407-MPI, Ch. 4 Airworthiness Limitations (DMC-407-A-04-00-00-00A-288A-A, Issue 004 - 2025/06/17, ECCN EAR99), TABLE 2, NO DEFECTS NOTED AT THIS TIME.
REF. BHT-407-MPI, CH. 4 AIRWORTHINESS LIMITATIONS SCHEDULE TABLE 2 DMC-407-A-04-00-00-00A-288A-A",07/17/2026,10138.40,,,22196.00,,,100.00,,,,,,,,,,,,10238.40,,,,,,,,,,,,32.10,,,,,,,,No,10+ Days,,10/26/2026,,,,,,,,,,,
N407MZ,IHC Health Services,10/05/2026,2805.50,0,05 300HR- PERIODIC INSPECTION,Airframe,2805.50,,0,7326.00,INSPECTION,,INSPECT,,300 HOUR /12 MONTH PERIODIC AIRFRAME INSPECTION,DMC-407-A-05-40-00-06A-281A-A,,,,,,"1. Do this inspection every 12 calendar months or every 300 hours of operation. 2. Do all six events of the airframe progressive inspection. Ref. DMC-407-A-05-40-00-06A-281A-A, Complete all 6 Progressive Inspection Events: DMC-407-A-05-40-00-00A-281A-A, DMC-407-A-05-40-00-01A-281A-A,DMC-407-A-05-40-00-02A-281A-A, DMC-407-A-05-40-00-03A-281A-A, DMC-407-A-05-40-00-04A-281A-A, DMC-407-A-05-40-00-05A-281A-A.",07/15/2026,2587.10,,,6756.00,,12,300.00,,,,,36,30.00,,,,07/15/2027,,2887.10,,,,,,,,10,,9,,81.60,,,,,,,,No,10+ Days,,10/27/2026,,,,,,,,,,,
N407MZ,IHC Health Services,10/05/2026,2805.50,0,05 40-00-08A,Airframe,2805.50,,0,7326.00,INSPECTION,,INSPECT,,300 HOUR OPTIONAL EQUIPMENT INSPECTION,DMC-407-A-05-40-00-08A-281A-A,,,,,,"Ref. DMC-407-A-05-40-00-08A-281A-A, Complete Inspection On All Currently Installed/Available Items.",07/15/2026,2587.10,,,6756.00,,,300.00,,,,,,30.00,,,,,,2887.10,,,,,,,,,,,,81.60,,,,,,,,No,10+ Days,,10/27/2026,,,,,,,,,,,
N407MZ,IHC Health Services,10/05/2026,2805.50,0,12 HYD TBL 2,Airframe,2805.50,,0,7326.00,INSPECTION,,RII,,(RII) 300 HOUR/12 MONTH HYDRAULIC PUMP DRIVE SPLINE LUBRICATION,DMC-407-A-12-00-00-00A-040A-A Table 2,,,,,,REF. BHT-407-MM CH. 12 SERVICING TABLE 2 DMC-407-A-12-00-00-00A-040A-A,07/15/2026,2587.10,,,6756.00,,12,300.00,,,,0,36,30.00,,,,07/15/2027,,2887.10,,,,,,,,10,,9,,81.60,,,,,,,,No,10+ Days,,10/27/2026,,,,,,,,,,RII,
N407MZ,IHC Health Services,10/05/2026,2805.50,0,12 HYD TBL 3,Airframe,2805.50,,0,7326.00,INSPECTION,,RII,,(RII) 300 HOUR/12 MONTH HYDRAULIC FILTER CLEANING AND INSPECTION,DMC-407-A-12-00-00-00A-040A-A Table 3,,,,,,"Ref. BHT-407-MM, Chapter 12, General, DMC-407-A-12-00-00-00A-040A-A Table 3.",07/15/2026,2587.10,,,6756.00,,12,300.00,,,,0,36,30.00,,,,07/15/2027,,2887.10,,,,,,,,10,,9,,81.60,,,,,,,,No,10+ Days,,10/27/2026,,,,,,,,,,RII,
N407MZ,IHC Health Services,10/05/2026,2805.50,0,12 HYD TBL 3,Airframe,2805.50,,0,7326.00,INSPECTION,,,,300 HOUR/12 MONTH HYDRAULIC FLUID CHANGE,DMC-407-A-12-00-00-00A-040A-A Table 3,,,,,,"Ref.  BHT-407-MM, Chapter 12, General, DMC-407-A-12-00-00-00A-040A-A Table 3.",07/15/2026,2587.10,,,6756.00,,12,300.00,,,,0,36,30.00,,,,07/15/2027,,2887.10,,,,,,,,10,,9,,81.60,,,,,,,,No,10+ Days,,10/27/2026,,,,,,,,,,,
N407MZ,IHC Health Services,10/05/2026,2805.50,0,12 TBL 2,Airframe,2805.50,,0,7326.00,INSPECTION,,,,300 HOUR TAIL ROTOR DRIVE SHAFT & OIL COOLER BEARING LUBRICATION,DMC-407-A-12-00-00-00A-040A-A Table 2,,,,,,REF. BHT-407-MM CH. 12 SERVICING TABLE 2 DMC-407-A-12-00-00-00A-040A-A,07/15/2026,2587.10,,,6756.00,,,300.00,,,,,,30.00,,,,,,2887.10,,,,,,,,,,,,81.60,,,,,,,,No,10+ Days,,10/27/2026,,,,,,,,,,,
N407MZ,IHC Health Services,10/05/2026,2805.50,0,12 TBL 3,Airframe,2805.50,,0,7326.00,INSPECTION,,,,300 HOUR/12 MONTH MAIN ROTOR TRANSMISSION OIL & FILTER CHANGE,DMC-407-A-12-00-00-00A-040A-A Table 3,,,,,,"REF. BHT-407-MM, Chapter 12, General, Table 3, DMC-407-A-A-12-00-00-00A-040A-A.",07/15/2026,2587.10,,,6756.00,,12,300.00,,,,0,36,30.00,,,,07/15/2027,,2887.10,,,,,,,,10,,9,,81.60,,,,,,,,No,10+ Days,,10/27/2026,,,,,,,,,,,
N407MZ,IHC Health Services,10/05/2026,2805.50,0,12 TBL 3,Airframe,2805.50,,0,7326.00,INSPECTION,,,,300 HOUR/12 MONTH TAIL ROTOR GEARBOX OIL CHANGE,DMC-407-A-12-00-00-00A-040A-A Table 3,,,,,,"Ref. BHT-407-MM, Chapter 12, General,  DMC-407-A-12-00-00-00A-040A-A Table 3.",07/15/2026,2587.10,,,6756.00,,12,300.00,,,,0,36,30.00,,,,07/15/2027,,2887.10,,,,,,,,10,,9,,81.60,,,,,,,,No,10+ Days,,10/27/2026,,,,,,,,,,,
N407MZ,IHC Health Services,10/05/2026,2805.50,0,25 AA FLT/FLOAT STEP 300HR/12M,Airframe,2805.50,,0,7326.00,INSPECTION,,ICA,,300 HOUR/12 MONTH AERONAUTICAL ACCESSORIES FLIGHTSTEP/FLOATSTEP INSPECTION,AERONAUTICAL ACCESSORIES AA-01162,,,,,,Complied with the 300 HOUR/12 MONTH AERONAUTICAL ACCESSORIES FLIGHTSTEP/FLOATSTEP INSPECTION. IAW Ref. Aeronautical Accessories ICA AA-01162.,07/15/2026,2587.10,,,6756.00,,12,300.00,,,,,,,,,,07/15/2027,,2887.10,,,,,,,,10,,9,,81.60,,,,,,,,No,10+ Days,,10/27/2026,,,,,,,,,,,
N407MZ,IHC Health Services,10/05/2026,2805.50,0,25 AFS IVF 300HR/12M,Airframe,2805.50,,0,7326.00,INSPECTION,,ICA,IVF,300 HOUR/12 MONTH DONALDSON IVF FILTER CLEANING AND INSPECTION,AFS-BH407-IBF-KIT-ICA,106251-101,0412,,,,"Complied with the 300 HOUR/12 MONTH IVF FILTER CLEANING AND INSPECTION. IAW Ref. Donaldson Filtration Solutions ICA AFS-BH407-IBF-KIT-ICA, Table 1 and paragraph 7.3.",07/15/2026,2587.10,,,6756.00,,12,300.00,,,,,,,,,,07/31/2027,,2887.10,,,,,,,,26,,9,,81.60,,,,,,,,No,10+ Days,,10/27/2026,,,,,,,,,,,
N407MZ,IHC Health Services,10/05/2026,2805.50,0,25 DART BEARPAW,Airframe,2805.50,,0,7326.00,INSPECTION,,ICA,,300 HOUR/ 12 MONTH DART BEARPAW INSPECTION,Ref. DART ICA-D206-559,,,,,,,07/15/2026,2587.10,,,6756.00,0,12,300.00,0,0.00,0.00,0,0,,0,0.00,0.00,07/15/2027,,2887.10,,,,,,,,10,,9,,81.60,,,,,,,,No,10+ Days,,10/27/2026,,,,,,,,,,,
N407MZ,IHC Health Services,10/05/2026,2805.50,0,25 PARAVION 300HR/12M,Airframe,2805.50,,0,7326.00,INSPECTION,,ICA,,300 HOUR / 12 MONTH PARAVION AIR CONDITIONING SYSTEM,Ref. PR-407AC-120M,,,,,,,07/15/2026,2587.10,,,6756.00,0,12,300.00,0,0.00,0.00,0,0,,0,0.00,0.00,07/15/2027,,2887.10,,,,,,,,10,,9,,81.60,,,,,,,,No,10+ Days,,10/27/2026,,,,,,,,,,,
N407MZ,IHC Health Services,10/05/2026,2805.50,0,25 PARAVION SNOW DEFL 300HR/12M,Airframe,2805.50,,0,7326.00,INSPECTION,,ICA,,300 HOUR/12 MONTH PARAVION SNOW DEFLECTOR AND DZUS HARDWARE INSPECTION,Ref. Paravion PR-206/407SD-120M,,,,,,Complied with the 300 HOUR/12 MONTH PARAVION SNOW DEFLECTOR AND DZUS HARDWARE INSPECTION. IAW Ref Paravion PR-206/407SD-120M,07/15/2026,2587.10,,,6756.00,,12,300.00,,,,,,,,,,07/15/2027,,2887.10,,,,,,,,10,,9,,81.60,,,,,,,,No,10+ Days,,10/27/2026,,,,,,,,,,,
N407MZ,IHC Health Services,10/05/2026,2805.50,0,53 04-300,Airframe,2805.50,,0,7326.00,INSPECTION,,AIRWORTHINESS,,300 HOUR TAILBOOM ASSEMBLY AIRWORTHINESS LIMITATIONS INSPECTION,DMC-407-A-04-00-00-00A-288A-A TABLE 2,,,,,,"REF. BHT-407-MPI, CH. 4 AIRWORTHINESS LIMITATIONS TABLE 2 DMC-407-A-04-00-00-00A-288A-A.",07/15/2026,2587.10,,,6756.00,0,0,300.00,0,0.00,0.00,0,0,,0,0.00,0.00,,,2887.10,,,,,,,,,,,,81.60,,,,,,,,No,10+ Days,,10/27/2026,,,,,,,,,,,
N407MZ,IHC Health Services,10/05/2026,2805.50,0,72 72/300,Engine 1,3228.10,6303.00,,,INSPECTION,,INSPECT,CAE-847339,300 HOUR/12 MONTH ENGINE INSPECTION,M250-C47E/4-OMM   72-00-00-200-801 Table 6.,,,,,,"**USE TABLE 6 ONLY DUE TO SERVICE WITH MOBIL 254 OIL (3RD GENERATION OIL)** In addition to the 150 hour inspection items, perform the following: **SEE SUB ITEMS**",07/15/2026,3009.70,,5827.00,,,12,300.00,,,,,,,,,,07/15/2027,,3309.70,,,,,,,,10,,9,,81.60,,,,,,,,No,10+ Days,,10/27/2026,,,,,,,,,,,
N407MZ,IHC Health Services,10/05/2026,2805.50,0,407-23-133,Airframe,2805.50,,0,7326.00,ASB,,,,HORIZONTAL STABILIZER AND CARGO HOOK FITTINGS - SELF LOCKING INSERTS INSPECTION,ASB 407-23-133,,,,,,300HR/12M RECURRING TO AIRCRAFT AFFECTED BY THIS ASB.,07/15/2026,2587.10,,,6756.00,,12,300.00,0,0.00,,0,0,,0,0.00,0.00,07/15/2027,,2887.10,,,,,,,,10,,9,,81.60,,,,,,,,No,10+ Days,,10/27/2026,,,,,,,,,,,
N407MZ,IHC Health Services,10/05/2026,2805.50,0,AD 2018-10-06 AMD 39-19281,Airframe,2805.50,,0,7326.00,AD,,,,AD 2018-10-06 300 HOUR TAIL ROTOR DRIVE SHAFT,"AD 2018-10-06, Amend. 39-19281 Para. (e)(1)(3)",,,,,,Completed AD 2018-10-06 by inspecting each TR driveshaft segment assembly for rotational and axial play between the adapter and the TR driveshaft.,07/15/2026,2587.10,,,6756.00,,,300.00,,,,,,30.00,,,,,,2887.10,,,,,,,,,,,,81.60,,,,,,,,No,10+ Days,,10/27/2026,,,,,,,,,,,
N407CP,IHC Health Services,10/04/2026,10206.30,1,AD 2026-14-07 AMD 39-23408,Airframe,10206.30,,1,22355.00,AD,,,,[RECURRING] THIS AD WAS PROMPTED BY A REPORT OF A FRACTURED PILOT CYCLIC STICK TUBE AND SUBSEQUENT FINDINGS OF OTHER PILOT CYCLIC STICK TUBES WITH FATIGUE CRACKING. THE FAA IS ISSUING THIS AD TO DETECT AND CORRECT A CRACK IN THE PILOT CYCLIC STICK ...,,,,,,,"INITIAL DUE DATE AND TIME WILL BE DUE IN 100 HOURS OR NOVEMBER 19,2026 (90 DAYS AFTER AUGUST 21, 2026) - THEN RECURRING EVERY 300 HOURS OR 6 MONTHS THEREAFTER",,,,,,,,,,,,,,,,,,11/19/2026,,10239.20,,,,,,,,14,,1,,32.90,,,,,,,,No,10+ Days,,10/27/2026,,,,,,,,,,,
N407PW,IHC Health Services,10/04/2026,1441.00,0,34 GARMIN,Airframe,1441.00,,0,1740.00,INSPECTION,,,,28 DAY GPS NAVIGATION DATABASE UPDATE,Ref. Garmin G1000H NXi pilot users guide.,,,,,,,09/29/2026,1432.20,,,1732.00,28,0,,0,0.00,0.00,0,5,,0,0.00,0.00,10/27/2026,,,,,,,,,,22,,0,,,,,,,,,,No,10+ Days,,10/27/2026,,,,,,,,,,,
N469JX,IHC Health Services,09/30/2026,3681.00,0,35 GMM CH 5-7.6.1,Airframe,3681.00,,0,9318.00,INSPECTION,,,,MONTHLY PORTABLE OXYGEN BOTTLE EXCHANGE WITH VENDOR SERVICED UNIT,,,,,,,".COMPLIED WITH ALL MONTHLY PORTABLE OXYGEN BOTTLE EXCHANGE WITH VENDOR SERVICED UNITS .  CW GMM CH 5-7.6.1
NO DEFECTS NOTED .",09/27/2026,3673.40,,,9306.00,0,1,,0,0.00,0.00,0,0,,0,0.00,0.00,10/27/2026,,,,,,,,,,22,,0,,,,,,,,,,No,10+ Days,,10/27/2026,,,,,,,,,,Pilot Task; PILOT GOM,
N307KH,IHC Health Services,10/03/2026,23110.00,0,05 SI/TFC7,Airframe,23110.00,,0,81023.00,INSPECTION,,,TFC,"SPECIAL INSPECTIONS- TORQUE/FRICTION CHECK - (90 TO 110) HOURS AFTER INSTALLATION, ENGINE MOUNTS TORQUE CHECK",DMC-407-A-05-40-00-00A-283A-A table 1,,,,,,,07/21/2026,23042.40,,,80870.00,0,0,90.00,0,0.00,0.00,0,0,20.00,0,0.00,0.00,,,23132.40,,,,,,,,,,,,22.40,,,,,,,,No,10+ Days,,10/27/2026,,,,,,,,,,Torque Check,
N7160V,IHC Health Services,10/04/2026,10771.90,0,34 GARMIN,Airframe,10771.90,,0,27183.00,INSPECTION,,,,28 DAY GPS NAVIGATION DATABASE UPDATE,Garmin GNS  Pilot User  Guide,,,,,1.20,ACCOMPLISHED THE 28 DAY GPS NAVIGATION DATABASE UPDATE IAW Garmin GNS  Pilot User  Guide (Ref. Garmin GTN 625/635/650 Pilot’s Guide and G500(H)/G600/G700 TXi Pilot's Guide) NO TOOLS REQUIRED!,09/29/2026,10762.20,,,27170.00,28,0,,0,0.00,0.00,0,5,,0,0.00,0.00,10/28/2026,,,,,,,,,,23,,0,,,,,,,,,,No,10+ Days,,10/28/2026,,,,,,,,,,,
N466GH,IHC Health Services,10/04/2026,3267.50,0,34 GARMIN,Airframe,3267.50,,0,7636.00,INSPECTION,,,,28 DAY GPS NAVIGATION DATABASE UPDATE,,,,,,,"REF. Garmin G500(H)/G600/G700 TXi, GTR 225/225A/225B & GTN Xi Series Pilot's Guides",09/30/2026,3258.10,,,7624.00,28,0,,0,0.00,0.00,0,5,,0,0.00,0.00,10/28/2026,,,,,,,,,,23,,0,,,,,,,,,,No,10+ Days,,10/28/2026,,,,,,,,,,,
N407LF,IHC Health Services,10/05/2026,5349.30,17156,34 GARMIN,Airframe,5349.30,,17156,13084.00,INSPECTION,,,,28 DAY GPS NAVIGATION DATABASE UPDATE,,,,,,0.80,"REF. Garmin G1000H Pilot User  Guide

Updated GPS databases as applicable.  IAW Garmin G1000H Pilot's Guide for the Bell 407GX doc 190-01255-03.",09/30/2026,5339.30,,,13066.00,28,0,,0,0.00,0.00,0,5,,0,0.00,0.00,10/28/2026,,,,,,,,,,23,,0,,,,,,,,,,No,10+ Days,,10/28/2026,,,,,,,,,,,
N407JM,IHC Health Services,10/04/2026,5829.10,0,34 GARMIN,Airframe,5829.10,,0,16558.00,INSPECTION,,,,28 DAY GPS NAVIGATION DATABASE UPDATE,REF. GARMIN GTN 625/635/650 PILOTS GUIDE,,,,,0.50,,09/30/2026,5819.80,,,16531.00,28,0,,0,0.00,0.00,0,5,,0,0.00,0.00,10/28/2026,,,,,,,,,,23,,0,,,,,,,,,,No,10+ Days,,10/28/2026,,,,,,,,,,,
N407FM,IHC Health Services,10/04/2026,2702.50,0,34 GARMIN,Airframe,2702.50,,0,6837.00,INSPECTION,,,,28 DAY GPS NAVIGATION DATABASE UPDATE,,,,,,,Complied with 28 DAY NAVIGATION DATABASE UPDATE Ref. Garmin G1000H NXi pilot users guide.,09/30/2026,2688.10,,,6809.00,28,0,,0,0.00,0.00,0,5,,0,0.00,0.00,10/28/2026,,,,,,,,,,23,,0,,,,,,,,,,No,10+ Days,,10/28/2026,,,,,,,,,,,
N407CH,IHC Health Services,10/04/2026,17743.70,1,34 GARMIN,Airframe,17743.70,,1,43738.00,INSPECTION,,,,28 DAY GPS NAVIGATION DATABASE UPDATE,REF. GARMIN GTN 625/635/650 PILOTS GUIDE,,,,,,ACCOMPLISHED 28 DAY GPS NAVIGATION DATABASE UPDATE IAW REF. GARMIN GTN 625/635/650 PILOTS GUIDE,09/30/2026,17728.60,,,43715.00,28,0,,0,0.00,0.00,0,5,,0,0.00,0.00,10/28/2026,,,,,,,,,,23,,0,,,,,,,,,,No,10+ Days,,10/28/2026,,,,,,,,,,,
N407BY,IHC Health Services,10/04/2026,1229.40,0,34 GARMIN,Airframe,1229.40,,0,2649.00,INSPECTION,,,,28 DAY GPS NAVIGATION DATABASE UPDATE,,,,,,,Complied with 28 DAY NAVIGATION DATABASE UPDATE Ref. Garmin G1000H NXi pilot users guide.,09/30/2026,1223.70,,,2635.00,28,0,,0,0.00,0.00,0,5,,0,0.00,0.00,10/28/2026,,,,,,,,,,23,,0,,,,,,,,,,No,10+ Days,,10/28/2026,,,,,,,,,,,
N407RU,IHC Health Services,09/23/2026,2043.40,0,12 TBL 2,Airframe,2043.40,,0,3639.00,INSPECTION,,RII,,(RII) 50 HOUR/3 MONTH LUBRICATION ITEMS,DMC-407-A-12-00-00-00A-040A-A Table 2,,,,,,Completed 50 hour/ 3 month lubrication items. Swashplate and pitch link bearings were serviced with Mobil 28 grease. Ref. DMC-407-A-12-00-00-00A-040A-A TBL 2 / WITHOUT DISASSEMBLY,09/14/2026,2028.10,,,3616.00,0,3,50.00,0,0.00,0.00,0,9,5.00,0,0.00,0.00,12/31/2026,,2078.10,,,,,,,,26,,2,,34.70,,,,,,,,No,10+ Days,,10/28/2026,,,,,,,,,,RII,
N466GH,IHC Health Services,10/04/2026,3267.50,0,25 HELIFAB 16 100 HR,Airframe,3267.50,,0,7636.00,INSPECTION,,ICA,,100 HOUR HELIFAB ARTICULATING MEDICAL LITTER INSPECTION,HF-CA-7-16,,,,,,REF HELIFAB ICA HF-CA-7-16,09/06/2026,3214.10,,,7565.00,0,0,100.00,0,0.00,0.00,0,0,,0,0.00,0.00,,,3314.10,,,,,,,,,,,,46.60,,,,,,,,No,10+ Days,,10/28/2026,,,,,,,,,,,
N407FC,IHC Health Services,10/05/2026,14985.10,0,ASB 407-26-146,Airframe,14985.10,,0,33090.00,ASB,,,,"ALERT SERVICE BULLETIN - GARMIN G1000H NXI SOFTWARE 006-B1237-24, INTRODUCTION OF",,,,,,,,05/08/2026,14702.70,,,32488.00,0,12,330.00,0,0.00,0.00,0,0,,0,0.00,0.00,05/31/2027,,15032.70,,,,,,,,26,,7,,47.60,,,,,,,,No,10+ Days,,10/29/2026,,,,,,,,,,,
N407TH,IHC Health Services,10/03/2026,8845.50,2,25 00-51,Airframe,8845.50,,2,20680.00,INSPECTION,,ICA,ELT,30 DAY ARTEX ELT FUNCTIONAL CHECK,ARTEX MANUAL 570-1600 REV. AG,453-6603,11568,,,,"REF. ARTEX MANUAL 570-1600 REV. AG, SUBTASK 25-62-30-750-001 E, AND SUBTASK 25-62-30-750-012.",09/29/2026,8831.40,,,20658.00,30,0,,0,0.00,0.00,0,0,,0,0.00,0.00,10/29/2026,,,,,,,,,,24,,0,,,,,,,,,,No,10+ Days,,10/29/2026,,,,,,,,,,,
N407RU,IHC Health Services,09/23/2026,2043.40,0,25 60.01,Airframe,2043.40,,0,3639.00,INSPECTION,,,,SWITLIK LIFE VEST 6 MONTH INSPECTION,GOM,,,,,,Refer to most recent GMM rev,04/29/2026,1847.80,,,3312.00,0,6,,0,0.00,0.00,0,0,,0,0.00,0.00,10/29/2026,,,,,,,,,,24,,0,,,,,,,,,,No,10+ Days,,10/29/2026,,,,,,,,,,Pilot Task; PILOT GOM,
N7160V,IHC Health Services,10/04/2026,10771.90,0,25 ARTEX ELT 30 DAY,Airframe,10771.90,,0,27183.00,INSPECTION,,ICA,,"30 DAY ARTEX ELT FUNCTIONAL CHECK- . Functional Check 1) A monthly functional check is recommended to verify operational status of the ELT.
2) Perform this functional check in accordance with SUBTASK 25-62-10-750-012 on page 33.",ARTEX MANUAL 570-5001 REV. N,,,,,,"The aircraft transceiver is not recommended for this test, because it is too sensitive to  verify the integrity of the antenna system and it may pick up a weak signal even if the  antenna is disconnected from the ELT. An AM radio provides a better level of  confidence for this test
CAUTION: DO NOT ALLOW THE DURATION OF THIS TEST TO EXCEED 5 SECONDS. THE ELT  WILL TRANSMIT A 406 MHZ SIGNAL AFTER THE ELT IS ACTIVATED FOR  APPROXIMATELY 47 SECONDS. THE COSPAS-SARSAT SATELLITE SYSTEM WILL  CONSIDER THE 406 MHZ TRANSMISSION TO BE A VALID DISTRESS SIGNAL.

ACCOMPLISHED THE 30 DAY FUNCTIONAL CHECK IAW THE ARTEX 570-5001 Rev. N SUBTASK 25-62-10-750-001 page 22.NO TOOLS REQUIRED.",09/29/2026,10762.20,,,27170.00,30,0,,0,0.00,0.00,0,0,,0,0.00,0.00,10/29/2026,,,,,,,,,,24,,0,,,,,,,,,,No,10+ Days,,10/29/2026,,,,,,,,,,,
N407LP,IHC Health Services,10/01/2026,4415.70,0,25 HELIFAB 206 1200HR/12M,Airframe,4415.70,,0,11404.00,INSPECTION,,ICA,,1200 HR/ 12 MONTH HELIFAB STORAGE BIN INSPECTION,HELIFAB HF-206-ICA-2500-0002,,,,,,REF. HELIFAB ICA HF-206-ICA-2500-0002,10/29/2025,3949.10,,,10093.00,0,12,1200.00,0,0.00,0.00,0,0,,0,0.00,0.00,10/29/2026,,5149.10,,,,,,,,24,,0,,733.40,,,,,,,,No,10+ Days,,10/29/2026,,,,,,,,,,,
N7160V,IHC Health Services,10/04/2026,10771.90,0,26 01-01,Airframe,10771.90,,0,27183.00,INSPECTION,,INSPECT,FIRE EXT,30 DAY FIRE EXTINGUISHER INSPECTION,NFPA 10 Ch. 7.2,A344,H-32967761,,,,"ACCOMPLISHED THE 30 DAY FIRE EXTINGUISHER INSPECTION IAW NFPA 10 Ch. 7.2, NO TOOLS REQUIRED.",09/29/2026,10762.20,,,27170.00,30,,,,,,,,,,,,10/29/2026,,,,,,,,,,24,,0,,,,,,,,,,No,10+ Days,,10/29/2026,,,,,,,,,,Pilot Task; PILOT GOM,
N407ZM,IHC Health Services,10/04/2026,5575.00,1722,26 01-01,Airframe,5575.00,,1722,13725.00,INSPECTION,,INSPECT,FIRE EXT,30 DAY FIRE EXTINGUISHER INSPECTION,NFPA 10 Ch. 7.2,A344,I-14567006,,,,,10/01/2026,5567.70,,,13709.00,30,,,,,,,,,,,,10/29/2026,,,,,,,,,,24,,0,,,,,,,,,,No,10+ Days,,10/29/2026,,,,,,,,,,Ramp Check; Pilot Task; Pilots; PILOT GOM,
N407TH,IHC Health Services,10/03/2026,8845.50,2,26 01-01,Airframe,8845.50,,2,20680.00,INSPECTION,,INSPECT,FIRE EXTING,30 DAY FIRE EXTINGUISHER INSPECTION,NFPA 10 Ch. 7.2,A344,H-02379596,,,,,09/29/2026,8831.40,,,20658.00,30,,,,,,,,,,,,10/29/2026,,,,,,,,,,24,,0,,,,,,,,,,No,10+ Days,,10/29/2026,,,,,,,,,,Pilot Task; PILOT GOM,
N407ZM,IHC Health Services,10/04/2026,5575.00,1722,34 GARMIN,Airframe,5575.00,,1722,13725.00,INSPECTION,,,,28 DAY GPS NAVIGATION DATABASE UPDATE,,,,,,,REF. Garmin G500H and GTN 625/635/650 Pilot's Guides,10/01/2026,5567.70,,,13709.00,28,0,,0,0.00,0.00,0,5,,0,0.00,0.00,10/29/2026,,,,,,,,,,24,,0,,,,,,,,,,No,10+ Days,,10/29/2026,,,,,,,,,,,
N407NW,IHC Health Services,10/04/2026,2093.00,0,34 GARMIN,Airframe,2093.00,,0,3776.00,INSPECTION,,,,28 DAY GPS NAVIGATION DATABASE UPDATE,Ref. Garmin G1000H NXi pilot users guide.,,,,,,Complied with 28 DAY NAVIGATION DATABASE UPDATE Ref. Garmin G1000H NXi pilot users guide.',10/01/2026,2092.00,,,3769.00,28,0,,0,0.00,0.00,0,5,,0,0.00,0.00,10/29/2026,,,,,,,,,,24,,0,,,,,,,,,,No,10+ Days,,10/29/2026,,,,,,,,,,,
N407FC,IHC Health Services,10/05/2026,14985.10,0,34 GARMIN,Airframe,14985.10,,0,33090.00,INSPECTION,,,,28 DAY GPS NAVIGATION DATABASE UPDATE,,,,,,,,10/01/2026,14979.30,,,33078.00,28,0,,0,0.00,0.00,0,5,,0,0.00,0.00,10/29/2026,,,,,,,,,,24,,0,,,,,,,,,,No,10+ Days,,10/29/2026,,,,,,,,,,,
N407CN,IHC Health Services,10/02/2026,4963.50,0,34 GARMIN,Airframe,4963.50,,0,11871.00,INSPECTION,,,,28 DAY GPS NAVIGATION DATABASE UPDATE,Garmin GTN650 and G500H Pilot User  Guide,,,,,,,10/01/2026,4963.50,,,11871.00,28,0,,0,0.00,0.00,0,5,,0,0.00,0.00,10/29/2026,,,,,,,,,,24,,0,,,,,,,,,,No,10+ Days,,10/29/2026,,,,,,,,,,,
N39KM,IHC Health Services,10/03/2026,3577.00,0,34 GARMN,Airframe,3577.00,,0,8191.00,INSPECTION,,,,28 DAY GPS NAVIGATION DATABASE UPDATE,Garmin G1000H Pilot's Guide,,,,,,Ref. Garmin G1000H Pilot's Guide.,10/01/2026,3573.00,,,8183.00,28,0,,0,0.00,0.00,0,5,,0,0.00,0.00,10/29/2026,,,,,,,,,,24,,0,,,,,,,,,,No,10+ Days,,10/29/2026,,,,,,,,,,,
N407FM,IHC Health Services,10/04/2026,2702.50,0,12 TBL 2,Airframe,2702.50,,0,6837.00,INSPECTION,,RII,,(RII) 50 HOUR/3 MONTH LUBRICATION ITEMS,DMC-407-A-12-00-00-00A-040A-A Table 2,,,,,,"Complied with 50 HOUR / 3 MONTHS LUBRICATION ITEMS ref. SERVICING General DMC-407-A-12-00-00-00A-040A-A table 2.

COMPLIED WITH 50 HOUR/3 MONTH LUBRICATION ITEMS REF. BHT-407-MM CH. 12 SERVICING TABLE 2 DMC-407-A-12-00-00-00A-040A-A. SWASHPLATE BEARINGS (2 PLACES) AND PITCH CHANGE LINK BEARING (4 PLACES). ACCOMPLISHED USING ALTERNATE METHOD IAW 407-CH12. No disassembly required.",10/04/2026,2702.40,,,6835.00,0,3,50.00,0,0.00,0.00,0,9,5.00,0,0.00,0.00,01/04/2027,,2752.40,,,,,,,,30,,2,,49.90,,,,,,,,No,10+ Days,,10/30/2026,,,,,,,,,,RII,
N407CN,IHC Health Services,10/02/2026,4963.50,0,25 AFS IBF 100HR,Airframe,4963.50,,0,11871.00,INSPECTION,,ICA,,100 HOUR DONALDSON IBF VISUAL INSPECTION,AFS-BH407-IBF-KIT-ICA REV. G,,,,,,Ref: Donaldson Doc. AFS-BH407-407-IBF-KIT-ICA,06/24/2026,4894.70,,,11649.00,,,100.00,,,,,,,,,,,,4994.70,,,,,,,,,,,,31.20,,,,,,,,No,10+ Days,,10/30/2026,,,,,,,,,,,
N407CN,IHC Health Services,10/02/2026,4963.50,0,25 AFS IVF 100HR,Airframe,4963.50,,0,11871.00,INSPECTION,,ICA,,100 HOUR DONALDSON IVF INSPECTION,AFS-BH407-IBF-KIT-ICA REV. G,,,,,,,06/24/2026,4894.70,,,11649.00,,,100.00,,,,,,,,,,,,4994.70,,,,,,,,,,,,31.20,,,,,,,,No,10+ Days,,10/30/2026,,,,,,,,,,,
N466GH,IHC Health Services,10/04/2026,3267.50,0,25 00-51,Airframe,3267.50,,0,7636.00,INSPECTION,,ICA,,30 DAY ARTEX ELT FUNCTIONAL CHECK,ARTEX MANUAL 570-5060 REV. AA,,,,,,"REF. ARTEX MANUAL 570-5060 REV. AA, PAGE 25 (E), AND PAGE 38 (Q).",09/30/2026,3255.60,,,7621.00,30,0,,0,0.00,0.00,0,0,,0,0.00,0.00,10/30/2026,,,,,,,,,,25,,0,,,,,,,,,,No,10+ Days,,10/30/2026,,,,,,,,,,,
N407JM,IHC Health Services,10/04/2026,5829.10,0,25 00-51,Airframe,5829.10,,0,16558.00,INSPECTION,,ICA,,30 DAY ARTEX ELT FUNCTIONAL CHECK,ARTEX MANUAL 570-5000 REV. V,,,,,,REF. ARTEX MANUAL 570-5000 REV. V  SUBTASK 25-62-11-750--001 (E),09/30/2026,5819.80,,,16531.00,30,0,,0,0.00,0.00,0,0,,0,0.00,0.00,10/30/2026,,,,,,,,,,25,,0,,,,,,,,,,No,10+ Days,,10/30/2026,,,,,,,,,,,
N7160V,IHC Health Services,10/04/2026,10771.90,0,25 HELIFAB 16 12M/1200HR,Airframe,10771.90,,0,27183.00,INSPECTION,,ICA,,12 MONTH/ 1200 HOUR HELIFAB ARTICULATING MEDICAL LITTER INSPECTION,HELIFAB HF-CA-7-16,,,,,,Inspection inside the articulating medical litter,10/30/2025,10502.60,,,26279.00,0,12,1200.00,0,0.00,0.00,0,0,,0,0.00,0.00,10/30/2026,,11702.60,,,,,,,,25,,0,,930.70,,,,,,,,No,10+ Days,,10/30/2026,,,,,,,,,,,
N466GH,IHC Health Services,10/04/2026,3267.50,0,26 01-01,Airframe,3267.50,,0,7636.00,INSPECTION,,INSPECT,,30 DAY FIRE EXTINGUISHER INSPECTION,NFPA 10 Ch. 7.2,,,,,,COMPLIED WITH 30 DAY FIRE EXTINGUISHER INSPECTION REF. NFPA 10 CH 7.2.,09/30/2026,3255.60,,,7621.00,30,,,,,,,,,,,,10/30/2026,,,,,,,,,,25,,0,,,,,,,,,,No,10+ Days,,10/30/2026,,,,,,,,,,Pilot Task; PILOT GOM,
N407BY,IHC Health Services,10/04/2026,1229.40,0,26 01-01,Airframe,1229.40,,0,2649.00,INSPECTION,,INSPECT,,30 DAY FIRE EXTINGUISHER INSPECTION,NFPA 10 Ch. 7.2,,,,,,Complied with 30 DAY FIRE EXTINGUISHER INSPECTION Ref. NFPA 10 Ch. 7.2.,09/30/2026,1223.70,,,2635.00,30,,,,,,,,,,,,10/30/2026,,,,,,,,,,25,,0,,,,,,,,,,No,10+ Days,,10/30/2026,,,,,,,,,,Pilot Task; PILOT GOM,
N407SL,IHC Health Services,10/04/2026,2240.90,0,34 GARMIN,Airframe,2240.90,,0,5434.00,INSPECTION,,,,28 DAY GPS NAVIGATION DATABASE UPDATE,,,,,,,Completed 28 DAY NAVIGATION DATABASE UPDATE Ref. Garmin G1000H NXi pilot users guide.,10/02/2026,2236.50,,,5425.00,28,0,,0,0.00,0.00,0,5,,0,0.00,0.00,10/30/2026,,,,,,,,,,25,,0,,,,,,,,,,No,10+ Days,,10/30/2026,,,,,,,,,,,
N407MZ,IHC Health Services,10/05/2026,2805.50,0,34 GARMIN,Airframe,2805.50,,0,7326.00,INSPECTION,,,,28 DAY GPS NAVIGATION DATABASE UPDATE,,,,,,,COMPLIED WITH THE 28 DAY GPS NAVIGATION DATABASE UPDATE  IAW REF: Garmin G1000H NXi (Heli) DATA BASE SYSTEM & Pilot User Guide. No tools required,10/02/2026,2798.30,,,7306.00,28,0,,0,0.00,0.00,0,5,,0,0.00,0.00,10/30/2026,,,,,,,,,,25,,0,,,,,,,,,,No,10+ Days,,10/30/2026,,,,,,,,,,,
N407LP,IHC Health Services,10/01/2026,4415.70,0,34 GARMIN,Airframe,4415.70,,0,11404.00,INSPECTION,,,,28 DAY GPS NAVIGATION DATABASE UPDATE,,,,,,,REF: Garmin G1000H (Heli) Pilot User Guide.,10/02/2026,4415.70,,,11404.00,28,0,,0,0.00,0.00,0,5,,0,0.00,0.00,10/30/2026,,,,,,,,,,25,,0,,,,,,,,,,No,10+ Days,,10/30/2026,,,,,,,,,,,
N407ZM,IHC Health Services,10/04/2026,5575.00,1722,35 GMM CH 5-7.6.1,Airframe,5575.00,,1722,13725.00,INSPECTION,,,,MONTHLY PORTABLE OXYGEN BOTTLE EXCHANGE WITH VENDOR SERVICED UNIT,,,,,,,,09/30/2026,5567.70,,,13709.00,0,1,,0,0.00,0.00,0,0,,0,0.00,0.00,10/30/2026,,,,,,,,,,25,,0,,,,,,,,,,No,10+ Days,,10/30/2026,,,,,,,,,,Pilot Task; PILOT GOM,
N407JM,IHC Health Services,10/04/2026,5829.10,0,35 GMM CH 5-7.6.1,Airframe,5829.10,,0,16558.00,INSPECTION,,,,MONTHLY PORTABLE OXYGEN BOTTLE EXCHANGE WITH VENDOR SERVICED UNIT,,,,,,,,09/30/2026,5819.80,,,16530.00,0,1,,0,0.00,0.00,0,0,,0,0.00,0.00,10/30/2026,,,,,,,,,,25,,0,,,,,,,,,,No,10+ Days,,10/30/2026,,,,,,,,,,Pilot Task; PILOT GOM,
N407CN,IHC Health Services,10/02/2026,4963.50,0,35 GMM CH 5-7.6.1,Airframe,4963.50,,0,11871.00,INSPECTION,,,,MONTHLY PORTABLE OXYGEN BOTTLE EXCHANGE WITH VENDOR SERVICED UNIT,,,,,,,,09/30/2026,4960.80,,,11868.00,0,1,,0,0.00,0.00,0,0,,0,0.00,0.00,10/30/2026,,,,,,,,,,25,,0,,,,,,,,,,No,10+ Days,,10/30/2026,,,,,,,,,,Pilot Task; PILOT GOM,
N39KM,IHC Health Services,10/03/2026,3577.00,0,35 GMM CH 5-7.6.1,Airframe,3577.00,,0,8191.00,INSPECTION,,,,MONTHLY PORTABLE OXYGEN BOTTLE EXCHANGE WITH VENDOR SERVICED UNIT,,,,,,,,09/30/2026,3573.00,,,8183.00,0,1,,0,0.00,0.00,0,0,,0,0.00,0.00,10/30/2026,,,,,,,,,,25,,0,,,,,,,,,,No,10+ Days,,10/30/2026,,,,,,,,,,Pilot Task; PILOT GOM,
N407LF,IHC Health Services,10/05/2026,5349.30,17156,72 INSP 600HR/12MO,Engine 1,2738.40,4125.00,,,INSPECTION,,RII,CAE-847339,(RII) 600 HOUR/ 12 MONTH ENGINE OIL & SCAVENGE OIL FILTER CHANGE,"RR-C47B-O&M, 72-00-00 TBL 6 & 73-10-02",23063392,CAE-848427,,,,"Filter is replaced when oil is changed as a HSU recommended item. Ref. Rolls-Royce M250-C47B-O&M, Chapter 72-00-00 Table 6 and Chapter 73-10-02.",10/30/2025,2370.90,,0.00,,0,12,600.00,0,0.00,0.00,0,0,,0,0.00,0.00,10/30/2026,,2970.90,,,,,,,,25,,0,,232.50,,,,,,,,No,10+ Days,,10/30/2026,,,,,,,,,,RII; Monthly Planning,
N407BY,IHC Health Services,10/04/2026,1229.40,0,72 INSP 50 PWR CK,Airframe,1229.40,,0,2649.00,INSPECTION,,,,50 HOUR POWER CHECK (PILOT REQUIREMENT),,,,,,,,08/27/2026,1204.50,,,2598.00,,,50.00,,,,,,5.00,,,,,,1254.50,,,,,,,,,,,,25.10,,,,,,,,No,10+ Days,,10/30/2026,,,,,,,,,,Pilot Task; PILOT GOM,
N407NW,IHC Health Services,10/04/2026,2093.00,0,12 TBL 2,Airframe,2093.00,,0,3776.00,INSPECTION,,RII,,(RII) 50 HOUR/3 MONTH LUBRICATION ITEMS,DMC-407-A-12-00-00-00A-040A-A Table 2,,,,,,COMPLIED WITH 50 HOUR/3 MONTH LUBRICATION ITEMS IAW REF. BHT-407-MM CH. 12 SERVICING TABLE 2 DMC-407-A-12-00-00-00A-040A-A.,08/31/2026,2068.40,,,3700.00,,3,50.00,0,0.00,0.00,0,9,5.00,0,0.00,0.00,11/30/2026,,2118.40,,,,,,,,25,,1,,25.40,,,,,,,,No,10+ Days,,10/30/2026,,,,,,,,,,RII,
N307KH,IHC Health Services,10/03/2026,23110.00,0,12 TBL 2,Airframe,23110.00,,0,81023.00,INSPECTION,,RII,,(RII) 50 HOUR/3 MONTH LUBRICATION ITEMS,DMC-407-A-12-00-00-00A-040A-A Table 2,,,,,,"Complied with the 50 HOUR / 3 MONTHS LUBRICATION ITEMS,  IRT ref. SERVICING General DMC-407-A-12-00-00-00A-040A-A table 2. Using alternate method, no disassembly required. No tools required.",09/16/2026,23085.50,,,80958.00,0,3,50.00,0,0.00,0.00,0,9,5.00,0,0.00,0.00,12/31/2026,,23135.50,,,,,,,,26,,2,,25.50,,,,,,,,No,10+ Days,,10/30/2026,,,,,,,,,,RII,
N307KH,IHC Health Services,10/03/2026,23110.00,0,53 04-050,Airframe,23110.00,,0,81023.00,INSPECTION,,AIRWORTHINESS,,50 HOUR TAILBOOM ASSEMBLY INSPECTION,DMC-407-A-04-00-00-00A-288A-A note 10,,,,,,Complied with 50 HOUR TAILBOOM ASSEMBLY INSPECTION Ref. Airworthiness Limitation Schedule DMC-407-A-04-00-00-00A-288A-A note 10,09/16/2026,23085.50,,,80958.00,0,0,50.00,0,0.00,0.00,0,0,,0,0.00,0.00,,,23135.50,,,,,,,,,,,,25.50,,,,,,,,No,10+ Days,,10/30/2026,,,,,,,,,,,
N407JM,IHC Health Services,10/04/2026,5829.10,0,05 300HR- PERIODIC INSPECTION,Airframe,5829.10,,0,16558.00,INSPECTION,,INSPECT,,300 HOUR /12 MONTH PERIODIC AIRFRAME INSPECTION,DMC-407-A-05-40-00-06A-281A-A,,,,,24.00,"1. Do this inspection every 12 calendar months or every 300 hours of operation. 2. Do all six events of the airframe progressive inspection. Ref. DMC-407-A-05-40-00-06A-281A-A, Complete all 6 Progressive Inspection Events: DMC-407-A-05-40-00-00A-281A-A, DMC-407-A-05-40-00-01A-281A-A,DMC-407-A-05-40-00-02A-281A-A, DMC-407-A-05-40-00-03A-281A-A, DMC-407-A-05-40-00-04A-281A-A, DMC-407-A-05-40-00-05A-281A-A.",12/18/2025,5573.90,,,15642.00,,12,300.00,,,,,36,30.00,,,,12/31/2026,,5873.90,,,,,,,,26,,2,,44.80,,,,,,,,No,10+ Days,,10/30/2026,,,,,,,,,,,
N407JM,IHC Health Services,10/04/2026,5829.10,0,05 40-00-08A,Airframe,5829.10,,0,16558.00,INSPECTION,,INSPECT,,300 HOUR OPTIONAL EQUIPMENT INSPECTION,DMC-407-A-05-40-00-08A-281A-A,,,,,0.50,"REF. BHT-407-MPI, CH. 5 DMC-407-A-05-40-00-08A-281A-ADMC-407-A-05-40-00-08A-281A-A, Complete Inspection On All Currently Installed/Available Items.",12/18/2025,5573.90,,,15642.00,,,300.00,,,,,,30.00,,,,,,5873.90,,,,,,,,,,,,44.80,,,,,,,,No,10+ Days,,10/30/2026,,,,,,,,,,,
N407JM,IHC Health Services,10/04/2026,5829.10,0,12 HYD TBL 2,Airframe,5829.10,,0,16558.00,INSPECTION,,RII,,(RII) 300 HOUR/12 MONTH HYDRAULIC PUMP DRIVE SPLINE LUBRICATION,DMC-407-A-12-00-00-00A-040A-A Table 2,,,,,1.00,REF. BHT-407-MM CH. 12 SERVICING TABLE 2 DMC-407-A-12-00-00-00A-040A-A,12/15/2025,5573.90,,,15642.00,,12,300.00,,,,0,36,30.00,,,,12/31/2026,,5873.90,,,,,,,,26,,2,,44.80,,,,,,,,No,10+ Days,,10/30/2026,,,,,,,,,,RII,
N407JM,IHC Health Services,10/04/2026,5829.10,0,12 HYD TBL 3,Airframe,5829.10,,0,16558.00,INSPECTION,,RII,,(RII) 300 HOUR/12 MONTH HYDRAULIC FILTER CLEANING AND INSPECTION,DMC-407-A-12-00-00-00A-040A-A Table 3,,,,,1.00,"Ref. BHT-407-MM, Chapter 12, General, Table 3",12/15/2025,5573.90,,,15642.00,,12,300.00,,,,0,36,30.00,,,,12/31/2026,,5873.90,,,,,,,,26,,2,,44.80,,,,,,,,No,10+ Days,,10/30/2026,,,,,,,,,,RII,
N407JM,IHC Health Services,10/04/2026,5829.10,0,12 HYD TBL 3,Airframe,5829.10,,0,16558.00,INSPECTION,,,,300 HOUR/12 MONTH HYDRAULIC FLUID CHANGE,DMC-407-A-12-00-00-00A-040A-A Table 3,,,,,0.50,"Ref. DMC-407-A-12-00-00-00A-040A-A, Table 3 BHT-407-MM, Chapter 12, General, Table 3.",12/15/2025,5573.90,,,15642.00,,12,300.00,,,,0,36,30.00,,,,12/31/2026,,5873.90,,,,,,,,26,,2,,44.80,,,,,,,,No,10+ Days,,10/30/2026,,,,,,,,,,,
N407JM,IHC Health Services,10/04/2026,5829.10,0,12 TBL 3,Airframe,5829.10,,0,16558.00,INSPECTION,,,,300 HOUR/12 MONTH MAIN ROTOR TRANSMISSION OIL & FILTER CHANGE,DMC-407-A-12-00-00-00A-040A-A Table 3,,,,,1.50,"REF. BHT-407-MM, Chapter 12, General, Table 3, DMC-407-A-A-12-00-00-00A-040A-A.",12/15/2025,5573.90,,,15642.00,,12,300.00,,,,0,36,30.00,,,,12/31/2026,,5873.90,,,,,,,,26,,2,,44.80,,,,,,,,No,10+ Days,,10/30/2026,,,,,,,,,,,
N407JM,IHC Health Services,10/04/2026,5829.10,0,12 TBL 3,Airframe,5829.10,,0,16558.00,INSPECTION,,,,300 HOUR/12 MONTH TAIL ROTOR GEARBOX OIL CHANGE,DMC-407-A-12-00-00-00A-040A-A Table 3,,,,,1.00,"Ref. BHT-407-MM, Chapter 12, General, Table 3.",12/16/2025,5573.90,,,15642.00,,12,300.00,,,,0,36,30.00,,,,12/31/2026,,5873.90,,,,,,,,26,,2,,44.80,,,,,,,,No,10+ Days,,10/30/2026,,,,,,,,,,,
N407JM,IHC Health Services,10/04/2026,5829.10,0,407-23-133,Airframe,5829.10,,0,16558.00,ASB,,,,HORIZONTAL STABILIZER AND CARGO HOOK FITTINGS - SELF LOCKING INSERTS INSPECTION,ASB 407-23-133,,,,,,300HR/12M RECURRING INSPECTION FOR AIRCRAFT AFFECTED.,12/16/2025,5573.90,,,15642.00,0,12,300.00,0,0.00,0.00,0,0,,0,0.00,0.00,12/16/2026,,5873.90,,,,,,,,11,,2,,44.80,,,,,,,,No,10+ Days,,10/30/2026,,,,,,,,,,,
N862YB,IHC Health Services,10/04/2026,2591.10,0,25 AFS IBF 100HR,Airframe,2591.10,,0,6688.00,INSPECTION,,ICA,,100 HOUR DONALDSON IBF VISUAL INSPECTION,AFS-BH407-IBF-KIT-ICA,,,,,,"ACCOMPLISHED THE 100 HOUR IBF INSPECTION. IAW Ref. Donaldson Filtration Solutions ICA AFS-BH407-IBF-KIT-ICA, Table 1. Perform Visual Inspection of Structure and Electrical Systems.",09/09/2026,2568.40,,,6623.00,,,100.00,,,,,,,,,,,,2668.40,,,,,,,,,,,,77.30,,,,,,,,No,10+ Days,,10/31/2026,,,,,,,,,,,
N862YB,IHC Health Services,10/04/2026,2591.10,0,25 AFS IVF 100HR,Airframe,2591.10,,0,6688.00,INSPECTION,,ICA,,100 HOUR DONALDSON IVF INSPECTION,AFS-BH407-IBF-KIT-ICA,,,,,,"ACCOMPLISHED THE 100 HOUR IVF INSPECTION IAW Ref. Donaldson Filtration Solutions IAW  ICA AFS-BH407-IBF-KIT-ICA, Table 1.

PERFORM A DETAILED VISUAL INSPECTION.",09/09/2026,2568.40,,,6623.00,,,100.00,,,,,,,,,,,,2668.40,,,,,,,,,,,,77.30,,,,,,,,No,10+ Days,,10/31/2026,,,,,,,,,,,
N862YB,IHC Health Services,10/04/2026,2591.10,0,25 AIR COMM AIR COND100HR,Airframe,2591.10,,0,6688.00,INSPECTION,,ICA,,100 HR AIR COMM AIR CONDITIONER INSPECTION,407-EC-200M-2 REV. 14,,,,,,Performed 100hr AIR COMM conditioner inspection REF: 407EC-200M-2,09/09/2026,2568.40,,,6623.00,0,0,100.00,0,0.00,0.00,0,0,,0,0.00,0.00,,,2668.40,,,,,,,,,,,,77.30,,,,,,,,No,10+ Days,,10/31/2026,,,,,,,,,,,
N862YB,IHC Health Services,10/04/2026,2591.10,0,25 FLIGHTCELL DZMX,Airframe,2591.10,,0,6688.00,INSPECTION,,ICA,,100 HOUR/ 12 MONTH FLIGHTCELL DZMX INSPECTION,ARROW AVIATION  ICA AA-407-DZMX,,,,,,ACCOMPLISHED THE 100 HOUR/ 12 MONTH FLIGHTCELL DZMX IAW REF. ICA AA-407-DZMX,09/09/2026,2568.40,,,6623.00,0,12,100.00,0,0.00,0.00,0,0,,0,0.00,0.00,09/09/2027,,2668.40,,,,,,,,4,,11,,77.30,,,,,,,,No,10+ Days,,10/31/2026,,,,,,,,,,,
N862YB,IHC Health Services,10/04/2026,2591.10,0,25 HELIFAB 16 100HR,Airframe,2591.10,,0,6688.00,INSPECTION,,ICA,,100 HOUR HELIFAB ARTICULATING MEDICAL LITTER INSPECTION,HELIFAB HF-CA-7-16,,,,,,ACCOMPLISHED THE 100 HOUR HELIFAB ARTICULATING MEDICAL LITTER  IAW REF. HF-CA-7-16 No defects noted,09/09/2026,2568.40,,,6623.00,0,0,100.00,0,0.00,0.00,0,0,,0,0.00,0.00,,,2668.40,,,,,,,,,,,,77.30,,,,,,,,No,10+ Days,,10/31/2026,,,,,,,,,,,
N862YB,IHC Health Services,10/04/2026,2591.10,0,25 HELIFAB 20 100HR/12M,Airframe,2591.10,,0,6688.00,INSPECTION,,ICA,,100 HOUR / 12 MONTH HELIFAB PATIENT OXYGEN SLED SYSTEM INSPECTION,HELIFAB HF-CA-7-20,,,,,,ACCOMPLISHED THE 100 HOUR / 12 MONTH HELIFAB MEDICAL EQUIPMENT SLED INSPECTION IAW REF. HF-CA-7-20. No defects noted,09/09/2026,2568.40,,,6623.00,0,12,100.00,0,0.00,0.00,0,0,,0,0.00,0.00,09/09/2027,,2668.40,,,,,,,,4,,11,,77.30,,,,,,,,No,10+ Days,,10/31/2026,,,,,,,,,,,
N862YB,IHC Health Services,10/04/2026,2591.10,0,25 HELIFAB 206 100HR,Airframe,2591.10,,0,6688.00,INSPECTION,,ICA,,100 HOUR HELIFAB STORAGE BIN INSPECTION,HF-206-ICA-2500-0002,,,,,,ACCOMPLISHED THE 100 HOUR HELIFAB STORAGE BIN INSPECTION IAW REF. HF-206-ICA-2500-0002,09/09/2026,2568.40,,,6623.00,0,0,100.00,0,0.00,0.00,0,0,,0,0.00,0.00,,,2668.40,,,,,,,,,,,,77.30,,,,,,,,No,10+ Days,,10/31/2026,,,,,,,,,,,
N862YB,IHC Health Services,10/04/2026,2591.10,0,25 HELIFAB BTL MNT 100HR,Airframe,2591.10,,0,6688.00,INSPECTION,,ICA,,100 HOUR HELIFAB PORTABLE OXYGEN BOTTLE MOUNT INSPECTION,HF-206-ICA-OXYGEN BOTTLE MOUNT-1,,,,,,ACCOMPLISHED THE 100 HOUR HELIFAB PORTABLE OXYGEN BOTTLE MOUNT IAW REF. HF-206-ICA-OXYGEN BOTTLE MOUNT,09/09/2026,2568.40,,,6623.00,0,0,100.00,0,0.00,0.00,0,0,,0,0.00,0.00,,,2668.40,,,,,,,,,,,,77.30,,,,,,,,No,10+ Days,,10/31/2026,,,,,,,,,,,
N862YB,IHC Health Services,10/04/2026,2591.10,0,25 HELIFAB RADAR ALT MNT KIT 100HR,Airframe,2591.10,,0,6688.00,INSPECTION,,ICA,,100 HOUR HELIFAB RADAR ALTIMETER  MOUNT INSPECTION,HELIFAB HF-CA-7-6 REV.IR,,,,,,Accomplished 100 HOUR HELIFAB RADAR ALTIMETER  MOUNT INSPECTION IRT HELIFAB HF-CA-7-6 REV.IR,09/09/2026,2568.40,,,6623.00,0,0,100.00,0,0.00,0.00,0,0,,0,0.00,0.00,,,2668.40,,,,,,,,,,,,77.30,,,,,,,,No,10+ Days,,10/31/2026,,,,,,,,,,,
N862YB,IHC Health Services,10/04/2026,2591.10,0,25 TDFM-9000,Airframe,2591.10,,0,6688.00,INSPECTION,,ICA,,100 HOUR TDFM -9000 ANTENNA AND TRANSCEIVER INSPECTION,ARROW AVIATION AA-407-TDFM-9000 REV. IR,,,,,,Accomplished 100 HOUR TDFM -9000 ANTENNA AND TRANSCEIVER INSPECTION IRT ARROW AVIATION AA-407-TDFM-9000 REV. IR. No defects noted,09/09/2026,2568.40,,,6623.00,0,0,100.00,0,0.00,0.00,0,0,,0,0.00,0.00,,,2668.40,,,,,,,,,,,,77.30,,,,,,,,No,10+ Days,,10/31/2026,,,,,,,,,,,
N862YB,IHC Health Services,10/04/2026,2591.10,0,62 04-10,Airframe,2591.10,,0,6688.00,INSPECTION,,AIRWORTHINESS,HSU-4540,100 HOUR MAIN ROTOR YOKE ASSEMBLY AIRWORTHINESS LIMITATIONS  INSPECTION,"BHT-407-MPI, Ch. 4 Airworthiness Limitations",,,,,,"Accomplished 100 HOUR MAIN ROTOR YOKE ASSEMBLY AIRWORTHINESS LIMITATIONS  INSPECTION REF. BHT-407-MPI, CH. 4 AIRWORTHINESS LIMITATIONS SCHEDULE TABLE 2 DMC-407-A-04-00-00-00A-288A-A. No defects noted",09/09/2026,2568.40,,,6623.00,,,100.00,,,,,,,,,,,,2668.40,,,,,,,,,,,,77.30,,,,,,,,No,10+ Days,,10/31/2026,,,,,,,,,,,
N407CN,IHC Health Services,10/02/2026,4963.50,0,00,Airframe,4963.50,,0,11871.00,INSPECTION,,,,FAA QUARTERLY AIRWORTHINESS DIRECTIVE AUDIT REF. CLASSIC REQUIREMENT,SEE NOTES,,,,,,SEE TASK CARD FOR INSTRUCTIONS ON HOW TO COMPLETE THIS TASK.,07/27/2026,4922.80,,,11730.00,0,3,,0,0.00,0.00,0,10,,0,0.00,0.00,10/31/2026,,,,,,,,,,26,,0,,,,,,,,,,No,10+ Days,,10/31/2026,,,,,,,,,,,
N407LP,IHC Health Services,10/01/2026,4415.70,0,05 12MO- INSPECTION,Airframe,4415.70,,0,11404.00,INSPECTION,,INSPECT,,12 MONTH AIRFRAME INSPECTION,DMC-407-A-05-40-00-11A-281A-A,,,HSU 6934,"Thursday, October 1, 2026",,"Ref. DMC-407-A-05-40-00-11A-281A-A, Note When Last 300 Hour/12 Month Periodic Inspection was completed and Perform if Needed.",10/07/2025,3912.10,,,9986.00,,12,,,,,,36,,,,,10/31/2026,,,,,,,,,,26,,0,,,,,,,,,,No,10+ Days,,10/31/2026,,,,,,,,,,Monthly Planning,
N39KM,IHC Health Services,10/03/2026,3577.00,0,05 12MO- INSPECTION,Airframe,3577.00,,0,8191.00,INSPECTION,,INSPECT,,12 MONTH AIRFRAME INSPECTION,DMC-407-A-05-40-00-11A-281A-A,,,,,16.00,"Ref. DMC-407-A-05-40-00-11A-281A-A, Note When Last 300 Hour/12 Month Periodic Inspection was completed and Perform if Needed.",10/23/2025,3131.30,,,7116.00,,12,,,,,,36,,,,,10/31/2026,,,,,,,,,,26,,0,,,,,,,,,,No,10+ Days,,10/31/2026,,,,,,,,,,Monthly Planning,
N407CH,IHC Health Services,10/04/2026,17743.70,1,05 600/12M,Airframe,17743.70,,1,43738.00,INSPECTION,,INSPECT,,600 HOUR/12 MONTH AIRFRAME INSPECTION,DMC-407-A-05-40-00-10A-281A-A,,,,,,,10/22/2025,17223.00,,,42862.00,,12,600.00,,,,,,,,,,10/31/2026,,17823.00,,,,,,,,26,,0,,79.30,,,,,,,,No,10+ Days,,10/31/2026,,,,,,,,,,Monthly Planning; Maintenance Planning,
N39KM,IHC Health Services,10/03/2026,3577.00,0,05 600/12M,Airframe,3577.00,,0,8191.00,INSPECTION,,INSPECT,,600 HOUR/12 MONTH AIRFRAME INSPECTION,DMC-407-A-05-40-00-10A-281A-A,,,,,1.25,Ref. DMC-407-A-05-40-00-10A-281A-A.,10/23/2025,3131.30,,,7116.00,,12,600.00,,,,,36,60.00,,,,10/31/2026,,3731.30,,,,,,,,26,,0,,154.30,,,,,,,,No,10+ Days,,10/31/2026,,,,,,,,,,Monthly Planning,
N407FM,IHC Health Services,10/04/2026,2702.50,0,05 SI/TFC7,Airframe,2702.50,,0,6837.00,INSPECTION,,,TFC,"SPECIAL INSPECTIONS- TORQUE/FRICTION CHECK - (90 TO 110) HOURS AFTER INSTALLATION, ENGINE MOUNTS TORQUE CHECK",DMC-407-A-05-40-00-00A-283A-A table 1,,,,,,"torque ck due on aft engine mount, bi pod mount only. - RESET AT ENG CHANGE 4-7-2026 2488.6 - DUE TO WORK PERFORMED",08/11/2026,2664.50,,,6734.00,0,0,90.00,0,0.00,0.00,0,0,20.00,0,0.00,0.00,,,2754.50,,,,,,,,,,,,52.00,,,,,,,,No,10+ Days,,10/31/2026,,,,,,,,,,Torque Check,
N7160V,IHC Health Services,10/04/2026,10771.90,0,12 TBL 2,Airframe,10771.90,,0,27183.00,INSPECTION,,RII,,(RII) 300 HOUR/3 MONTH TAIL ROTOR PITCH CHANGE MECHANISM LUBRICATION,DMC-407-A-12-00-00-00A-040A-A Table 2,,,,,0.50,"Ref. DMC-407-A-12-00-00-00A-040A-A, Table 2.",07/30/2026,10699.20,,,27014.00,,3,300.00,,,,0,9,30.00,,,,10/31/2026,,10999.20,,,,,,,,26,,0,,227.30,,,,,,,,No,10+ Days,,10/31/2026,,,,,,,,,,RII,
N407TK,IHC Health Services,10/04/2026,5381.40,0,12 TBL 2,Airframe,5381.40,,0,15301.00,INSPECTION,,RII,,(RII) 300 HOUR/3 MONTH TAIL ROTOR PITCH CHANGE MECHANISM LUBRICATION,DMC-407-A-12-00-00-00A-040A-A Table 2,,,,,0.50,COMPLIED WITH THE 300 HOUR/3 MONTH TAIL ROTOR PITCH CHANGE MECHANISM LUBRICATION IAW REF. BHT-407-MM CH. 12 SERVICING TABLE 2 DMC-407-A-12-00-00-00A-040A-A.,07/27/2026,5312.00,,,15145.00,,3,300.00,,,,0,9,30.00,,,,10/31/2026,,5612.00,,,,,,,,26,,0,,230.60,,,,,,,,No,10+ Days,,10/31/2026,,,,,,,,,,RII,
N407RU,IHC Health Services,09/23/2026,2043.40,0,12 TBL 2,Airframe,2043.40,,0,3639.00,INSPECTION,,RII,,(RII) 300 HOUR/3 MONTH TAIL ROTOR PITCH CHANGE MECHANISM LUBRICATION,DMC-407-A-12-00-00-00A-040A-A Table 2,,,,,0.50,"Complied with 300 HOUR/3 MONTH TAIL ROTOR PITCH CHANGE MECHANISM LUBRICATION. Ref.  BHT-407-MM, Chapter 12, General DMC-407-A-12-00-00-00A-040A-A table 2.",07/29/2026,1958.80,,,3509.00,,3,300.00,,,,0,9,30.00,,,,10/31/2026,,2258.80,,,,,,,,26,,0,,215.40,,,,,,,,No,10+ Days,,10/31/2026,,,,,,,,,,RII,
N407JM,IHC Health Services,10/04/2026,5829.10,0,12 TBL 2,Airframe,5829.10,,0,16558.00,INSPECTION,,RII,,(RII) 300 HOUR/3 MONTH TAIL ROTOR PITCH CHANGE MECHANISM LUBRICATION,DMC-407-A-12-00-00-00A-040A-A Table 2,,,,,1.50,"REF. BHT-407-MM CH. 12 SERVICING TABLE 2 DMC-407-A-12-00-00-00A-040A-A, Table 1",07/30/2026,5745.80,,,16246.00,,3,300.00,,,,0,9,30.00,,,,10/31/2026,,6045.80,,,,,,,,26,,0,,216.70,,,,,,,,No,10+ Days,,10/31/2026,,,,,,,,,,RII,
N407FM,IHC Health Services,10/04/2026,2702.50,0,12 TBL 2,Airframe,2702.50,,0,6837.00,INSPECTION,,RII,,(RII) 300 HOUR/3 MONTH TAIL ROTOR PITCH CHANGE MECHANISM LUBRICATION,DMC-407-A-12-00-00-00A-040A-A Table 2,,,,,,"Complied with 300 HOUR/3 MONTH TAIL ROTOR PITCH CHANGE MECHANISM LUBRICATION. Ref.  BHT-407-MM, Chapter 12, General DMC-407-A-12-00-00-00A-040A-A table 2.",07/28/2026,2650.60,,,6700.00,,3,300.00,,,,0,9,30.00,,,,10/31/2026,,2950.60,,,,,,,,26,,0,,248.10,,,,,,,,No,10+ Days,,10/31/2026,,,,,,,,,,RII,
N407CZ,IHC Health Services,10/04/2026,2432.60,0,12 TBL 2,Airframe,2432.60,,0,5400.00,INSPECTION,,RII,,(RII) 300 HOUR/3 MONTH TAIL ROTOR PITCH CHANGE MECHANISM LUBRICATION,DMC-407-A-12-00-00-00A-040A-A Table 2,,,,,,"Complied with 300 HOUR/3 MONTH TAIL ROTOR PITCH CHANGE MECHANISM LUBRICATION. Ref.  BHT-407-MM, Chapter 12, General DMC-407-A-12-00-00-00A-040A-A table 2.",07/22/2026,2385.60,,,5293.00,,3,300.00,,,,0,9,30.00,,,,10/31/2026,,2685.60,,,,,,,,26,,0,,253.00,,,,,,,,No,10+ Days,,10/31/2026,,,,,,,,,,RII,
N407CN,IHC Health Services,10/02/2026,4963.50,0,12 TBL 2,Airframe,4963.50,,0,11871.00,INSPECTION,,RII,,(RII) 300 HOUR/3 MONTH TAIL ROTOR PITCH CHANGE MECHANISM LUBRICATION,DMC-407-A-12-00-00-00A-040A-A Table 2,,,,,,,07/18/2026,4912.00,,,11702.00,,3,300.00,,,,0,9,30.00,,,,10/31/2026,,5212.00,,,,,,,,26,,0,,248.50,,,,,,,,No,10+ Days,,10/31/2026,,,,,,,,,,RII,
N407BY,IHC Health Services,10/04/2026,1229.40,0,12 TBL 2,Airframe,1229.40,,0,2649.00,INSPECTION,,RII,,(RII) 300 HOUR/3 MONTH TAIL ROTOR PITCH CHANGE MECHANISM LUBRICATION,DMC-407-A-12-00-00-00A-040A-A Table 2,,,,,,"Complied with 300 HOUR/3 MONTH TAIL ROTOR PITCH CHANGE MECHANISM LUBRICATION. Ref.  BHT-407-MM, Chapter 12, General DMC-407-A-12-00-00-00A-040A-A table 2.",07/27/2026,1174.30,,,2548.00,,3,300.00,,,,0,9,30.00,,,,10/31/2026,,1474.30,,,,,,,,26,,0,,244.90,,,,,,,,No,10+ Days,,10/31/2026,,,,,,,,,,RII,
N307KH,IHC Health Services,10/03/2026,23110.00,0,12 TBL 2,Airframe,23110.00,,0,81023.00,INSPECTION,,RII,,(RII) 300 HOUR/3 MONTH TAIL ROTOR PITCH CHANGE MECHANISM LUBRICATION,DMC-407-A-12-00-00-00A-040A-A Table 2,,,,,,,07/17/2026,23042.40,,,80870.00,,3,300.00,,,,0,9,30.00,,,,10/31/2026,,23342.40,,,,,,,,26,,0,,232.40,,,,,,,,No,10+ Days,,10/31/2026,,,,,,,,,,RII,
N407LP,IHC Health Services,10/01/2026,4415.70,0,25 00-51,Airframe,4415.70,,0,11404.00,INSPECTION,,ICA,,30 DAY ARTEX ELT FUNCTIONAL CHECK,ARTEX MANUAL 570-5060 REV. AA,,,,,,"REF. ARTEX MANUAL 570-5060 REV. AA, PAGE 25 (E), AND PAGE 38 (Q).",10/01/2026,4415.70,,,11404.00,30,0,,0,0.00,0.00,0,0,,0,0.00,0.00,10/31/2026,,,,,,,,,,26,,0,,,,,,,,,,No,10+ Days,,10/31/2026,,,,,,,,,,,
N407JM,IHC Health Services,10/04/2026,5829.10,0,25 00-52,Airframe,5829.10,,0,16558.00,INSPECTION,,INSPECT,ELT,12 MONTH ELT (FAR 91.207 (d)) INSPECTION,FAR 91.207 (d),453-5001-366,03564,,,2.50,REF ARTEX DOC 570-5000 AND FAR 91.207 (D),10/02/2025,5542.60,,,15452.00,,12,,,,,,,,,,,10/31/2026,,,,,,,,,,26,,0,,,,,,,,,,No,10+ Days,,10/31/2026,,,,,,,,,,,
N39KM,IHC Health Services,10/03/2026,3577.00,0,25 00-52,Airframe,3577.00,,0,8191.00,INSPECTION,,INSPECT,ELT,12 MONTH ELT (FAR 91.207 (d)) INSPECTION,(FAR 91.207 (d)),453-5061,252-04474,,,,,10/22/2025,3131.30,,,7116.00,,12,,,,,,,,,,,10/31/2026,,,,,,,,,,26,,0,,,,,,,,,,No,10+ Days,,10/31/2026,,,,,,,,,,,
N407CZ,IHC Health Services,10/04/2026,2432.60,0,25 00-55,Airframe,2432.60,,0,5400.00,PART,Expiration,,,ARTEX ELT BATTERY - EXPIRATION,,,,,,,"P/N: 452-0133
S/N: 387933-021",07/06/2022,9.20,,,0.00,,60,,,,,,,,,,,10/31/2026,,,,,,,,,,26,,0,,,,,,,,,,No,10+ Days,,10/31/2026,,,,,,,,,,,
N407LP,IHC Health Services,10/01/2026,4415.70,0,25 AA EDGE PROGECTOR 12M,Airframe,4415.70,,0,11404.00,INSPECTION,,ICA,,12 MONTH AERONAUTICAL ACCESSORIES BAGGAGE COMPARTMENT EDGE PROTECTOR INSPECTION,Aeronautical Accessories ICA AA-03089,,,,,,,10/07/2025,3912.10,,,9986.00,,12,,,,,,,,,,,10/31/2026,,,,,,,,,,26,,0,,,,,,,,,,No,10+ Days,,10/31/2026,,,,,,,,,,,
N466GH,IHC Health Services,10/04/2026,3267.50,0,25 AA FOLD STEP 12M,Airframe,3267.50,,0,7636.00,INSPECTION,,ICA,,12 MONTH AERONAUTICAL ACCESSORIES FOLDING MAINTENANCE STEPS INSPECTION,AERONAUTICAL ACCESSORIES  ICA AA-00126.,,,,,,,10/27/2025,2847.90,,,7071.00,,12,,,,,,,,,,,10/31/2026,,,,,,,,,,26,,0,,,,,,,,,,No,10+ Days,,10/31/2026,,,,,,,,,,,
N407LP,IHC Health Services,10/01/2026,4415.70,0,25 AA FOLD STEP 12M,Airframe,4415.70,,0,11404.00,INSPECTION,,ICA,,12 MONTH AERONAUTICAL ACCESSORIES FOLDING MAINTENANCE STEPS INSPECTION,Aeronautical Accessories ICA AA-00126.,,,,,,,10/07/2025,3912.10,,,9986.00,,12,,,,,,,,,,,10/31/2026,,,,,,,,,,26,,0,,,,,,,,,,No,10+ Days,,10/31/2026,,,,,,,,,,,
N39KM,IHC Health Services,10/03/2026,3577.00,0,25 AA FOLD STEP 12M,Airframe,3577.00,,0,8191.00,INSPECTION,,ICA,,12 MONTH AERONAUTICAL ACCESSORIES FOLDING MAINTENANCE STEPS INSPECTION,Aeronautical Accessories ICA AA-00126.,,,,,,,10/23/2025,3131.30,,,7116.00,,12,,,,,,,,,,,10/31/2026,,,,,,,,,,26,,0,,,,,,,,,,No,10+ Days,,10/31/2026,,,,,,,,,,,
N407LP,IHC Health Services,10/01/2026,4415.70,0,25 AA FUEL CAP 12M,Airframe,4415.70,,0,11404.00,INSPECTION,,ICA,,12 MONTH AERONAUTICAL ACCESSORIES LOCKING FUEL CAP INSPECTION,Aeronautical Accessories ICA AA-14070,,,,,,,10/07/2025,3912.10,,,9986.00,,12,,,,,,,,,,,10/31/2026,,,,,,,,,,26,,0,,,,,,,,,,No,10+ Days,,10/31/2026,,,,,,,,,,,
N466GH,IHC Health Services,10/04/2026,3267.50,0,25 AA LNDG LIGHT 12M,Airframe,3267.50,,0,7636.00,INSPECTION,,ICA,,12 MONTH AERONAUTCIAL ACCESSORIES STEERABLE LANDING LIGHT INSPECTION,AERONAUTCIAL ACCESSORIES DOC. F08-72000 REV. E,,,,,,,10/28/2025,2850.90,,,7075.00,,12,,,,,,,,,,,10/31/2026,,,,,,,,,,26,,0,,,,,,,,,,No,10+ Days,,10/31/2026,,,,,,,,,,,
N407LP,IHC Health Services,10/01/2026,4415.70,0,25 AA LNDG LIGHT 12M,Airframe,4415.70,,0,11404.00,INSPECTION,,ICA,,12 MONTH AERONAUTCIAL ACCESSORIES STEERABLE LANDING LIGHT INSPECTION,AERONAUTCIAL ACCESSORIES DOC. F08-72000 REV. E,,,,,,,10/07/2025,3912.10,,,9986.00,,12,,,,,,,,,,,10/31/2026,,,,,,,,,,26,,0,,,,,,,,,,No,10+ Days,,10/31/2026,,,,,,,,,,,
N466GH,IHC Health Services,10/04/2026,3267.50,0,25 AA PRE-FLIGHT STEP/HANDLE 12M,Airframe,3267.50,,0,7636.00,INSPECTION,,ICA,,12 MONTH AERONAUTICAL ACCESSORIES PRE-FLIGHT STEP/HANDLE INSPECTION,Aeronautical Accessories ICA AA-00123,,,,,,,10/27/2025,2847.90,,,7071.00,,12,,,,,,,,,,,10/31/2026,,,,,,,,,,26,,0,,,,,,,,,,No,10+ Days,,10/31/2026,,,,,,,,,,,
N407LP,IHC Health Services,10/01/2026,4415.70,0,25 AA PRE-FLT STEP/HANDLE 12M,Airframe,4415.70,,0,11404.00,INSPECTION,,ICA,,12 MONTH AERONAUTICAL ACCESSORIES PRE-FLIGHT STEP/HANDLE INSPECTION,Aeronautical Accessories ICA AA-00123 REV. B,,,,,,,10/07/2025,3912.10,,,9986.00,,12,,,,,,,,,,,10/31/2026,,,,,,,,,,26,,0,,,,,,,,,,No,10+ Days,,10/31/2026,,,,,,,,,,,
N407LP,IHC Health Services,10/01/2026,4415.70,0,25 AA TR PEDAL L/O,Airframe,4415.70,,0,11404.00,INSPECTION,,ICA,,12 MONTH AERONAUTICAL ACCESSORIES TAIL ROTOR PEDAL LOCK-OUT KIT INSPECTION,Aeronautical Accessories ICA AA-99032 REV. E,,,,,,,10/07/2025,3912.10,,,9986.00,,12,,,,,,,,,,,10/31/2026,,,,,,,,,,26,,0,,,,,,,,,,No,10+ Days,,10/31/2026,,,,,,,,,,,
N39KM,IHC Health Services,10/03/2026,3577.00,0,25 AFS IBF 12M,Airframe,3577.00,,0,8191.00,INSPECTION,,ICA,,12 MONTH DONALDSON IBF INSPECTION AND FUNCTIONAL CHECK,AFS-BH407-IBF-KIT-ICA,,,,,,"Perform Visual Inspection of Filter, Structure, Electrical Systems, and Functional check of Electrical System.",10/23/2025,3131.30,,,7116.00,,12,,,,,,,,,,,10/31/2026,,,,,,,,,,26,,0,,,,,,,,,,No,10+ Days,,10/31/2026,,,,,,,,,,,
N407LP,IHC Health Services,10/01/2026,4415.70,0,25 AIR COMM CABIN HEAT,Airframe,4415.70,,0,11404.00,INSPECTION,,ICA,,12 MONTH AIR COMM BLEED AIR CABIN HEATER INSPECTION,Ref. Air Comm 407H-200M-1,,,,,,,10/07/2025,3912.10,,,9986.00,,12,,,,,,,,,,,10/31/2026,,,,,,,,,,26,,0,,,,,,,,,,No,10+ Days,,10/31/2026,,,,,,,,,,,
N7160V,IHC Health Services,10/04/2026,10771.90,0,25 AIR COMM CABIN HEAT,Airframe,10771.90,,0,27183.00,INSPECTION,,ICA,,12 MONTH AIR COMM CABIN HEATER INSPECTION,Air Comm 407H-200M-1 REV. D,,,,,,Completed on HSU Log Page # 10694,10/30/2025,10502.60,,,26279.00,,12,,,,,,,,,,,10/31/2026,,,,,,,,,,26,,0,,,,,,,,,,No,10+ Days,,10/31/2026,,,,,,,,,,,
N7160V,IHC Health Services,10/04/2026,10771.90,0,25 AIR COMM ENGINE BLEED,Airframe,10771.90,,0,27183.00,INSPECTION,,ICA,,12 MONTH AIR COMM ENGINE BLEED AIR SYSTEM INSPECTION,Air Comm ICA 407H-500M-1,,,,,,,10/30/2025,10502.60,,,26279.00,0,12,,0,0.00,0.00,0,0,,0,0.00,0.00,10/31/2026,,,,,,,,,,26,,0,,,,,,,,,,No,10+ Days,,10/31/2026,,,,,,,,,,,
N39KM,IHC Health Services,10/03/2026,3577.00,0,25 BRISTOL WIRE STRIKE KIT,Airframe,3577.00,,0,8191.00,INSPECTION,,ICA,,12 MONTH BRISTOL WIRE STRIKE PROTECTION SYSTEM INSPECTION,Bristol Aerospace Limited PM-965-045 REV. E SEC. 2,,,,,,,10/23/2025,3131.30,,,7116.00,,12,,,,,,,,,,,10/31/2026,,,,,,,,,,26,,0,,,,,,,,,,No,10+ Days,,10/31/2026,,,,,,,,,,,
N407LP,IHC Health Services,10/01/2026,4415.70,0,25 PRECISE PULELITE,Airframe,4415.70,,0,11404.00,INSPECTION,,ICA,,12 MONTH PRECISE FLIGHT PULSELITE INSPECTION,Precise Flight Document 000PMAN0002,,,,,,,10/07/2025,3912.10,,,9986.00,,12,,,,,,,,,,,10/31/2026,,,,,,,,,,26,,0,,,,,,,,,,No,10+ Days,,10/31/2026,,,,,,,,,,,
N466GH,IHC Health Services,10/04/2026,3267.50,0,25 PRECISE PULELITE,Airframe,3267.50,,0,7636.00,INSPECTION,,ICA,,12 MONTH PULSELITE INSPECTION,Precise Flight Document 000PMAN0002,,,,,,Ref. Precise Flight Document 000PMAN0002.,10/28/2025,2850.90,,,7075.00,,12,,,,,,,,,,,10/31/2026,,,,,,,,,,26,,0,,,,,,,,,,No,10+ Days,,10/31/2026,,,,,,,,,,,
N407RU,IHC Health Services,09/23/2026,2043.40,0,25 PULSELITE 12M,Airframe,2043.40,,0,3639.00,INSPECTION,,ICA,,12 MONTH PRECISE FLIGHT PULSELITE INSPECTION,Precise Flight Document 000PMAN0002,,,,,,Ref. Precise Flight Document 000PMAN0002.,10/03/2025,1546.20,,,2830.00,,12,,,,,,,,,,,10/31/2026,,,,,,,,,,26,,0,,,,,,,,,,No,10+ Days,,10/31/2026,,,,,,,,,,,
N466GH,IHC Health Services,10/04/2026,3267.50,0,25 TANIS 1,Airframe,3267.50,,0,7636.00,INSPECTION,,ICA,,12 MONTH TANIS PRE-HEAT KIT INSPECTION,Tanis TCA1000 REV. D,,,,,,,10/28/2025,2850.90,,,7075.00,0,12,,0,0.00,0.00,0,0,,0,0.00,0.00,10/31/2026,,,,,,,,,,26,,0,,,,,,,,,,No,10+ Days,,10/31/2026,,,,,,,,,,,
N407LP,IHC Health Services,10/01/2026,4415.70,0,25 TANIS 1,Airframe,4415.70,,0,11404.00,INSPECTION,,ICA,,12 MONTH TANIS PRE-HEAT KIT INSPECTION,Tanis TCA1000 REV. D,,,,,,,10/07/2025,3912.10,,,9986.00,,12,,,,,,,,,,,10/31/2026,,,,,,,,,,26,,0,,,,,,,,,,No,10+ Days,,10/31/2026,,,,,,,,,,,
N407LP,IHC Health Services,10/01/2026,4415.70,0,26 01-01,Airframe,4415.70,,0,11404.00,INSPECTION,,INSPECT,FIRE EXT,30 DAY FIRE EXTINGUISHER INSPECTION,NFPA 10 Ch. 7.2,A344,I-10084782,,,,,10/01/2026,4415.70,,,11404.00,30,,,,,,,,,,,,10/31/2026,,,,,,,,,,26,,0,,,,,,,,,,No,10+ Days,,10/31/2026,,,,,,,,,,Ramp Check; Pilot Task; Pilots; PILOT GOM,
N407JM,IHC Health Services,10/04/2026,5829.10,0,26 01-01,Airframe,5829.10,,0,16558.00,INSPECTION,,INSPECT,FIRE EXT,30 DAY FIRE EXTINGUISHER INSPECTION,NFPA 10 Ch. 7.2,A344,I57525083,,,0.50,"30 DAY FIRE EXTINGUISHER INSPECTION. Ref. NFPA 10 Chapter 7, paragraph 7.2.1.2.",09/30/2026,5819.80,,,16531.00,30,,,,,,,,,,,,10/31/2026,,,,,,,,,,26,,0,,,,,,,,,,No,10+ Days,,10/31/2026,,,,,,,,,,Pilot Task; PILOT GOM,
N407LP,IHC Health Services,10/01/2026,4415.70,0,34 FLTCELL 12MO,Airframe,4415.70,,0,11404.00,INSPECTION,,ICA,,12 MONTH FLIGHTCELL SMARTHUB INSPECTION,FLT CELL SMARTHUB IM 117-00016,,,,,,,,,,,,0,12,,0,0.00,0.00,0,0,,0,0.00,0.00,10/31/2026,,,,,,,,,,26,,0,,,,,,,,,,No,10+ Days,,10/31/2026,,,,,,,,,,,
N862YB,IHC Health Services,10/04/2026,2591.10,0,34 GARMIN,Airframe,2591.10,,0,6688.00,INSPECTION,,,,28 DAY GPS NAVIGATION DATABASE UPDATE,,,,,,1.00,COMPLIED WITH THE 28 DAY GPS NAVIGATION DATABASE UPDATE  IAW REF: Garmin G1000H NXi (Heli) DATA BASE SYSTEM & Pilot User Guide.,10/03/2026,2590.40,,,6679.00,28,0,,0,0.00,0.00,0,5,,0,0.00,0.00,10/31/2026,,,,,,,,,,26,,0,,,,,,,,,,No,10+ Days,,10/31/2026,,,,,,,,,,,
N407TK,IHC Health Services,10/04/2026,5381.40,0,34 GARMIN,Airframe,5381.40,,0,15301.00,INSPECTION,,,,28 DAY GPS NAVIGATION DATABASE UPDATE,,,,,,,Complied with 28 DAY GPS NAVIGATION DATABASE UPDATE. IAW the Ref in the pilots manual and garmin website. No defects noted. No Tools Required!,10/03/2026,5377.80,,,15290.00,28,0,,0,0.00,0.00,0,5,,0,0.00,0.00,10/31/2026,,,,,,,,,,26,,0,,,,,,,,,,No,10+ Days,,10/31/2026,,,,,,,,,,,
N407CZ,IHC Health Services,10/04/2026,2432.60,0,34 GARMIN,Airframe,2432.60,,0,5400.00,INSPECTION,,,,28 DAY GPS NAVIGATION DATABASE UPDATE,,,,,,,Complied with 28 DAY NAVIGATION DATABASE UPDATE Ref. Garmin G1000H NXi pilot users guide. Aircraft is approve for return to service.,10/03/2026,2432.60,,,5400.00,28,0,,0,0.00,0.00,0,5,,0,0.00,0.00,10/31/2026,,,,,,,,,,26,,0,,,,,,,,,,No,10+ Days,,10/31/2026,,,,,,,,,,,
N407CP,IHC Health Services,10/04/2026,10206.30,1,34 GARMIN,Airframe,10206.30,,1,22355.00,INSPECTION,,,,28 DAY GPS NAVIGATION DATABASE UPDATE,,,,,,,Updated GPS database as applicable.  Ref: Garmin GTN 625/635/650 Pilot's Guide  Not tools required.,10/03/2026,10206.10,,,22352.00,28,0,,0,0.00,0.00,0,5,,0,0.00,0.00,10/31/2026,,,,,,,,,,26,,0,,,,,,,,,,No,10+ Days,,10/31/2026,,,,,,,,,,,
N862YB,IHC Health Services,10/04/2026,2591.10,0,35 GMM CH 5-7.6.1,Airframe,2591.10,,0,6688.00,INSPECTION,,,,MONTHLY PORTABLE OXYGEN BOTTLE EXCHANGE WITH VENDOR SERVICED UNIT,,,,,,,.,09/30/2026,2584.80,,,6661.00,0,1,,0,0.00,0.00,0,0,,0,0.00,0.00,10/31/2026,,,,,,,,,,26,,0,,,,,,,,,,No,10+ Days,,10/31/2026,,,,,,,,,,,
N407TK,IHC Health Services,10/04/2026,5381.40,0,35 GMM CH 5-7.6.1,Airframe,5381.40,,0,15301.00,INSPECTION,,,,MONTHLY PORTABLE OXYGEN BOTTLE EXCHANGE WITH VENDOR SERVICED UNIT,,,,,,,COMPLIED WITH THE MONTHLY PORTABLE OXYGEN BOTTLE EXCHANGE WITH VENDOR SERVICED UNIT IS WITH NORCO INDUSTRIAL SUPPLIES AT 1802 E.DALEY St. RAWLINS WY 82301 (307)324-5469.,09/24/2026,5367.80,,,15272.00,0,1,,0,0.00,0.00,0,0,,0,0.00,0.00,10/31/2026,,,,,,,,,,26,,0,,,,,,,,,,No,10+ Days,,10/31/2026,,,,,,,,,,,
N407MZ,IHC Health Services,10/05/2026,2805.50,0,35 GMM CH 5-7.6.1,Airframe,2805.50,,0,7326.00,INSPECTION,,,,MONTHLY PORTABLE OXYGEN BOTTLE EXCHANGE WITH VENDOR SERVICED UNIT,,,,,,,Performed MONTHLY PORTABLE OXYGEN BOTTLE EXCHANGE WITH VENDOR SERVICED UNIT,09/29/2026,2795.50,,,7295.00,0,1,,0,0.00,0.00,0,0,,0,0.00,0.00,10/31/2026,,,,,,,,,,26,,0,,,,,,,,,,No,10+ Days,,10/31/2026,,,,,,,,,,,
N407FC,IHC Health Services,10/05/2026,14985.10,0,35 GMM CH 5-7.6.1,Airframe,14985.10,,0,33090.00,INSPECTION,,,,MONTHLY PORTABLE OXYGEN BOTTLE EXCHANGE WITH VENDOR SERVICED UNIT,,,,,,,.,09/29/2026,14976.30,,,33074.00,0,1,,0,0.00,0.00,0,0,,0,0.00,0.00,10/31/2026,,,,,,,,,,26,,0,,,,,,,,,,No,10+ Days,,10/31/2026,,,,,,,,,,Pilot Task; PILOT GOM,
N407CP,IHC Health Services,10/04/2026,10206.30,1,35 GMM CH 5-7.6.1,Airframe,10206.30,,1,22355.00,INSPECTION,,,,MONTHLY PORTABLE OXYGEN BOTTLE EXCHANGE WITH VENDOR SERVICED UNIT,,,,,,,.,09/25/2026,10192.10,,,22320.00,0,1,,0,0.00,0.00,0,0,,0,0.00,0.00,10/31/2026,,,,,,,,,,26,,0,,,,,,,,,,No,10+ Days,,10/31/2026,,,,,,,,,,Pilot Task; PILOT GOM,
N307KH,IHC Health Services,10/03/2026,23110.00,0,35 GMM CH 5-7.6.1,Airframe,23110.00,,0,81023.00,INSPECTION,,,,MONTHLY PORTABLE OXYGEN BOTTLE EXCHANGE WITH VENDOR SERVICED UNIT,,,,,,,.,09/10/2026,23070.10,,,80936.00,0,1,,0,0.00,0.00,0,0,,0,0.00,0.00,10/31/2026,,,,,,,,,,26,,0,,,,,,,,,,No,10+ Days,,10/31/2026,,,,,,,,,,Pilot Task; PILOT GOM,
N407LP,IHC Health Services,10/01/2026,4415.70,0,72 INSP 50 PWR CK,Airframe,4415.70,,0,11404.00,INSPECTION,,,,50 HOUR POWER CHECK (PILOT REQUIREMENT),,,,,,,,09/14/2026,4404.70,,,11364.00,,,50.00,,,,,,5.00,,,,,,4454.70,,,,,,,,,,,,39.00,,,,,,,,No,10+ Days,,10/31/2026,,,,,,,,,,Pilot Task; Pilots; PILOT GOM,
N469JX,IHC Health Services,09/30/2026,3681.00,0,ASB 407-26-146,Airframe,3681.00,,0,9318.00,ASB,,,,"ALERT SERVICE BULLETIN - GARMIN G1000H NXI SOFTWARE 006-B1237-24, INTRODUCTION OF",,,,,,,,05/08/2026,3442.00,,,8964.00,,12,330.00,,,,,,,,,,05/31/2027,,3772.00,,,,,,,,26,,7,,91.00,,,,,,,,No,10+ Days,,10/31/2026,,,,,,,,,,,
N407CP,IHC Health Services,10/04/2026,10206.30,1,12 TBL 2,Airframe,10206.30,,1,22355.00,INSPECTION,,RII,,(RII) 150 HOUR TAIL ROTOR DRIVE SHAFT SPLINE ADAPTER LUBRICATION,DMC-407-A-12-00-00-00A-040A-A Table 2,,,,,,"RII - TAIL ROTOR DRIVE SHAFT SPLINE ADAPTER LUBE (2 ADAPTERS) INSURE THAT WASHER STACK UP IS CORRECT, GAPS IN DISC PACKS ARE IN ALLOWABLE LIMITS AND TORQUE STRIPE IS ON ALL NUTS AFTER TORQUE IS COMPLETED.",06/24/2026,10095.40,,,22072.00,,,150.00,,,,,,15.00,,,,,,10245.40,,,,,,,,,,,,39.10,,,,,,,,No,10+ Days,,10/31/2026,,,,,,,,,,RII,
N407CP,IHC Health Services,10/04/2026,10206.30,1,53 04-150,Airframe,10206.30,,1,22355.00,INSPECTION,,AIRWORTHINESS,TAILBOOM,150 HOUR TAILBOOM ASSEMBLY INSPECTION,DMC-407-A-04-00-00-00A-288A-A note 9,407-030-801-203,BP1500,,,,(After 6900 accumulated Hours) Ref. Airworthiness Limitation Schedule DMC-407-A-04-00-00-00A-288A-A note 9,06/24/2026,10095.40,,,22072.00,0,0,150.00,0,0.00,0.00,0,0,,0,0.00,0.00,,,10245.40,,,,,,,,,,,,39.10,,,,,,,,No,10+ Days,,10/31/2026,,,,,,,,,,,
N407CP,IHC Health Services,10/04/2026,10206.30,1,72 72/150,Engine 1,7155.40,12148.00,,,INSPECTION,,INSPECT,,150 HOUR/ 12 MONTH ENGINE INSPECTION,RR-C47B-O&M 72-00-00-200-801 TABLE 6.,,,,,,"**USE TABLE 6 ONLY DUE TO SERVICE WITH MOBIL 254 OIL (3RD GENERATION OIL)** CAUTION: BEFORE YOU UNDERTAKE A INSPECTION OR MAINTENANCE ACTION, CONSULT THE REFERENCED PARAGRAPHS OF THE OPERATION AND MAINTENANCE MANUAL. FAILURE TO DO SO COULD RESULT IN EQUIPMENT DAMAGE OR DESTRUCTION AND POSSIBLY RESULT IN PERSONNEL DEATH OR INJURY. NOTE: Compliance to the 150 hour and 300 hour items in this table must be performed at least every 12 calendar months or by hours, whichever occurs first. This inspection checklist can only be used if the operator uses an approved third generation (hts) oil.",06/24/2026,7044.50,,11952.00,,,12,150.00,,,,,,,,,,06/30/2027,,7194.50,,,,,,,,25,,8,,39.10,,,,,,,,No,10+ Days,,10/31/2026,,,,,,,,,,,
N407CP,IHC Health Services,10/04/2026,10206.30,1,ASB 407-11-95 REV D,Airframe,10206.30,,1,22355.00,ASB,,,,ASB 407-11-95 UPPER LEFT LONGERON AND SPARE ASSEMBLY (AD2015-05-04 AMD 39-18114),,,,,,,"EVERY 50 HOURS WHEN PART IV (4) IS COMPLIED WITH OR
EVERY 150 HOURS WHEN PART III IS ACCOMPLISHED -  REPLACE LONGERON FOR TERMINATION",06/24/2026,10095.40,,,22072.00,0,0,150.00,0,0.00,0.00,0,0,,0,0.00,0.00,,,10245.40,,,,,,,,,,,,39.10,,,,,,,,No,10+ Days,,10/31/2026,,,,,,,,,,,
N407CP,IHC Health Services,10/04/2026,10206.30,1,AD 2015-05-04 AMD 39-18114,Airframe,10206.30,,1,22355.00,AD,,,,AD 2015-05-04  FUSELAGE MAIN AND LONGERON/STRINGER,"AD 2015-05-04, Amend. 39-18114",,,,,,,06/24/2026,10095.40,,,22072.00,,,150.00,,,,,,,,,,,,10245.40,,,,,,,,,,,,39.10,,,,,,,,No,10+ Days,,10/31/2026,,,,,,,,,,,
N407CH,IHC Health Services,10/04/2026,17743.70,1,72 INSP 50 PWR CK,Airframe,17743.70,,1,43738.00,INSPECTION,,,,50 HOUR POWER CHECK (PILOT REQUIREMENT),,,,,,,,09/19/2026,17713.40,,,43691.00,,,50.00,,,,,,5.00,,,,,,17763.40,,,,,,,,,,,,19.70,,,,,,,,No,10+ Days,,10/31/2026,,,,,,,,,,Pilot Task; PILOT GOM; Pilots,
N466GH,IHC Health Services,10/04/2026,3267.50,0,25 REBTECH  200HR/12M,Airframe,3267.50,,0,7636.00,INSPECTION,,ICA,,200 HOUR/12 MONTH REBTECH NIGHT VISION INSPECTION,Rebtech ICA Document 98020407-ICA REV. H,,,,,,REF. 98020407-ICA,06/23/2026,3120.30,,,7432.00,,12,200.00,,,,,,,,,,06/30/2027,,3320.30,,,,,,,,25,,8,,52.80,,,,,,,,No,10+ Days,,10/31/2026,,,,,,,,,,,
N407PW,IHC Health Services,10/04/2026,1441.00,0,ASB 407-26-146,Airframe,1441.00,,0,1740.00,ASB,,,,"ALERT SERVICE BULLETIN - GARMIN G1000H NXI SOFTWARE 006-B1237-24, INTRODUCTION OF",,,,,,,,05/08/2026,1177.10,,,1406.00,,12,330.00,,,,,,,,,,05/31/2027,,1507.10,,,,,,,,26,,7,,66.10,,,,,,,,No,10+ Days,,10/31/2026,,,,,,,,,,,
N407MZ,IHC Health Services,10/05/2026,2805.50,0,05 600/12M,Airframe,2805.50,,0,7326.00,INSPECTION,,INSPECT,,600 HOUR/12 MONTH AIRFRAME INSPECTION,DMC-407-A-05-40-00-10A-281A-A,,,,,,"REF. BHT-407-MPI, CH. 5 DMC-407-A-05-40-00-10A-281A-A",02/20/2026,2304.80,,,6065.00,,12,600.00,,,,,36,60.00,,,,02/28/2027,,2904.80,,,,,,,,23,,4,,99.30,,,,,,,,No,10+ Days,,10/31/2026,,,,,,,,,,Monthly Planning,
N407MZ,IHC Health Services,10/05/2026,2805.50,0,72 INSP 600HR/12MO,Engine 1,3228.10,6303.00,,,INSPECTION,None,RII,CAE-847339,(RII) 600 HOUR/ 12 MONTH ENGINE OIL & SCAVENGE OIL FILTER CHANGE,RR-M250-C47E/4 O&M Chapter 79-10-00,,,,,,"Ref. Rolls-Royce M250-C47E/4 O&M, Chapter 72-00-00 Table 606 and Chapter 79-10-00. Filter is replaced when oil is changed as a HSU recommended item.",02/18/2026,2727.40,,5253.00,,,12,600.00,,,,,,,,,,02/28/2027,,3327.40,,,,,,,,23,,4,,99.30,,,,,,,,No,10+ Days,,10/31/2026,,,,,,,,,,,
N407LP,IHC Health Services,10/01/2026,4415.70,0,12 TBL 2,Airframe,4415.70,,0,11404.00,INSPECTION,,RII,,(RII) 50 HOUR/3 MONTH LUBRICATION ITEMS,DMC-407-A-12-00-00-00A-040A-A Table 2,,,,,,,09/16/2026,4405.90,,,11368.00,,3,50.00,0,0.00,0.00,0,9,5.00,0,0.00,0.00,12/31/2026,,4455.90,,,,,,,,26,,2,,40.20,,,,,,,,No,10+ Days,,11/01/2026,,,,,,,,,,RII,
N407SL,IHC Health Services,10/04/2026,2240.90,0,25 00-51,Airframe,2240.90,,0,5434.00,INSPECTION,,ICA,,30 DAY ARTEX ELT FUNCTIONAL CHECK,ARTEX MANUAL 570-5060 REV. AA,,,,,,ACCOMPLISHED 30 DAY ARTEX ELT FUNCTIONAL CHECK IAW ARTEX MANUAL 570-5060 REV. AA. NO DEFECTS FOUND.,10/02/2026,2236.50,,,5425.00,30,0,,0,0.00,0.00,0,0,,0,0.00,0.00,11/01/2026,,,,,,,,,,27,,0,,,,,,,,,,No,10+ Days,,11/01/2026,,,,,,,,,,,
N407NW,IHC Health Services,10/04/2026,2093.00,0,25 00-51,Airframe,2093.00,,0,3776.00,INSPECTION,,ICA,,30 DAY ARTEX ELT FUNCTIONAL CHECK,ARTEX MANUAL 570-5060 REV. AA,,,,,,"REF. ARTEX MANUAL 570-5060 REV. AA, PAGE 25 (E), AND PAGE 38 (Q).
ACCOMPLISHED 30 DAY ARTEX ELT FUNCTIONAL CHECK IAW ARTEX MANUAL 570-5060 REV. AA. NO DEFECTS FOUND.",10/02/2026,2092.00,,,3769.00,30,0,,0,0.00,0.00,0,0,,0,0.00,0.00,11/01/2026,,,,,,,,,,27,,0,,,,,,,,,,No,10+ Days,,11/01/2026,,,,,,,,,,,
N407CH,IHC Health Services,10/04/2026,17743.70,1,25 00-51,Airframe,17743.70,,1,43738.00,INSPECTION,,ICA,,30 DAY ARTEX ELT FUNCTIONAL CHECK,ARTEX MANUAL 570-5060 REV. AA,,,,,,"REF. ARTEX MANUAL 570-5060 REV. AA, PAGE 25 (E), AND PAGE 38 (Q).

ACCOMPLISHED  30 DAY ARTEX ELT FUNCTIONAL CHECK IAW ARTEX MANUAL 570-5060 REV. AA. NO DEFECTS FOUND",10/02/2026,17734.40,,,43725.00,30,0,,0,0.00,0.00,0,0,,0,0.00,0.00,11/01/2026,,,,,,,,,,27,,0,,,,,,,,,,No,10+ Days,,11/01/2026,,,,,,,,,,,
N407NW,IHC Health Services,10/04/2026,2093.00,0,26 01-01,Airframe,2093.00,,0,3776.00,INSPECTION,,INSPECT,FIRE EXT,30 DAY FIRE EXTINGUISHER INSPECTION,NFPA 10 Ch. 7.2,RT-A600,D58290563,,,,"ACCOMPLISHED 30 DAY FIRE EXTINGUISHER INSPECTION. IAW Ref. NFPA 10 Chapter 7, paragraph 7.2.1.2. NO DEFECTS FOUND.",10/02/2026,2092.00,,,3769.00,30,,,,,,,,,,,,11/01/2026,,,,,,,,,,27,,0,,,,,,,,,,No,10+ Days,,11/01/2026,,,,,,,,,,Pilot Task; PILOT GOM,
N407CH,IHC Health Services,10/04/2026,17743.70,1,26 01-01,Airframe,17743.70,,1,43738.00,INSPECTION,None,INSPECT,FIRE EXTING,30 DAY FIRE EXTINGUISHER INSPECTION,NFPA 10 Ch. 7.2,A344,A-35369669,,,,ACCOMPLISHED 30 DAY FIRE EXTINGUISHER INSPECTION IAW NFPA 10 Ch. 7.2. NO DEFECTS FOUND.,10/02/2026,17734.40,,,43725.00,30,,,,,,,,,,,,11/01/2026,,,,,,,,,,27,,0,,,,,,,,,,No,10+ Days,,11/01/2026,,,,,,,,,,Pilot Task; PILOT GOM,
N407CH,IHC Health Services,10/04/2026,17743.70,1,ASB 407-26-146,Airframe,17743.70,,1,43738.00,ASB,,,,"ALERT SERVICE BULLETIN - GARMIN G1000H NXI SOFTWARE 006-B1237-24, INTRODUCTION OF",,,,,,,,05/08/2026,17434.20,,,43214.00,,12,330.00,,,,,,,,,,05/31/2027,,17764.20,,,,,,,,26,,7,,20.50,,,,,,,,No,10+ Days,,11/01/2026,,,,,,,,,,,
N407CZ,IHC Health Services,10/04/2026,2432.60,0,25 00-51,Airframe,2432.60,,0,5400.00,INSPECTION,,ICA,,30 DAY ARTEX ELT FUNCTIONAL CHECK,ARTEX MANUAL 570-5060 REV. AA,,,,,,"REF. ARTEX MANUAL 570-5060 REV. AA, PAGE 25 (E), AND PAGE 38 (Q).",10/03/2026,2432.60,,,5400.00,30,0,,0,0.00,0.00,0,0,,0,0.00,0.00,11/02/2026,,,,,,,,,,28,,0,,,,,,,,,,No,10+ Days,,11/02/2026,,,,,,,,,,,
N407CZ,IHC Health Services,10/04/2026,2432.60,0,26 01-01,Airframe,2432.60,,0,5400.00,INSPECTION,,INSPECT,,30 DAY FIRE EXTINGUISHER INSPECTION,NFPA 10 Ch. 7.2,,,,,,COMPLIED WITH 30 DAY FIRE EXTINGUISHER INSPECTION REF. NFPA 10 CH 7.2.,10/03/2026,2432.60,,,5400.00,30,,,,,,,,,,,,11/02/2026,,,,,,,,,,28,,0,,,,,,,,,,No,10+ Days,,11/02/2026,,,,,,,,,,Pilot Task; PILOT GOM,
N407SL,IHC Health Services,10/04/2026,2240.90,0,35 GMM CH 5-7.6.1,Airframe,2240.90,,0,5434.00,INSPECTION,,,,MONTHLY PORTABLE OXYGEN BOTTLE EXCHANGE WITH VENDOR SERVICED UNIT,,,,,,,"COMPLIED WITH ALL MONTHLY PORTABLE OXYGEN BOTTLE EXCHANGE WITH VENDOR SERVICED UNITS .  CW GMM CH 5-7.6.1
NO DEFECTS NOTED.",10/02/2026,2236.50,,,5425.00,0,1,,0,0.00,0.00,0,0,,0,0.00,0.00,11/02/2026,,,,,,,,,,28,,0,,,,,,,,,,No,10+ Days,,11/02/2026,,,,,,,,,,Pilot Task; PILOT GOM,
N407PW,IHC Health Services,10/04/2026,1441.00,0,22 04-10 FUNCT CK,Airframe,1441.00,,0,1740.00,INSPECTION,,AIRWORTHINESS,66172,600HR /12M CHAPTER 4 AFCS TRIM ACTUATOR FUNCT CK,Ref. DMC-407-A-22-00-04A-340A-A,418-00862-701,66172,,,,This specific inspection is found in the Airworthiness Limitations Schedule in Chapter 4.,11/03/2025,1004.90,,,1195.00,0,12,600.00,0,0.00,0.00,0,0,,0,0.00,0.00,11/03/2026,,1604.90,,,,,,,,29,,0,,163.90,,,,,,,,No,10+ Days,,11/03/2026,,,,,,,,,,,
N407PW,IHC Health Services,10/04/2026,1441.00,0,22 04-10 FUNCT CK,Airframe,1441.00,,0,1740.00,INSPECTION,,AIRWORTHINESS,66192,600HR /12M CHAPTER 4 AFCS TRIM ACTUATOR FUNCT CK,Ref. DMC-407-A-22-00-04A-340A-A,418-00862-701,66192,,,,This specific inspection is found in the Airworthiness Limitations Schedule in Chapter 4.,11/03/2025,1004.90,,,1195.00,0,12,600.00,0,0.00,0.00,0,0,,0,0.00,0.00,11/03/2026,,1604.90,,,,,,,,29,,0,,163.90,,,,,,,,No,10+ Days,,11/03/2026,,,,,,,,,,,
N407FC,IHC Health Services,10/05/2026,14985.10,0,25 00-51,Airframe,14985.10,,0,33090.00,INSPECTION,,ICA,ELT,30 DAY ARTEX ELT FUNCTIONAL CHECK,ARTEX MANUAL 570-5060 REV. AA,453-5061,06481,,,,ARTEX MANUAL 570-5060 REV. AA,10/04/2026,14981.30,,,33084.00,30,0,,0,0.00,0.00,0,0,,0,0.00,0.00,11/03/2026,,,,,,,,,,29,,0,,,,,,,,,,No,10+ Days,,11/03/2026,,,,,,,,,,,
N407PW,IHC Health Services,10/04/2026,1441.00,0,25 AA HIGH VIS DOORS 12M,Airframe,1441.00,,0,1740.00,INSPECTION,,ICA,,12 MONTH HIGH VISIBILITY CREW DOORS INSPECTION,Aeronautical Accessories AA-01072,,,,,,,11/03/2025,1004.90,,,1195.00,0,12,,0,0.00,0.00,0,0,,0,0.00,0.00,11/03/2026,,,,,,,,,,29,,0,,,,,,,,,,No,10+ Days,,11/03/2026,,,,,,,,,,,
N407FC,IHC Health Services,10/05/2026,14985.10,0,26 01-01,Airframe,14985.10,,0,33090.00,INSPECTION,,INSPECT,FIRE EXTING,30 DAY FIRE EXTINGUISHER INSPECTION,NFPA 10 CH. 7.2,A344,H-29719550,,,,,10/04/2026,14981.30,,,33084.00,30,,,,,,,,,,,,11/03/2026,,,,,,,,,,29,,0,,,,,,,,,,No,10+ Days,,11/03/2026,,,,,,,,,,Pilot Task; PILOT GOM,
N39KM,IHC Health Services,10/03/2026,3577.00,0,72 INSP 50 PWR CK,Airframe,3577.00,,0,8191.00,INSPECTION,,,,50 HOUR POWER CHECK (PILOT REQUIREMENT),,,,,,,,09/29/2026,3571.20,,,8179.00,,,50.00,,,,,,5.00,,,,,,3621.20,,,,,,,,,,,,44.20,,,,,,,,No,10+ Days,,11/03/2026,,,,,,,,,,Pilot Task; PILOT GOM,
N7160V,IHC Health Services,10/04/2026,10771.90,0,72 INSP 50 PWR CK,Airframe,10771.90,,0,27183.00,INSPECTION,,,,50 HOUR POWER CHECK (PILOT REQUIREMENT),,,,,,,,10/02/2026,10766.50,,,27177.00,,,50.00,,,,,,5.00,,,,,,10816.50,,,,,,,,,,,,44.60,,,,,,,,No,10+ Days,,11/03/2026,,,,,,,,,,Pilot Task; PILOT GOM,
N407RU,IHC Health Services,09/23/2026,2043.40,0,25 AA TB RADAR ALT MNT KIT,Airframe,2043.40,,0,3639.00,INSPECTION,,ICA,,100 HOUR TAILBOOM RADAR ALTIMETER MOUNT KIT INSPECTION,Aeronautical Accessories ICA AA-TBA-16-008,,,,,,Aeronautical Accessories ICA AA-TBA-16-008 REV. B,08/08/2026,1988.50,,,3553.00,,,100.00,,,,,,,,,,,,2088.50,,,,,,,,,,,,45.10,,,,,,,,No,10+ Days,,11/04/2026,,,,,,,,,,,
N407RU,IHC Health Services,09/23/2026,2043.40,0,25 AFS IBF 100HR,Airframe,2043.40,,0,3639.00,INSPECTION,,ICA,,100 HOUR DONALDSON IBF VISUAL INSPECTION,REF. AFS-BH407-IBF-KIT-ICA,,,,,,"COMPLIED WITH 100 HR. IBF VISUAL INSPECTION REF. AFS-BH407-IBF-KIT-ICA.
NO DEFECTS NOTED",08/08/2026,1988.50,,,3553.00,,,100.00,,,,,,,,,,,,2088.50,,,,,,,,,,,,45.10,,,,,,,,No,10+ Days,,11/04/2026,,,,,,,,,,,
N407RU,IHC Health Services,09/23/2026,2043.40,0,25 AFS IVF 100HR,Airframe,2043.40,,0,3639.00,INSPECTION,,ICA,,100 HOUR DONALDSON IVF INSPECTION,AFS-BH407-IBF-KIT-ICA,,,,,,"Ref. Donaldson Filtration Solutions ICA AFS-BH407-IBF-KIT-ICA, Table 1.",08/08/2026,1988.50,,,3553.00,,,100.00,,,,,,,,,,,,2088.50,,,,,,,,,,,,45.10,,,,,,,,No,10+ Days,,11/04/2026,,,,,,,,,,,
N407RU,IHC Health Services,09/23/2026,2043.40,0,25 HELIFAB 16 100HR,Airframe,2043.40,,0,3639.00,INSPECTION,,ICA,,100 HOUR HELIFAB ARTICULATING MEDICAL LITTER INSPECTION,HELIFAB HF-CA-7-16,,,,,,"COMPLIED WITH 100 HOUR HELIFAB  ARTICULATING MEDICAL LITTER INSPECTION, ref. Helifab ICA HF-CA-7-16.
NO DEFECTS NOTED",08/08/2026,1988.50,,,3553.00,0,0,100.00,0,0.00,0.00,0,0,,0,0.00,0.00,,,2088.50,,,,,,,,,,,,45.10,,,,,,,,No,10+ Days,,11/04/2026,,,,,,,,,,,
N407RU,IHC Health Services,09/23/2026,2043.40,0,25 HELIFAB 20 100HR/12M,Airframe,2043.40,,0,3639.00,INSPECTION,,ICA,,100 HOUR / 12 MONTH HELIFAB PATIENT OXYGEN SLED SYSTEM INSPECTION,HELIFAB HF-CA-7-20,,,,,,,08/08/2026,1988.50,,,3553.00,0,12,100.00,0,0.00,0.00,0,0,,0,0.00,0.00,08/31/2027,,2088.50,,,,,,,,26,,10,,45.10,,,,,,,,No,10+ Days,,11/04/2026,,,,,,,,,,,
N407RU,IHC Health Services,09/23/2026,2043.40,0,25 HELIFAB 206 100HR,Airframe,2043.40,,0,3639.00,INSPECTION,,ICA,,100 HOUR HELIFAB STORAGE BIN INSPECTION,HELIFAB HF-206-ICA-2500-0002,,,,,,"Complied with 100 HOUR HELIFAB STORAGE BIN INSPECTION, Ref. Helifab ICA HF-206-ICA-2500-0002.",08/08/2026,1988.50,,,3553.00,0,0,100.00,0,0.00,0.00,0,0,,0,0.00,0.00,,,2088.50,,,,,,,,,,,,45.10,,,,,,,,No,10+ Days,,11/04/2026,,,,,,,,,,,
N407RU,IHC Health Services,09/23/2026,2043.40,0,25 HELIFAB BTL MNT 100HR,Airframe,2043.40,,0,3639.00,INSPECTION,,ICA,,100 HOUR HELIFAB PORTABLE OXYGEN BOTTLE MOUNT INSPECTION,HF-206-ICA-OXYGEN BOTTLE MOUNT-1,,,,,,"Complied with 100 HOUR HELIFAB OXYGEN BOTTLE MOUNT INSPECTION, ref.  Helifab ICA HF-206-ICA-OXYGEN BOTTLE MOUNT-1.",08/08/2026,1988.50,,,3553.00,0,0,100.00,0,0.00,0.00,0,0,,0,0.00,0.00,,,2088.50,,,,,,,,,,,,45.10,,,,,,,,No,10+ Days,,11/04/2026,,,,,,,,,,,
N407RU,IHC Health Services,09/23/2026,2043.40,0,62 04-10,Airframe,2043.40,,0,3639.00,INSPECTION,Overhaul,AIRWORTHINESS,MR HUB,100 HOUR MAIN ROTOR YOKE ASSEMBLY AIRWORTHINESS LIMITATIONS  INSPECTION,"BHT-407-MPI, Ch. 4 Airworthiness Limitations",,,,,,"REF. BHT-407-MPI, CH. 4 AIRWORTHINESS LIMITATIONS SCHEDULE TABLE 2 DMC-407-A-04-00-00-00A-288A-A",08/08/2026,1988.50,,,3553.00,,,100.00,,,,,,,,,,,,2088.50,,,,,,,,,,,,45.10,,,,,,,,No,10+ Days,,11/04/2026,,,,,,,,,,,
N407CP,IHC Health Services,10/04/2026,10206.30,1,05 300HR- PERIODIC INSPECTION,Airframe,10206.30,,1,22355.00,INSPECTION,,INSPECT,,300 HOUR /12 MONTH PERIODIC AIRFRAME INSPECTION,DMC-407-A-05-40-00-06A-281A-A,,,,,,"1. Do this inspection every 12 calendar months or every 300 hours of operation. 2. Do all six events of the airframe progressive inspection. Ref. DMC-407-A-05-40-00-06A-281A-A, Complete all 6 Progressive Inspection Events: DMC-407-A-05-40-00-00A-281A-A, DMC-407-A-05-40-00-01A-281A-A,DMC-407-A-05-40-00-02A-281A-A, DMC-407-A-05-40-00-03A-281A-A, DMC-407-A-05-40-00-04A-281A-A, DMC-407-A-05-40-00-05A-281A-A.",02/03/2026,9951.60,,,21734.00,,12,300.00,,,,,36,30.00,,,,02/28/2027,,10251.60,,,,,,,,23,,4,,45.30,,,,,,,,No,10+ Days,,11/04/2026,,,,,,,,,,,
N407CP,IHC Health Services,10/04/2026,10206.30,1,05 40-00-08A,Airframe,10206.30,,1,22355.00,INSPECTION,,INSPECT,,300 HOUR OPTIONAL EQUIPMENT INSPECTION,DMC-407-A-05-40-00-08A-281A-A,,,,,,"Ref. DMC-407-A-05-40-00-08A-281A-A, Complete Inspection On All Currently Installed/Available Items.",02/03/2026,9951.60,,,21734.00,,,300.00,,,,,,30.00,,,,,,10251.60,,,,,,,,,,,,45.30,,,,,,,,No,10+ Days,,11/04/2026,,,,,,,,,,,
N407CP,IHC Health Services,10/04/2026,10206.30,1,12 HYD TBL 2,Airframe,10206.30,,1,22355.00,INSPECTION,,RII,,(RII) 300 HOUR/12 MONTH HYDRAULIC PUMP DRIVE SPLINE LUBRICATION,DMC-407-A-12-00-00-00A-040A-A Table 2,,,,,,"Ref. DMC-407-A-12-00-00-00A-040A-A, Table 2.",02/03/2026,9951.60,,,21734.00,,12,300.00,,,,0,36,30.00,,,,02/28/2027,,10251.60,,,,,,,,23,,4,,45.30,,,,,,,,No,10+ Days,,11/04/2026,,,,,,,,,,RII,
N407CP,IHC Health Services,10/04/2026,10206.30,1,12 HYD TBL 3,Airframe,10206.30,,1,22355.00,INSPECTION,,RII,,(RII) 300 HOUR/12 MONTH HYDRAULIC FILTER CLEANING AND INSPECTION,DMC-407-A-12-00-00-00A-040A-A Table 3,,,,,,"Ref. DMC-407-A-12-00-00-00A-040A-A, Table 3.",02/03/2026,9951.60,,,21734.00,,12,300.00,,,,0,36,30.00,,,,02/28/2027,,10251.60,,,,,,,,23,,4,,45.30,,,,,,,,No,10+ Days,,11/04/2026,,,,,,,,,,RII,
N407CP,IHC Health Services,10/04/2026,10206.30,1,12 HYD TBL 3,Airframe,10206.30,,1,22355.00,INSPECTION,,,,300 HOUR/12 MONTH HYDRAULIC FLUID CHANGE,DMC-407-A-12-00-00-00A-040A-A Table 3,,,,,,"Ref.  BHT-407-MM, Chapter 12, General, DMC-407-A-12-00-00-00A-040A-A Table 3.",02/03/2026,9951.60,,,21734.00,,12,300.00,,,,0,36,30.00,,,,02/28/2027,,10251.60,,,,,,,,23,,4,,45.30,,,,,,,,No,10+ Days,,11/04/2026,,,,,,,,,,,
N407CP,IHC Health Services,10/04/2026,10206.30,1,12 TBL 1,Airframe,10206.30,,1,22355.00,INSPECTION,,RII,,(RII) 300 HOUR AIRFRAME FUEL FILTER INSPECTION AND CHANGE,DMC-407-A-12-00-00-00A-040A-A,,,,,,**Additional Fuel System Operational Check Required per Ref. DMC-407-A-28-00-00-00A-320A-A after completion.**,02/03/2026,9951.60,,,21734.00,,,300.00,,,,,,30.00,,,,,,10251.60,,,,,,,,,,,,45.30,,,,,,,,No,10+ Days,,11/04/2026,,,,,,,,,,RII,
N407CP,IHC Health Services,10/04/2026,10206.30,1,12 TBL 2,Airframe,10206.30,,1,22355.00,INSPECTION,,,,300 HOUR TAIL ROTOR DRIVE SHAFT & OIL COOLER BEARING LUBRICATION,DMC-407-A-12-00-00-00A-040A-A Table 2,,,,,,"Ref. DMC-407-A-12-00-00-00A-040A-A, Table 2.",02/03/2026,9951.60,,,21734.00,,,300.00,,,,,,30.00,,,,,,10251.60,,,,,,,,,,,,45.30,,,,,,,,No,10+ Days,,11/04/2026,,,,,,,,,,,
N407CP,IHC Health Services,10/04/2026,10206.30,1,12 TBL 3,Airframe,10206.30,,1,22355.00,INSPECTION,,,,300 HOUR/12 MONTH MAIN ROTOR TRANSMISSION OIL & FILTER CHANGE,DMC-407-A-12-00-00-00A-040A-A Table 3,,,,,,"Ref. DMC-407-A-12-00-00-00A-040A-A, Table 3.",02/03/2026,9951.60,,,21734.00,,12,300.00,,,,0,36,30.00,,,,02/03/2027,,10251.60,,,,,,,,29,,3,,45.30,,,,,,,,No,10+ Days,,11/04/2026,,,,,,,,,,,
N407CP,IHC Health Services,10/04/2026,10206.30,1,12 TBL 3,Airframe,10206.30,,1,22355.00,INSPECTION,,,,300 HOUR/12 MONTH TAIL ROTOR GEARBOX OIL CHANGE,DMC-407-A-12-00-00-00A-040A-A Table 3,,,,,,"Ref. DMC-407-A-12-00-00-00A-040A-A, Table 3.",02/03/2026,9951.60,,,21734.00,,12,300.00,,,,0,36,30.00,,,,02/03/2027,,10251.60,,,,,,,,29,,3,,45.30,,,,,,,,No,10+ Days,,11/04/2026,,,,,,,,,,,
N407CP,IHC Health Services,10/04/2026,10206.30,1,25 337 PARAVION GPS RAM MOUNT,Airframe,10206.30,,1,22355.00,INSPECTION,,ICA,,300 HOUR PARAVION GPS RAM MOUNT & BRACKET INSPECTION,FAA Form 337 Dated 31/OCT/2012,,,,,,Ref. FAA Form 337 Dated 31/OCT/2012.,02/03/2026,9951.60,,,21734.00,,,300.00,,,,,,,,,,,,10251.60,,,,,,,,,,,,45.30,,,,,,,,No,10+ Days,,11/04/2026,,,,,,,,,,,
N407CP,IHC Health Services,10/04/2026,10206.30,1,25 337 T/R RECOG LIGHT,Airframe,10206.30,,1,22355.00,INSPECTION,,ICA,,300 HOUR/12 MONTH TAIL ROTOR RECOGNITION LIGHT INSPECTION,FAA Form 337 Dated 12/10/2012,,,,,,**FAA Form 337 Dated 12/10/2012 found in attachments***,02/03/2026,9951.60,,,21734.00,,12,300.00,,,,,,,,,,02/28/2027,,10251.60,,,,,,,,23,,4,,45.30,,,,,,,,No,10+ Days,,11/04/2026,,,,,,,,,,,
N407CP,IHC Health Services,10/04/2026,10206.30,1,25 AA CROSSTUBE 300HR/12M,Airframe,10206.30,,1,22355.00,INSPECTION,,ICA,,300 HOUR/ 12 MONTH AERONAUTICAL ACCESSORIES CROSSTUBE INSPECTION,AERONAUTICAL ACCESSORIES AA-00061 REV. E,,,,,,,02/03/2026,9951.60,,,21734.00,,12,300.00,,,,,,,,,,02/28/2027,,10251.60,,,,,,,,23,,4,,45.30,,,,,,,,No,10+ Days,,11/04/2026,,,,,,,,,,,
N407CP,IHC Health Services,10/04/2026,10206.30,1,25 AA FLT/FLOAT STEP 300H/12MO,Airframe,10206.30,,1,22355.00,INSPECTION,,ICA,,300 HOUR/12 MONTH AERONAUTICAL ACCESSORIES FLIGHTSTEP/FLOATSTEP INSPECTION,autical Accessories ICA AA-01162,,,,,,REF AERONAUTICAL ACCESSORIES ICA AA-01162,02/03/2026,9951.60,,,21734.00,,12,300.00,,,,,,,,,,02/28/2027,,10251.60,,,,,,,,23,,4,,45.30,,,,,,,,No,10+ Days,,11/04/2026,,,,,,,,,,,
N407CP,IHC Health Services,10/04/2026,10206.30,1,25 AA SKID TUBE 300HR/12M,Airframe,10206.30,,1,22355.00,INSPECTION,,ICA,,300 HOUR/ 12 MONTH AERONAUTICAL ACCESSORIES SKID TUBE INSPECTION,AERONAUTICAL ACCESSORIES AA-01141 REV. E.,,,,,,,02/03/2026,9951.60,,,21734.00,,12,300.00,,,,,,,,,,02/28/2027,,10251.60,,,,,,,,23,,4,,45.30,,,,,,,,No,10+ Days,,11/04/2026,,,,,,,,,,,
N407CP,IHC Health Services,10/04/2026,10206.30,1,25 AA VERT FIN CAP W/LED,Airframe,10206.30,,1,22355.00,INSPECTION,,ICA,,300 HOUR/12 MONTH AERONAUTICAL ACCESSORIES VERTICAL FIN CAP WITH LED LIGHT INSPECTION,Aeronautical Accessories ICA AA-06111,,,,,,REF. AERONAUTICAL ACCESSORIES ICA AA-06111.,02/03/2026,9951.60,,,21734.00,,12,300.00,,,,,,,,,,02/28/2027,,10251.60,,,,,,,,23,,4,,45.30,,,,,,,,No,10+ Days,,11/04/2026,,,,,,,,,,,
N407CP,IHC Health Services,10/04/2026,10206.30,1,25 AFS IBF 300HR/12M,Airframe,10206.30,,1,22355.00,INSPECTION,,ICA,0865 IBF,(RII) 300 HOUR/12 MONTH DONALDSON IBF FILTER CLEANING AND INSPECTION,AFS-BH407-IBF-KIT-ICA,106201-103,2192,,,4.00,"ICA AFS-BH407-IBF-KIT-ICA, TABLE 1",02/03/2026,9951.60,,,21734.00,,12,300.00,,,,,,,,,,02/28/2027,,10251.60,,,,,,,,23,,4,,45.30,,,,,,,,No,10+ Days,,11/04/2026,,,,,,,,,,RII,
N407CP,IHC Health Services,10/04/2026,10206.30,1,25 AFS IVF 300HR/12M,Airframe,10206.30,,1,22355.00,INSPECTION,,ICA,IVFILTER,300 HOUR/12 MONTH DONALDSON IVF FILTER CLEANING AND INSPECTION,AFS-BH407-IBF-KIT-ICA,106251-101,0352,,,,AFS-BH407-IBF-KIT-ICA.,02/03/2026,9951.60,,,21734.00,,12,300.00,,,,,,,,,,02/03/2027,,10251.60,,,,,,,,29,,3,,45.30,,,,,,,,No,10+ Days,,11/04/2026,,,,,,,,,,,
N407CP,IHC Health Services,10/04/2026,10206.30,1,25 DART BEARPAW,Airframe,10206.30,,1,22355.00,INSPECTION,,ICA,,300 HOUR/12 MONTH DART BEAR PAW INSPECTION,DART ICA-D206-559,,,,,,,02/03/2026,9951.60,,,21734.00,,12,300.00,,,,,,,,,,02/28/2027,,10251.60,,,,,,,,23,,4,,45.30,,,,,,,,No,10+ Days,,11/04/2026,,,,,,,,,,,
N407CP,IHC Health Services,10/04/2026,10206.30,1,25 PARAVION SNOW DEFL 300HR/12M,Airframe,10206.30,,1,22355.00,INSPECTION,,ICA,,300 HOUR/12 MONTH PARAVION SNOW DEFLECTOR AND DZUS HARDWARE INSPECTION,Paravion PR-206/407SD-120M REV. 4,,,,,,,02/03/2026,9951.60,,,21734.00,,12,300.00,,,,,,,,,,02/28/2027,,10251.60,,,,,,,,23,,4,,45.30,,,,,,,,No,10+ Days,,11/04/2026,,,,,,,,,,,
N407CP,IHC Health Services,10/04/2026,10206.30,1,53 04-300,Airframe,10206.30,,1,22355.00,INSPECTION,,AIRWORTHINESS,TAILBOOM,300 HOUR TAILBOOM ASSEMBLY AIRWORTHINESS LIMITATIONS INSPECTION,DMC-407-A-04-00-00-00A-288A-A TABLE 2,407-030-801-203,BP1500,,,,"REF. BHT-407-MPI, CH. 4 AIRWORTHINESS LIMITATIONS TABLE 2 DMC-407-A-04-00-00-00A-288A-A.
Ref. DMC-407-A-04-00-00-00A-288A-A, Table 2 and Figure 5.",02/03/2026,9951.60,,,21734.00,0,0,300.00,0,0.00,0.00,0,0,,0,0.00,0.00,,,10251.60,,,,,,,,,,,,45.30,,,,,,,,No,10+ Days,,11/04/2026,,,,,,,,,,,
N407CP,IHC Health Services,10/04/2026,10206.30,1,72 72/300,Engine 1,7155.40,12148.00,,,INSPECTION,,INSPECT,,300 HOUR/12 MONTH ENGINE INSPECTION,RR M250-C47B OMM 72-00-00-200-801 TABLE 6,,,,,,"**USE TABLE 6 ONLY DUE TO SERVICE WITH MOBIL 254 OIL (3RD GENERATION OIL)** In addition to the 150 hour inspection items, perform the following: **SEE SUB ITEMS**",02/03/2026,6900.70,,11672.00,,,12,300.00,,,,,,,,,,02/28/2027,,7200.70,,,,,,,,23,,4,,45.30,,,,,,,,No,10+ Days,,11/04/2026,,,,,,,,,,,
N407CP,IHC Health Services,10/04/2026,10206.30,1,407-23-133,Airframe,10206.30,,1,22355.00,ASB,,,,HORIZONTAL STABILIZER AND CARGO HOOK FITTINGS - SELF LOCKING INSERTS INSPECTION,ASB 407-23-133,,,,,,300HR/12M RECURRING INSPECTION FOR AIRCRAFT AFFECTED.,02/03/2026,9951.60,,,21734.00,0,12,300.00,0,0.00,0.00,0,0,,0,0.00,0.00,02/03/2027,,10251.60,,,,,,,,29,,3,,45.30,,,,,,,,No,10+ Days,,11/04/2026,,,,,,,,,,,
N407CP,IHC Health Services,10/04/2026,10206.30,1,AD 2012-18-09 AMD 39-17185,Airframe,10206.30,,1,22355.00,AD,,,,AD 2012-18-09 ROTORCRAFT TAILBOOM HARDWARE ATTACHMENT,"AD 2012-18-09, Amend. 39-17185",,,,,,,02/03/2026,9951.60,,,21734.00,,,300.00,,,,,,,,,,,,10251.60,,,,,,,,,,,,45.30,,,,,,,,No,10+ Days,,11/04/2026,,,,,,,,,,,
N407CP,IHC Health Services,10/04/2026,10206.30,1,AD 2018-10-06 AMD 39-19281,Airframe,10206.30,,1,22355.00,AD,,,,AD 2018-10-06 300 HOUR TAIL ROTOR DRIVE SHAFT,"AD 2018-10-06, Amend. 39-19281 Para. (e)(1)(3)",,,,,,Completed AD 2018-10-06 by inspecting each TR driveshaft segment assembly for rotational and axial play between the adapter and the TR driveshaft.,02/03/2026,9951.60,,,21734.00,,,300.00,,,,,,30.00,,,,,,10251.60,,,,,,,,,,,,45.30,,,,,,,,No,10+ Days,,11/04/2026,,,,,,,,,,,
N307KH,IHC Health Services,10/03/2026,23110.00,0,25 AFS IBF 100HR,Airframe,23110.00,,0,81023.00,INSPECTION,,ICA,,100 HOUR DONALDSON IBF VISUAL INSPECTION,AFS-BH407-IBF-KIT-ICA REV. G,,,,,,,07/16/2026,23040.30,,,80868.00,,,100.00,,,,,,,,,,,,23140.30,,,,,,,,,,,,30.30,,,,,,,,No,10+ Days,,11/04/2026,,,,,,,,,,,
N307KH,IHC Health Services,10/03/2026,23110.00,0,25 AFS IVF 100HR,Airframe,23110.00,,0,81023.00,INSPECTION,,ICA,,100 HOUR DONALDSON IVF INSPECTION,AFS-BH407-IBF-KIT-ICA REV. G,,,,,,,07/16/2026,23040.30,,,80868.00,,,100.00,,,,,,,,,,,,23140.30,,,,,,,,,,,,30.30,,,,,,,,No,10+ Days,,11/04/2026,,,,,,,,,,,
N307KH,IHC Health Services,10/03/2026,23110.00,0,25 HELIFAB 16 100HR,Airframe,23110.00,,0,81023.00,INSPECTION,,ICA,,100 HOUR HELIFAB ARTICULATING MEDICAL LITTER INSPECTION,Helifab HF-CA-7-16,,,,,,ACCOMPLISHED THE 100 HOUR HELIFAB ARTICULATING MEDICAL LITTER  IAW REF. HF-CA-7-16 No defects noted,07/16/2026,23040.30,,,80868.00,0,0,100.00,0,0.00,0.00,0,0,,0,0.00,0.00,,,23140.30,,,,,,,,,,,,30.30,,,,,,,,No,10+ Days,,11/04/2026,,,,,,,,,,,
N307KH,IHC Health Services,10/03/2026,23110.00,0,25 HELIFAB 20 100HR/12M,Airframe,23110.00,,0,81023.00,INSPECTION,,ICA,,100 HOUR / 12 MONTH HELIFAB PATIENT OXYGEN SLED SYSTEM INSPECTION,HELIFAB HF-CA-7-20,,,,,,,07/16/2026,23040.30,,,80868.00,0,12,100.00,0,0.00,0.00,0,0,,0,0.00,0.00,07/16/2027,,23140.30,,,,,,,,11,,9,,30.30,,,,,,,,No,10+ Days,,11/04/2026,,,,,,,,,,,
N307KH,IHC Health Services,10/03/2026,23110.00,0,25 HELIFAB 206 100HR,Airframe,23110.00,,0,81023.00,INSPECTION,,ICA,,100 HOUR HELIFAB STORAGE BIN INSPECTION,HF-206-ICA-2500-0002,,,,,,REF HELIFAB DOC. NO. HF-206-ICA-2500-0002.,07/16/2026,23040.30,,,80868.00,0,,100.00,0,0.00,0.00,0,0,,0,0.00,0.00,,,23140.30,,,,,,,,,,,,30.30,,,,,,,,No,10+ Days,,11/04/2026,,,,,,,,,,,
N307KH,IHC Health Services,10/03/2026,23110.00,0,25 HELIFAB BTL MNT 100HR,Airframe,23110.00,,0,81023.00,INSPECTION,,ICA,,100 HOUR HELIFAB PORTABLE OXYGEN BOTTLE MOUNT INSPECTION,ICA HF-206-ICA-OXYGEN BOTTLE MOUNT-1,,,,,,,07/16/2026,23040.30,,,80868.00,0,,100.00,0,0.00,0.00,0,0,,0,0.00,0.00,,,23140.30,,,,,,,,,,,,30.30,,,,,,,,No,10+ Days,,11/04/2026,,,,,,,,,,,
N307KH,IHC Health Services,10/03/2026,23110.00,0,25 HELIFAB RADAR ALT MNT KIT 100HR,Airframe,23110.00,,0,81023.00,INSPECTION,,ICA,,100 HOUR HELIFAB RADAR ALTIMETER  MOUNT INSPECTION,HELIFAB HF-CA-7-6 REV.IR,,,,,,,07/16/2026,23040.30,,,80868.00,0,0,100.00,0,0.00,0.00,0,0,,0,0.00,0.00,,,23140.30,,,,,,,,,,,,30.30,,,,,,,,No,10+ Days,,11/04/2026,,,,,,,,,,,
N307KH,IHC Health Services,10/03/2026,23110.00,0,25 TDFM-9000,Airframe,23110.00,,0,81023.00,INSPECTION,,ICA,,100 HOUR TDFM -9000 ANTENNA AND TRANSCEIVER INSPECTION,ARROW AVIATION AA-407-TDFM-9000 REV. IR,,,,,,,07/16/2026,23040.30,,,80868.00,0,0,100.00,0,0.00,0.00,0,0,,0,0.00,0.00,,,23140.30,,,,,,,,,,,,30.30,,,,,,,,No,10+ Days,,11/04/2026,,,,,,,,,,,
N307KH,IHC Health Services,10/03/2026,23110.00,0,34 GARMIN GRA55 RAD ALT,Airframe,23110.00,,0,81023.00,INSPECTION,,ICA,,100 HOUR /12 MONTH GARMIN GRA 55 RADAR ALT VISUAL INSPECTION,GARMIN ICA 190-01277-A3 REV. 1,,,,,,**See Arrow Aviation ICA AA-407-GRA55 for direction to GARMIN manual**,07/16/2026,23040.30,,,80868.00,,12,100.00,,,,,,,,,,07/31/2027,,23140.30,,,,,,,,26,,9,,30.30,,,,,,,,No,10+ Days,,11/04/2026,,,,,,,,,,,
N407LF,IHC Health Services,10/05/2026,5349.30,17156,25 LIFEPORT MEDPAK 500HR,Airframe,5349.30,,17156,13084.00,INSPECTION,,ICA,,500 HOUR LIFEPORT MEDPAK SYSTEM INSPECTION,LIFEPORT DOC. EGR-508-13,,,,,,,06/19/2025,4880.10,,,12236.00,,,500.00,,,,,,,,,,,,5380.10,,,,,,,,,,,,30.80,,,,,,,,No,10+ Days,,11/05/2026,,,,,,,,,,,
N407ZM,IHC Health Services,10/04/2026,5575.00,1722,25 AFS IVF 100HR,Airframe,5575.00,,1722,13725.00,INSPECTION,,ICA,,100 HOUR DONALDSON IVF INSPECTION,AFS-BH407-IBF-KIT-ICA REV. G,,,,,,,09/25/2026,5562.80,,,13697.00,,,100.00,,,,,,,,,,,,5662.80,,,,,,,,,,,,87.80,,,,,,,,No,10+ Days,,11/05/2026,,,,,,,,,,,
N407ZM,IHC Health Services,10/04/2026,5575.00,1722,62 04-10,Airframe,5575.00,,1722,13725.00,INSPECTION,,AIRWORTHINESS,,100 HOUR MAIN ROTOR YOKE ASSEMBLY AIRWORTHINESS LIMITATIONS  INSPECTION,"BHT-407-MPI, Ch. 4 Airworthiness Limitations",,,,,,"REF. BHT-407-MPI, CH. 4 AIRWORTHINESS LIMITATIONS SCHEDULE TABLE 2 DMC-407-A-04-00-00-00A-288A-A",09/25/2026,5562.80,,,13697.00,,,100.00,,,,,,,,,,,,5662.80,,,,,,,,,,,,87.80,,,,,,,,No,10+ Days,,11/05/2026,,,,,,,,,,,
N407SL,IHC Health Services,10/04/2026,2240.90,0,12 TBL 2,Airframe,2240.90,,0,5434.00,INSPECTION,,RII,,(RII) 50 HOUR/3 MONTH LUBRICATION ITEMS,DMC-407-A-12-00-00-00A-040A-A Table 2,,,,,,COMPLIED WITH 50 HOUR/3 MONTH LUBRICATION ITEMS REF. BHT-407-MM CH. 12 SERVICING TABLE 2 DMC-407-A-12-00-00-00A-040A-A. SWASHPLATE BEARINGS (2 PLACES) AND PITCH CHANGE LINK BEARING (4 PLACES). ACCOMPLISHED USING ALTERNATE METHOD IAW 407-CH12. No disassembly required.,09/04/2026,2222.40,,,5395.00,0,3,50.00,0,0.00,0.00,0,9,5.00,0,0.00,0.00,12/04/2026,,2272.40,,,,,,,,29,,1,,31.50,,,,,,,,No,10+ Days,,11/05/2026,,,,,,,,,,RII,
N407BY,IHC Health Services,10/04/2026,1229.40,0,12 TBL 2,Airframe,1229.40,,0,2649.00,INSPECTION,,RII,,(RII) 150 HOUR TAIL ROTOR DRIVE SHAFT SPLINE ADAPTER LUBRICATION,DMC-407-A-12-00-00-00A-040A-A Table 2,,,,,,"RII - TAIL ROTOR DRIVE SHAFT SPLINE ADAPTER LUBE (2 ADAPTERS) INSURE THAT WASHER STACK UP IS CORRECT, GAPS IN DISC PACKS ARE IN ALLOWABLE LIMITS AND TORQUE STRIPE IS ON ALL NUTS AFTER TORQUE IS COMPLETED.",04/17/2026,1111.00,,,2433.00,0,0,150.00,0,0.00,0.00,0,0,15.00,0,0.00,0.00,,,1261.00,,,,,,,,,,,,31.60,,,,,,,,No,10+ Days,,11/05/2026,,,,,,,,,,RII,
N466GH,IHC Health Services,10/04/2026,3267.50,0,25 AFS IBF 100HR,Airframe,3267.50,,0,7636.00,INSPECTION,,ICA,,100 HOUR DONALDSON IBF VISUAL INSPECTION,AFS-BH407-IBF-KIT-ICA,,,,,,,09/19/2026,3230.90,,,7588.00,,0,100.00,,,,,,,,,,,,3330.90,,,,,,,,,,,,63.40,,,,,,,,No,10+ Days,,11/05/2026,,,,,,,,,,,
N466GH,IHC Health Services,10/04/2026,3267.50,0,25 AFS IVF 100HR,Airframe,3267.50,,0,7636.00,INSPECTION,,ICA,,100 HOUR DONALDSON IVF INSPECTION,AFS-BH407-IBF-KIT-ICA,,,,,,REF. DONALDSON ICA AFS-BH407-IBF-KIT-ICA,09/19/2026,3230.90,,,7588.00,0,,100.00,0,0.00,0.00,0,0,,0,0.00,0.00,,,3330.90,,,,,,,,,,,,63.40,,,,,,,,No,10+ Days,,11/05/2026,,,,,,,,,,,
N407MZ,IHC Health Services,10/05/2026,2805.50,0,72 300HR SCAVENGE FILTER,Engine 1,3228.10,6303.00,,,MAINTENANCE,,RII,,(RII) 300 HOUR ENGINE SCAVENGE OIL FILTER CHANGE (OPERATOR'S REQUEST),RR-M250-C47E/4 O&M Chapter 79-10-00,,,,,,**DO NOT CHANGE OIL AT THIS TIME IF NOT DUE**,07/31/2026,3048.00,,5905.00,,0,0,300.00,0,0.00,0.00,0,0,,0,0.00,0.00,,,3348.00,,,,,,,,,,,,119.90,,,,,,,,No,10+ Days,,11/06/2026,,,,,,,,,,RII,
N407TH,IHC Health Services,10/03/2026,8845.50,2,12 TBL 2,Airframe,8845.50,,2,20680.00,INSPECTION,,RII,,(RII) 50 HOUR/3 MONTH LUBRICATION ITEMS,DMC-407-A-12-00-00-00A-040A-A Table 2,,,,,,COMPLIED WITH THE 50 HOUR/3 MONTH LUBRICATION ITEMS IRT BHT-407-MM CH. 12 SERVICING TABLE 2 DMC-407-A-12-00-00-00A-040A-A. Used alternate method no disassembly required,10/03/2026,8844.00,,,20679.00,0,3,50.00,0,0.00,0.00,0,9,5.00,0,0.00,0.00,01/31/2027,,8894.00,,,,,,,,26,,3,,48.50,,,,,,,,No,10+ Days,,11/06/2026,,,,,,,,,,RII,
N407TH,IHC Health Services,10/03/2026,8845.50,2,53 04-050,Airframe,8845.50,,2,20680.00,INSPECTION,,AIRWORTHINESS,TAILBOOM,50 HOUR TAILBOOM ASSEMBLY INSPECTION,DMC-407-A-04-00-00-00A-288A-A note 10,407-030-801-205,53558,,,,COMPLIED WITH 50 HOUR TAILBOOM ASSEMBLY IAW BELL 407 AMM DMC-407-A-04-00-00-00A-288A-A note 10. NO DEFECTS NOTED.,10/03/2026,8844.00,,,20679.00,,,50.00,,,,,,,,,,,,8894.00,,,,,,,,,,,,48.50,,,,,,,,No,10+ Days,,11/06/2026,,,,,,,,,,,
N307KH,IHC Health Services,10/03/2026,23110.00,0,AD 2026-14-07 AMD 39-23408,Airframe,23110.00,,0,81023.00,AD,,,,[RECURRING] THIS AD WAS PROMPTED BY A REPORT OF A FRACTURED PILOT CYCLIC STICK TUBE AND SUBSEQUENT FINDINGS OF OTHER PILOT CYCLIC STICK TUBES WITH FATIGUE CRACKING. THE FAA IS ISSUING THIS AD TO DETECT AND CORRECT A CRACK IN THE PILOT CYCLIC STICK ...,,,,,,,"INITIAL DUE DATE AND TIME WILL BE DUE IN 100 HOURS OR NOVEMBER 19,2026 (90 DAYS AFTER AUGUST 21, 2026) - THEN RECURRING EVERY 300 HOURS OR 6 MONTHS THEREAFTER",,,,,,,,,,,,,,,,,,11/19/2026,,23142.40,,,,,,,,14,,1,,32.40,,,,,,,,No,10+ Days,,11/06/2026,,,,,,,,,,,
N407LF,IHC Health Services,10/05/2026,5349.30,17156,34 DATA LOG,Airframe,5349.30,,17156,13084.00,INSPECTION,,,,12 MONTH DOWNLOAD (SAVE) AND DELETE DATA LOG FILES,DMC-407-A-95-64-08-02A-090A-A,,,,,,CAUTION **DO NOT DELETE THE DATA_LOG FOLDER FROM THE MAINTENANCE SD CARD. THIS FOLDER IS REQUIRED IN ORDER FOR THE SYSTEM TO SAVE THE FLIGHT DATA INFORMATION FILES.**,11/07/2025,4983.60,,,12470.00,0,12,,0,0.00,0.00,0,36,,0,0.00,0.00,11/07/2026,,,,,,,,,,2,,1,,,,,,,,,,No,10+ Days,,11/07/2026,,,,,,,,,,,
N39KM,IHC Health Services,10/03/2026,3577.00,0,62 04-10,Airframe,3577.00,,0,8191.00,INSPECTION,,AIRWORTHINESS,MR Hub A-55,100 HOUR MAIN ROTOR YOKE ASSEMBLY AIRWORTHINESS LIMITATIONS  INSPECTION,"BHT-407-MPI, Ch. 4 Airworthiness Limitations",,,,,,"REF. BHT-407-MPI, CH. 4 AIRWORTHINESS LIMITATIONS SCHEDULE TABLE 2 DMC-407-A-04-00-00-00A-288A-A",09/01/2026,3526.30,,,8066.00,,,100.00,,,,,,,,,,,,3626.30,,,,,,,,,,,,49.30,,,,,,,,No,10+ Days,,11/07/2026,,,,,,,,,,,
N407PW,IHC Health Services,10/04/2026,1441.00,0,12 TBL 2,Airframe,1441.00,,0,1740.00,INSPECTION,,RII,,(RII) 150 HOUR TAIL ROTOR DRIVE SHAFT SPLINE ADAPTER LUBRICATION,DMC-407-A-12-00-00-00A-040A-A Table 2,,,,,,"RII - TAIL ROTOR DRIVE SHAFT SPLINE ADAPTER LUBE (2 ADAPTERS) INSURE THAT WASHER STACK UP IS CORRECT, GAPS IN DISC PACKS ARE IN ALLOWABLE LIMITS AND TORQUE STRIPE IS ON ALL NUTS AFTER TORQUE IS COMPLETED.",08/27/2026,1374.50,,,1647.00,,,150.00,,,,,,15.00,,,,,,1524.50,,,,,,,,,,,,83.50,,,,,,,,No,10+ Days,,11/07/2026,,,,,,,,,,RII,
N407CZ,IHC Health Services,10/04/2026,2432.60,0,12 TBL 2,Airframe,2432.60,,0,5400.00,INSPECTION,,RII,,(RII) 50 HOUR/3 MONTH LUBRICATION ITEMS,DMC-407-A-12-00-00-00A-040A-A Table 2,,,,,,ACCOMPLISHED 50 HOUR/3 MONTH LUBRICATION ITEMS REF DMC-407-A-12-00-00-00A-040A-A Table 2,09/05/2026,2416.40,,,5362.00,0,3,50.00,0,0.00,0.00,0,9,5.00,0,0.00,0.00,12/05/2026,,2466.40,,,,,,,,0,,2,,33.80,,,,,,,,No,10+ Days,,11/08/2026,,,,,,,,,,RII,
N407LF,IHC Health Services,10/05/2026,5349.30,17156,12 HYD TBL 3,Airframe,5349.30,,17156,13084.00,PART,Life Limited,RII,,(RII) HYDRAULIC FILTER - RETIRE,DMC-407-A-12-00-00-00A-040A-A Table 3,206-076-034-003,No Lot Number,,,1.00,RETIRE AFTER 3 CLEANINGS,11/03/2023,4183.30,,,10840.00,,,1200.00,,,,,,30.00,,,,,,5383.30,,,,,,,,,,,,34.00,,,,,,,,No,10+ Days,,11/08/2026,0,,,0.00,,,,,,RII,
N307KH,IHC Health Services,10/03/2026,23110.00,0,72 INSP 50 PWR CK,Airframe,23110.00,,0,81023.00,INSPECTION,,,,50 HOUR POWER CHECK (PILOT REQUIREMENT),,,,,,,,09/21/2026,23094.20,,,80979.00,,,50.00,,,,,,5.00,,,,,,23144.20,,,,,,,,,,,,34.20,,,,,,,,No,10+ Days,,11/08/2026,,,,,,,,,,Pilot Task; PILOT GOM; Pilots,
N466GH,IHC Health Services,10/04/2026,3267.50,0,25 HELIFAB BTL MNT 100HR,Airframe,3267.50,,0,7636.00,INSPECTION,,ICA,,100 HOUR HELIFAB PORTABLE OXYGEN BOTTLE MOUNT INSPECTION,HF-206-ICA-OXYGEN BOTTLE MOUNT-1,,,,,,,09/20/2026,3237.00,,,7595.00,0,0,100.00,0,0.00,0.00,0,0,,0,0.00,0.00,,,3337.00,,,,,,,,,,,,69.50,,,,,,,,No,10+ Days,,11/08/2026,,,,,,,,,,,
N407TK,IHC Health Services,10/04/2026,5381.40,0,72 INSP 50 PWR CK,Airframe,5381.40,,0,15301.00,INSPECTION,,,,50 HOUR POWER CHECK (PILOT REQUIREMENT),,,,,,,COMPLIED WITH THE 50 HOUR  POWER ENG CHECK  by the day pilot Niels . HOBBS = 5313.6 :   PA = 7560    :   OAT =  22 C     :   TOT= 622   :    TQ = 54.4 :   N1 (NG) = 94.9:   Results=  +16  FMS=  14  . PASS. (NO TOOLS REQUIRED.) PILOT: A HENDERSON,09/17/2026,5366.20,,,15269.00,,,50.00,,,,,,5.00,,,,,,5416.20,,,,,,,,,,,,34.80,,,,,,,,No,10+ Days,,11/09/2026,,,,,,,,,,,
N862YB,IHC Health Services,10/04/2026,2591.10,0,25 AA SKID TUBE 300HR/12M,Airframe,2591.10,,0,6688.00,INSPECTION,,ICA,,300 HOUR/ 12 MONTH AERONAUTICAL ACCESSORIES SKID TUBE INSPECTION,AERONAUTICAL ACCESSORIES AA-01141 REV. E.,,,,,,Completed 300 hour/ 12 month Aeronautical Accessories skid tube inspection. No defects noted at this time. Ref. ICA AA-01141,07/02/2026,2395.70,,,6169.00,0,12,300.00,0,0.00,0.00,0,0,,0,0.00,0.00,07/02/2027,,2695.70,,,,,,,,27,,8,,104.60,,,,,,,,No,10+ Days,,11/09/2026,,,,,,,,,,,
N862YB,IHC Health Services,10/04/2026,2591.10,0,25 AA VERT FIN CAP W/LED,Airframe,2591.10,,0,6688.00,INSPECTION,,ICA,,300 HOUR/ 12 MONTH AERONAUTICAL ACCESSORIES VERTICAL FIN CAP WITH LED LIGHT INSPECTION,Aeronautical Accessories ICA AA-06111 REV. C,,,,,,C/W 300 HOUR/12 MONTH AERONAUTICAL ACCESSORIES VERTICAL FIN CAP WITH LED LIGHT INSPECTION. REF. AERONAUTICAL ACCESSORIES ICA AA-06111. NO DEFECTS FOUND.,07/02/2026,2395.70,,,6169.00,,12,300.00,,,,,,,,,,07/31/2027,,2695.70,,,,,,,,26,,9,,104.60,,,,,,,,No,10+ Days,,11/09/2026,,,,,,,,,,,
N862YB,IHC Health Services,10/04/2026,2591.10,0,25 PARAVION PNEUMATIC DOOR OPENER,Airframe,2591.10,,0,6688.00,INSPECTION,,ICA,,300 HOUR/12 MONTH PARAVION PNEUMATIC DOOR OPENER L/H AFT POSITION ONLY INSPECTION,"PR-206/407DA-120M REV 2, PR-407PDO-120M",,,,,,C/W 300 HOUR/12 MONTH PARAVION PNEUMATIC DOOR OPENER L/H AFT POSITION ONLY INSPECTION IN REF. TO PARAVION DOC. NO. PR-407PDO-120M REV. 1. NO DEFECTS NOTED.,07/02/2026,2395.70,,,6169.00,0,12,300.00,0,0.00,0.00,0,0,,0,0.00,0.00,07/02/2027,,2695.70,,,,,,,,27,,8,,104.60,,,,,,,,No,10+ Days,,11/09/2026,,,,,,,,,,,
N407MZ,IHC Health Services,10/05/2026,2805.50,0,24 20-10,Airframe,2805.50,,0,7326.00,PART,Overhaul,ICA,,(RII) AIRCRAFT BATTERY RECONDITION / CAPACITY CHECK,MARATHONNORCO AEROSPACE DOC 24-34-00,31908-001,11101820,,,,"Removed Battery PN: 31908-001,  SN:  and installed overhauled battery PN:  31908-001, SN:  IRT DMC-407-A-96-61-00-00A-520B-A & DMC-407-A-96-61-00-00A-720B-A",08/04/2026,2637.40,,,6890.00,0,12,300.00,0,0.00,0.00,0,0,,0,0.00,0.00,08/31/2027,,2937.40,,,,,,,,26,,10,,131.90,,,,,,,,No,10+ Days,,11/09/2026,,,,,,,,,,RII,
N407NW,IHC Health Services,10/04/2026,2093.00,0,72 INSP 50 PWR CK,Airframe,2093.00,,0,3776.00,INSPECTION,,,,50 HOUR POWER CHECK (PILOT REQUIREMENT),,,,,,,,09/12/2026,2078.40,,,3722.00,,,50.00,,,,,,5.00,,,,,,2128.40,,,,,,,,,,,,35.40,,,,,,,,No,10+ Days,,11/09/2026,,,,,,,,,,Pilot Task; PILOT GOM,
N407TH,IHC Health Services,10/03/2026,8845.50,2,25 AA TB RADAR ALT MNT KIT,Airframe,8845.50,,2,20680.00,INSPECTION,,ICA,,100 HOUR TAILBOOM RADAR ALTIMETER MOUNT KIT INSPECTION,Aeronautical Accessories ICA AA-TBA-16-008 REV. B,,,,,0.10,Aeronautical Accessories ICA AA-TBA-16-008 REV. B,09/05/2026,8798.90,,,20577.00,,,100.00,,,,,,,,,,,,8898.90,,,,,,,,,,,,53.40,,,,,,,,No,10+ Days,,11/09/2026,,,,,,,,,,,
N407TH,IHC Health Services,10/03/2026,8845.50,2,25 AFS IBF 100HR,Airframe,8845.50,,2,20680.00,INSPECTION,,ICA,,100 HOUR DONALDSON IBF VISUAL INSPECTION,AFS-BH407-IBF-KIT-ICA REV. G,,,,,0.20,,09/05/2026,8798.90,,,20577.00,,,100.00,,,,,,,,,,,,8898.90,,,,,,,,,,,,53.40,,,,,,,,No,10+ Days,,11/09/2026,,,,,,,,,,,
N407TH,IHC Health Services,10/03/2026,8845.50,2,25 AFS IVF 100HR,Airframe,8845.50,,2,20680.00,INSPECTION,,ICA,,100 HOUR DONALDSON IVF INSPECTION,AFS-BH407-IBF-KIT-ICA REV. G,,,,,0.10,,09/05/2026,8798.90,,,20577.00,,,100.00,,,,,,,,,,,,8898.90,,,,,,,,,,,,53.40,,,,,,,,No,10+ Days,,11/09/2026,,,,,,,,,,,
N407TH,IHC Health Services,10/03/2026,8845.50,2,25 HELIFAB ARTICULATE LITTER 100 HR,Airframe,8845.50,,2,20680.00,INSPECTION,,ICA,,100 HR HELIFAB ARTICULATING MEDICAL LITTER INSPECTION,Helifab HF-CA-7-16,,,,,0.50,REF: Helifab HF-CA-7-16,09/05/2026,8798.90,,,20577.00,0,0,100.00,0,0.00,0.00,0,0,,0,0.00,0.00,,,8898.90,,,,,,,,,,,,53.40,,,,,,,,No,10+ Days,,11/09/2026,,,,,,,,,,,
N407TH,IHC Health Services,10/03/2026,8845.50,2,25 HELIFAB BTL MNT 100HR,Airframe,8845.50,,2,20680.00,INSPECTION,,ICA,,100 HOUR HELIFAB PORTABLE OXYGEN BOTTLE MOUNT INSPECTION,Helifab Doc. HF-206-ICA-OXYGEN Bottle Mount-1,,,,,0.10,Ref. Helifab Doc. HF-206-ICA-OXYGEN Bottle Mount-1 Rev. F. Chapter 5,09/05/2026,8798.90,,,20577.00,0,0,100.00,0,0.00,0.00,0,0,,0,0.00,0.00,,,8898.90,,,,,,,,,,,,53.40,,,,,,,,No,10+ Days,,11/09/2026,,,,,,,,,,,
N407TH,IHC Health Services,10/03/2026,8845.50,2,25 HSI MED OXY SYS 100 HR,Airframe,8845.50,,2,20680.00,INSPECTION,,ICA,,100 HOUR HELICOPTER SPECIALTIES (HSI) MEDICAL OXYGEN SYSTEM INSPECTION,HSI ICA DOC # 13102-0501-00,,,,,0.20,REF. HSI ICA DOC # 13102-0501-00,09/05/2026,8798.90,,,20577.00,,,100.00,,,,,,,,,,,,8898.90,,,,,,,,,,,,53.40,,,,,,,,No,10+ Days,,11/09/2026,,,,,,,,,,,
N407TH,IHC Health Services,10/03/2026,8845.50,2,25 HSI MED VACUUM PUMP,Airframe,8845.50,,2,20680.00,INSPECTION,,ICA,,100 HOUR HELICOPTER SPECIALTIES (HSI) MED VACUUM PUMP INSPECTION,HSI Document 107CDC20/24-0501-00,,,,,0.20,Ref. HSI Document 107CDC20/24-0501-00,09/05/2026,8798.90,,,20577.00,,,100.00,,,,,,,,,,,,8898.90,,,,,,,,,,,,53.40,,,,,,,,No,10+ Days,,11/09/2026,,,,,,,,,,,
N407TH,IHC Health Services,10/03/2026,8845.50,2,25 HSI MED WALL 100HR,Airframe,8845.50,,2,20680.00,INSPECTION,,ICA,,100 HOUR HELICOPTER SPECIALTIES (HSI) MED WALL INSPECTION,HSI Document 13103-0501-00,,,,,0.20,Ref. HSI Document 13103-0501-00.,09/05/2026,8798.90,,,20577.00,,,100.00,,,,,,,,,,,,8898.90,,,,,,,,,,,,53.40,,,,,,,,No,10+ Days,,11/09/2026,,,,,,,,,,,
N407TH,IHC Health Services,10/03/2026,8845.50,2,62 04-10,Airframe,8845.50,,2,20680.00,INSPECTION,,AIRWORTHINESS,MR HUB,100 HOUR MAIN ROTOR YOKE ASSEMBLY AIRWORTHINESS LIMITATIONS  INSPECTION,"BHT-407-MPI, Ch. 4 Airworthiness Limitations",407-010-100-115,LK961,,,0.50,"REF. BHT-407-MPI, CH. 4 AIRWORTHINESS LIMITATIONS SCHEDULE, DMC-407-A-04-00-00-00A-288A-A, Table 2, Figure 2.",09/05/2026,8798.90,,,20577.00,,,100.00,,,,,,,,,,,,8898.90,,,,,,,,,,,,53.40,,,,,,,,No,10+ Days,,11/09/2026,,,,,,,,,,,
N407RU,IHC Health Services,09/23/2026,2043.40,0,05 SI/TFC7,Airframe,2043.40,,0,3639.00,INSPECTION,,,TFC,"SPECIAL INSPECTIONS- TORQUE/FRICTION CHECK - (90 TO 110) HOURS AFTER INSTALLATION, ENGINE MOUNTS TORQUE CHECK",DMC-407-A-05-40-00-00A-283A-A table 1,,,,,,"ACTIVATING TQ CHECK AFTER MAINTENANCE COMPLIED WITH ON HSU WO 6917 AUGUST 28,2026  - TQ CHECK ONLY REQUIRED ON LH ENGINE MOUNT AT THIS TIME  CB",08/28/2026,2007.20,,,3585.00,0,0,90.00,0,0.00,0.00,0,0,20.00,0,0.00,0.00,,,2097.20,,,,,,,,,,,,53.80,,,,,,,,No,10+ Days,,11/10/2026,,,,,,,,,,Torque Check,
N407LF,IHC Health Services,10/05/2026,5349.30,17156,AD 2026-14-07 AMD 39-23408,Airframe,5349.30,,17156,13084.00,AD,,,,[RECURRING] THIS AD WAS PROMPTED BY A REPORT OF A FRACTURED PILOT CYCLIC STICK TUBE AND SUBSEQUENT FINDINGS OF OTHER PILOT CYCLIC STICK TUBES WITH FATIGUE CRACKING. THE FAA IS ISSUING THIS AD TO DETECT AND CORRECT A CRACK IN THE PILOT CYCLIC STICK ...,,,,,,,"INITIAL DUE DATE AND TIME WILL BE DUE IN 100 HOURS OR NOVEMBER 19,2026 (90 DAYS AFTER AUGUST 21, 2026) - THEN RECURRING EVERY 300 HOURS OR 6 MONTHS THEREAFTER",,,,,,,,,,,,,,,,,,11/19/2026,,5385.80,,,,,,,,14,,1,,36.50,,,,,,,,No,10+ Days,,11/10/2026,,,,,,,,,,,
N407ZM,IHC Health Services,10/04/2026,5575.00,1722,25 AFS IBF 300HR/12M,Airframe,5575.00,,1722,13725.00,INSPECTION,,ICA,0125,(RII) 300 HOUR/12 MONTH DONALDSON IBF FILTER CLEANING AND INSPECTION,AFS-BH407-IBF-KIT-ICA REV. G,,,,,,,05/22/2026,5380.00,,,,,12,300.00,,,,,,,,,,05/31/2027,,5680.00,,,,,,,,26,,7,,105.00,,,,,,,,No,10+ Days,,11/11/2026,,,,,,,,,,RII,
N469JX,IHC Health Services,09/30/2026,3681.00,0,12 TBL 2,Airframe,3681.00,,0,9318.00,INSPECTION,,RII,,(RII) 150 HOUR TAIL ROTOR DRIVE SHAFT SPLINE ADAPTER LUBRICATION,DMC-407-A-12-00-00-00A-040A-A Table 2,,,,,,"RII - TAIL ROTOR DRIVE SHAFT SPLINE ADAPTER LUBE (2 ADAPTERS) INSURE THAT WASHER STACK UP IS CORRECT, GAPS IN DISC PACKS ARE IN ALLOWABLE LIMITS AND TORQUE STRIPE IS ON ALL NUTS AFTER TORQUE IS COMPLETED.",09/22/2026,3662.90,,,9291.00,,,150.00,,,,,,15.00,,,,,,3812.90,,,,,,,,,,,,131.90,,,,,,,,No,10+ Days,,11/11/2026,,,,,,,,,,RII,
N469JX,IHC Health Services,09/30/2026,3681.00,0,72 72/150,Engine 1,13771.80,23334.00,,,INSPECTION,,INSPECT,847076,150 HOUR/12 MONTH ENGINE INSPECTION,RR-C47B-O&M 72-00-00-200-801 TABLE 6.,,,,,,"**USE TABLE 6 ONLY DUE TO SERVICE WITH MOBIL 254 OIL (3RD GENERATION OIL)** CAUTION: BEFORE YOU UNDERTAKE A INSPECTION OR MAINTENANCE ACTION, CONSULT THE REFERENCED PARAGRAPHS OF THE OPERATION AND MAINTENANCE MANUAL. FAILURE TO DO SO COULD RESULT IN EQUIPMENT DAMAGE OR DESTRUCTION AND POSSIBLY RESULT IN PERSONNEL DEATH OR INJURY. NOTE: Compliance to the 150 hour and 300 hour items in this table must be performed at least every 12 calendar months or by hours, whichever occurs first. This inspection checklist can only be used if the operator uses an approved third generation (hts) oil.",09/22/2026,13753.70,,23307.00,,,12,150.00,,,,,,,,,,09/30/2027,,13903.70,,,,,,,,25,,11,,131.90,,,,,,,,No,10+ Days,,11/11/2026,,,,,,,,,,,
N469JX,IHC Health Services,09/30/2026,3681.00,0,25 REBTECH 12M,Airframe,3681.00,,0,9318.00,INSPECTION,,ICA,,12 MONTH REBTECH NIGHT VISION INSPECTION,Rebtech ICA Document 98020407-ICA REV. H,,,,,,Rebtech ICA Document 98020407-ICA REV. H,11/12/2025,3230.60,,,8657.00,0,12,,0,0.00,0.00,0,0,,0,0.00,0.00,11/12/2026,,,,,,,,,,7,,1,,,,,,,,,,No,10+ Days,,11/12/2026,,,,,,,,,,,
N407ZM,IHC Health Services,10/04/2026,5575.00,1722,25 AFS IVF 300HR/12M,Airframe,5575.00,,1722,13725.00,INSPECTION,,ICA,0125,300 HOUR/12 MONTH DONALDSON IVF FILTER CLEANING AND INSPECTION,AFS-BH407-IBF-KIT-ICA REV. G,,,,,,,05/22/2026,5380.80,,,13300.00,,12,300.00,,,,,,,,,,05/31/2027,,5680.80,,,,,,,,26,,7,,105.80,,,,,,,,No,10+ Days,,11/12/2026,,,,,,,,,,,
N307KH,IHC Health Services,10/03/2026,23110.00,0,25 REBTECH  200HR/12M,Airframe,23110.00,,0,81023.00,INSPECTION,,ICA,,200 HOUR/12 MONTH REBTECH NIGHT VISION INSPECTION,Rebtech ICA Document 98020407-ICA REV. H,,,,,,,04/16/2026,22948.20,,,80637.00,,12,200.00,,,,,,,,,,04/30/2027,,23148.20,,,,,,,,25,,6,,38.20,,,,,,,,No,10+ Days,,11/12/2026,,,,,,,,,,,
N407SL,IHC Health Services,10/04/2026,2240.90,0,72 72/150,Engine 1,2069.60,4593.00,,,INSPECTION,,INSPECT,CAE-847339,150 HOUR/ 12 MONTH ENGINE INSPECTION,RR-M250-C47E/4-O&M Ch. 72-00-00-200-801 Table 6.,,,,,,"BEFORE YOU UNDERTAKE A INSPECTION OR MAINTENANCE ACTION, CONSULT THE REFERENCED PARAGRAPHS OF THE OPERATION AND MAINTENANCE MANUAL. FAILURE TO DO SO COULD RESULT IN EQUIPMENT DAMAGE OR DESTRUCTION AND POSSIBLY RESULT IN PERSONNEL DEATH OR INJURY . Note: Compliance to the 150 hour and 300 hour items in this table must be performed at least every 12 calendar months or by hours, whichever occurs first. This inspection checklist can only be used if the operator uses an approved third generation (hts) oil",06/02/2026,1958.30,,4369.00,,,12,150.00,,,,,,,,,,06/02/2027,,2108.30,,,,,,,,28,,7,,38.70,,,,,,,,No,10+ Days,,11/12/2026,,,,,,,,,,,
N407CZ,IHC Health Services,10/04/2026,2432.60,0,72 INSP 50 PWR CK,Airframe,2432.60,,0,5400.00,INSPECTION,,,,50 HOUR POWER CHECK (PILOT REQUIREMENT),,,,,,,,09/12/2026,2421.50,,,5373.00,,,50.00,,,,,,5.00,,,,,,2471.50,,,,,,,,,,,,38.90,,,,,,,,No,10+ Days,,11/13/2026,,,,,,,,,,Pilot Task; PILOT GOM,
N407TH,IHC Health Services,10/03/2026,8845.50,2,25 PARAVION SNOW DEFL 300HR/12M,Airframe,8845.50,,2,20680.00,INSPECTION,,ICA,,300 HOUR/12 MONTH PARAVION SNOW DEFLECTOR AND DZUS HARDWARE INSPECTION,Paravion PR-206/407SD-120M REV. 4,,,,,0.20,REF : Paravion PR-206/407SD-120M REV. 4,05/12/2026,8604.80,,,20145.00,,12,300.00,,,,,,,,,,05/31/2027,,8904.80,,,,,,,,26,,7,,59.30,,,,,,,,No,10+ Days,,11/13/2026,,,,,,,,,,,
N407LF,IHC Health Services,10/05/2026,5349.30,17156,72 INSP 50 PWR CK,Airframe,5349.30,,17156,13084.00,INSPECTION,,,,50 HOUR POWER CHECK (PILOT REQUIREMENT),,,,,,,,09/29/2026,5339.00,,,13065.00,,,50.00,,,,,,5.00,,,,,,5389.00,,,,,,,,,,,,39.70,,,,,,,,No,10+ Days,,11/13/2026,,,,,,,,,,Pilot Task; PILOT GOM,
N407CN,IHC Health Services,10/02/2026,4963.50,0,25 REBTECH  200HR/12M,Airframe,4963.50,,0,11871.00,INSPECTION,,ICA,,200 HOUR/12 MONTH REBTECH NIGHT VISION INSPECTION,Rebtech ICA Document 98020407-ICA REV. H,,,,,,,12/02/2025,4813.50,,,,,12,200.00,,,,,,,,,,12/31/2026,,5013.50,,,,,,,,26,,2,,50.00,,,,,,,,No,10+ Days,,11/14/2026,,,,,,,,,,,
N407FM,IHC Health Services,10/04/2026,2702.50,0,12 TBL 2,Airframe,2702.50,,0,6837.00,INSPECTION,,RII,,(RII) 150 HOUR TAIL ROTOR DRIVE SHAFT SPLINE ADAPTER LUBRICATION,DMC-407-A-12-00-00-00A-040A-A Table 2,,,,,,"RII - TAIL ROTOR DRIVE SHAFT SPLINE ADAPTER LUBE (2 ADAPTERS) INSURE THAT WASHER STACK UP IS CORRECT, GAPS IN DISC PACKS ARE IN ALLOWABLE LIMITS AND TORQUE STRIPE IS ON ALL NUTS AFTER TORQUE IS COMPLETED.",07/24/2026,2633.40,,,6663.00,0,0,150.00,0,0.00,0.00,0,0,15.00,0,0.00,0.00,,,2783.40,,,,,,,,,,,,80.90,,,,,,,,No,10+ Days,,11/14/2026,,,,,,,,,,RII,
N39KM,IHC Health Services,10/03/2026,3577.00,0,25 AA TB RADAR ALT MNT KIT,Airframe,3577.00,,0,8191.00,INSPECTION,,ICA,,100 HOUR TAILBOOM RADAR ALTIMETER MOUNT KIT INSPECTION,Aeronautical Accessories ICA AA-TBA-16-008,,,,,,Aeronautical Accessories ICA AA-TBA-16-008 REV. B,09/08/2026,3538.20,,,8095.00,,,100.00,,,,,,,,,,,,3638.20,,,,,,,,,,,,61.20,,,,,,,,No,10+ Days,,11/15/2026,,,,,,,,,,,
N407FM,IHC Health Services,10/04/2026,2702.50,0,25 AA TB RADAR ALT MNT KIT,Airframe,2702.50,,0,6837.00,INSPECTION,,ICA,,100 HOUR TAILBOOM RADAR ALTIMETER MOUNT KIT INSPECTION,Aeronautical Accessories ICA AA-TBA-16-008,,,,,,Complied with 100 HOUR AERONAUTICAL ACCESSORIES RADAR ALTIMETER MOUNT KIT INSPECTION. Ref. Aeronautical Accessories ICA AA-TBA-16-008.,09/23/2026,2684.40,,,6793.00,,,100.00,,,,,,,,,,,,2784.40,,,,,,,,,,,,81.90,,,,,,,,No,10+ Days,,11/15/2026,,,,,,,,,,,
N407FM,IHC Health Services,10/04/2026,2702.50,0,25 AFS IBF 100 HR,Airframe,2702.50,,0,6837.00,INSPECTION,,ICA,,100 HOUR DONALDSON IBF VISUAL INSPECTION,REF. AFS-BH407-IBF-KIT-ICA,,,,,,Complied with 100 HR. IBF VISUAL INSPECTION REF. AFS-BH407-IBF-KIT-ICA.,09/23/2026,2684.40,,,6793.00,,,100.00,,,,,,,,,,,,2784.40,,,,,,,,,,,,81.90,,,,,,,,No,10+ Days,,11/15/2026,,,,,,,,,,,
N407FM,IHC Health Services,10/04/2026,2702.50,0,25 AFS IVF 100HR,Airframe,2702.50,,0,6837.00,INSPECTION,,ICA,,100 HOUR DONALDSON IVF INSPECTION,AFS-BH407-IBF-KIT-ICA,,,,,,"Complied with 100 HOUR IVF INSPECTION Ref. Donaldson Filtration Solutions ICA AFS-BH407-IBF-KIT-ICA, Table 1.",09/23/2026,2684.40,,,6793.00,,,100.00,,,,,,,,,,,,2784.40,,,,,,,,,,,,81.90,,,,,,,,No,10+ Days,,11/15/2026,,,,,,,,,,,
N407FM,IHC Health Services,10/04/2026,2702.50,0,25 AIR COMM AIR COND100HR,Airframe,2702.50,,0,6837.00,INSPECTION,,ICA,,100 HR AIR COMM AIR CONDITIONER INSPECTION,407-EC-200M-2 REV. 14,,,,,,"REF: 407EC-200M-2 *** USE CHAPTER 3  ITEM 1-""INSPECTION REQUIREMENTS"" AND CHAPTER 3 ITEM 3- ""INSPECTION PROCEDURES"" TO COMPLETE INSPECTIONS***

Complied with 100 HR  AIR COMM AIR CONDITIONER  REF. AIR COMM ICA 407EC-200M-2.",09/23/2026,2684.40,,,6793.00,0,0,100.00,0,0.00,0.00,0,0,,0,0.00,0.00,,,2784.40,,,,,,,,,,,,81.90,,,,,,,,No,10+ Days,,11/15/2026,,,,,,,,,,,
N407FM,IHC Health Services,10/04/2026,2702.50,0,25 HELIFAB 16 100HR,Airframe,2702.50,,0,6837.00,INSPECTION,,ICA,,100 HOUR HELIFAB ARTICULATING MEDICAL LITTER INSPECTION,HELIFAB HF-CA-7-16,,,,,,"Complied with 100 HOUR HELIFAB MEDICAL LITTER INSPECTION, ref. Helifab ICA HF-CA-7-16.",09/23/2026,2684.40,,,6793.00,0,0,100.00,0,0.00,0.00,0,0,,0,0.00,0.00,,,2784.40,,,,,,,,,,,,81.90,,,,,,,,No,10+ Days,,11/15/2026,,,,,,,,,,,
N407FM,IHC Health Services,10/04/2026,2702.50,0,25 HELIFAB 20 100HR/12M,Airframe,2702.50,,0,6837.00,INSPECTION,,ICA,,100 HOUR / 12 MONTH HELIFAB PATIENT OXYGEN SLED SYSTEM INSPECTION,HELIFAB HF-CA-7-20,,,,,,Complied with 100 HOUR / 12 MONTH HELIFAB MEDICAL EQUIPMENT SLED INSPECTION Ref. Heli fab ICA HF-CA-7-20.0,09/23/2026,2684.40,,,6793.00,0,12,100.00,0,0.00,0.00,0,0,,0,0.00,0.00,09/30/2027,,2784.40,,,,,,,,25,,11,,81.90,,,,,,,,No,10+ Days,,11/15/2026,,,,,,,,,,,
N407FM,IHC Health Services,10/04/2026,2702.50,0,25 HELIFAB 206 100HR,Airframe,2702.50,,0,6837.00,INSPECTION,,ICA,,100 HOUR HELIFAB STORAGE BIN INSPECTION,HF-206-ICA-2500-0002,,,,,,Complied with 100 HOUR HELIFAB STORAGE BIN INSPECTION Ref. Helifab ICA HF-206-ICA-2500-0002.,09/23/2026,2684.40,,,6793.00,0,0,100.00,0,0.00,0.00,0,0,,0,0.00,0.00,,,2784.40,,,,,,,,,,,,81.90,,,,,,,,No,10+ Days,,11/15/2026,,,,,,,,,,,
N407FM,IHC Health Services,10/04/2026,2702.50,0,25 HELIFAB BTL MNT 100HR,Airframe,2702.50,,0,6837.00,INSPECTION,,ICA,,100 HOUR HELIFAB PORTABLE OXYGEN BOTTLE MOUNT INSPECTION,HF-206-ICA-OXYGEN BOTTLE MOUNT-1,,,,,,"Complied with 100 HOUR HELIFAB OXYGEN BOTTLE MOUNT INSPECTION, ref.  Helifab ICA HF-206-ICA-OXYGEN BOTTLE MOUNT-1.",09/23/2026,2684.40,,,6793.00,0,0,100.00,0,0.00,0.00,0,0,,0,0.00,0.00,,,2784.40,,,,,,,,,,,,81.90,,,,,,,,No,10+ Days,,11/15/2026,,,,,,,,,,,
N407FM,IHC Health Services,10/04/2026,2702.50,0,62 04-10,Airframe,2702.50,,0,6837.00,INSPECTION,Overhaul,AIRWORTHINESS,MR HUB,100 HOUR MAIN ROTOR YOKE ASSEMBLY AIRWORTHINESS LIMITATIONS  INSPECTION,"BHT-407-MPI, Ch. 4 Airworthiness Limitations",,,,,,"REF. BHT-407-MPI, CH. 4 AIRWORTHINESS LIMITATIONS SCHEDULE TABLE 2 DMC-407-A-04-00-00-00A-288A-A

Complied with 100 HOUR MAIN ROTOR YOKE ASSEMBLY AIRWORTHINESS LIMITATIONS  INSPECTION, REF. BHT-407-MPI, CH. 4 AIRWORTHINESS LIMITATIONS SCHEDULE TABLE 2 DMC-407-A-04-00-00-00A-288A-A.",09/22/2026,2684.40,,,6793.00,,,100.00,,,,,,,,,,,,2784.40,,,,,,,,,,,,81.90,,,,,,,,No,10+ Days,,11/15/2026,,,,,,,,,,,
N407SL,IHC Health Services,10/04/2026,2240.90,0,72 INSP 50 PWR CK,Airframe,2240.90,,0,5434.00,INSPECTION,,,,50 HOUR POWER CHECK (PILOT REQUIREMENT),,,,,,,,09/18/2026,2231.90,,,5412.00,,,50.00,,,,,,5.00,,,,,,2281.90,,,,,,,,,,,,41.00,,,,,,,,No,10+ Days,,11/15/2026,,,,,,,,,,Pilot Task; PILOT GOM,
N39KM,IHC Health Services,10/03/2026,3577.00,0,25 AFS IVF 300HR/12M,Airframe,3577.00,,0,8191.00,INSPECTION,,ICA,IVFILTER,300 HOUR/12 MONTH DONALDSON IVF FILTER CLEANING AND INSPECTION,AFS-BH407-IBF-KIT-ICA,106251-101,0392,,,,,05/06/2026,3338.90,,,7605.00,,12,300.00,,,,,,,,,,05/06/2027,,3638.90,,,,,,,,1,,7,,61.90,,,,,,,,No,10+ Days,,11/15/2026,,,,,,,,,,,
N39KM,IHC Health Services,10/03/2026,3577.00,0,25 PARAVION PNEUMATIC DOOR OPENER,Airframe,3577.00,,0,8191.00,INSPECTION,,ICA,,300 HOUR/12 MONTH PARAVION PNEUMATIC DOOR OPENER L/H AFT POSITION ONLY INSPECTION,"PR-206/407DA-120M REV 2, PR-407PDO-120M",,,,,,,05/05/2026,3338.90,,,7605.00,,12,300.00,,,,,,,,,,05/05/2027,,3638.90,,,,,,,,0,,7,,61.90,,,,,,,,No,10+ Days,,11/15/2026,,,,,,,,,,,
N39KM,IHC Health Services,10/03/2026,3577.00,0,25 PARAVION SNOW DEFL 300HR/12M,Airframe,3577.00,,0,8191.00,INSPECTION,,ICA,,300 HOUR/12 MONTH PARAVION SNOW DEFLECTOR AND DZUS HARDWARE INSPECTION,Paravion PR-206/407SD-120M REV. 4,,,,,,,05/05/2026,3338.90,,,7605.00,,12,300.00,,,,,,,,,,05/05/2027,,3638.90,,,,,,,,0,,7,,61.90,,,,,,,,No,10+ Days,,11/15/2026,,,,,,,,,,,
N39KM,IHC Health Services,10/03/2026,3577.00,0,53 04-300,Airframe,3577.00,,0,8191.00,INSPECTION,,AIRWORTHINESS,53732,300 HOUR TAILBOOM ASSEMBLY AIRWORTHINESS LIMITATIONS INSPECTION,DMC-407-A-04-00-00-00A-288A-A TABLE 2,,,,,,"Ref. DMC-407-A-04-00-00-00A-288A-A, Table 2 and Figure 5.",05/06/2026,3338.90,,,7605.00,,,300.00,,,,,,,,,,,,3638.90,,,,,,,,,,,,61.90,,,,,,,,No,10+ Days,,11/15/2026,,,,,,,,,,,
N407CP,IHC Health Services,10/04/2026,10206.30,1,ASB 407-25-143,Airframe,10206.30,,1,22355.00,ASB,,,,"LANDING GEAR AFT CROSSTUBE LOWER SUPPORT RUBBER CUSHION, ONE-TIME INSPECTION OF",,,,,,,RECORD CUSHION THICKNESS - RECURRING INTERVAL WILL FOLLOW DEPENDING ON RESULTS,07/01/2026,10104.40,,,22089.00,,6,165.00,,,,,,,,,,01/31/2027,,10269.40,,,,,,,,26,,3,,63.10,,,,,,,,No,10+ Days,,11/16/2026,,,,,,,,,,,
N407NW,IHC Health Services,10/04/2026,2093.00,0,25 AA TB RADAR ALT MNT KIT,Airframe,2093.00,,0,3776.00,INSPECTION,,ICA,,100 HOUR TAILBOOM RADAR ALTIMETER MOUNT KIT INSPECTION,Ref. Aeronautical Accessories ICA AA-TBA-16-008,,,,,,COMPLIED WITH 100 HOUR RADAR ALTIMETER MOUNT KIT  IAW REF.  Aeronautical Accessories ICA AA-TBA-16-008.,07/30/2026,2035.10,,,3650.00,,,100.00,,,,,,,,,,,,2135.10,,,,,,,,,,,,42.10,,,,,,,,No,10+ Days,,11/16/2026,,,,,,,,,,,
N407NW,IHC Health Services,10/04/2026,2093.00,0,25 AFS IBF 100HR,Airframe,2093.00,,0,3776.00,INSPECTION,,ICA,,100 HOUR DONALDSON IBF VISUAL INSPECTION,AFS-BH407-IBF-KIT-ICA,,,,,,"COMPLIED WITH 100 HOUR IBF INSPECTION. IAW Ref. Donaldson Filtration Solutions ICA AFS-BH407-IBF-KIT-ICA, Table 1.",07/30/2026,2035.10,,,3650.00,,,100.00,,,,,,,,,,,,2135.10,,,,,,,,,,,,42.10,,,,,,,,No,10+ Days,,11/16/2026,,,,,,,,,,,
N407NW,IHC Health Services,10/04/2026,2093.00,0,25 AFS IVF 100HR,Airframe,2093.00,,0,3776.00,INSPECTION,,ICA,,100 HOUR DONALDSON IVF INSPECTION,Ref. AFS-BH407-IBF-KIT-ICA,,,,,,"COMPLIED WITH 100 HOUR IVF INSPECTION  IAW Ref. Donaldson Filtration Solutions ICA AFS-BH407-IBF-KIT-ICA, Table 1. NO DEFECTS NOTED",07/30/2026,2035.10,,,3650.00,,,100.00,,,,,,,,,,,,2135.10,,,,,,,,,,,,42.10,,,,,,,,No,10+ Days,,11/16/2026,,,,,,,,,,,
N407NW,IHC Health Services,10/04/2026,2093.00,0,25 HELIFAB 16 100HR,Airframe,2093.00,,0,3776.00,INSPECTION,,ICA,,100 HOUR HELIFAB ARTICULATING MEDICAL LITTER INSPECTION,HELIFAB HF-CA-7-16,,,,,,COMPLIED WITH 100 HOUR HELIFAB ARTICULATING MEDICAL LITTER  IAW REF. HF-CA-7-16.,07/30/2026,2035.10,,,3650.00,0,0,100.00,0,0.00,0.00,0,0,,0,0.00,0.00,,,2135.10,,,,,,,,,,,,42.10,,,,,,,,No,10+ Days,,11/16/2026,,,,,,,,,,,
N407NW,IHC Health Services,10/04/2026,2093.00,0,25 HELIFAB 20 100HR/12M,Airframe,2093.00,,0,3776.00,INSPECTION,,ICA,,100 HOUR / 12 MONTH HELIFAB PATIENT OXYGEN SLED SYSTEM INSPECTION,Ref. Helifab HF-CA-7-20,,,,,,"ACCOMPLISHED 100 HOUR / 12 MONTH HELIFAB PATIENT OXYGEN SLED SYSTEM INSPECTION IAW Ref. Helifab HF-CA-7-20, NO DEFECTS NOTED",07/30/2026,2035.10,,,3650.00,0,12,100.00,0,0.00,0.00,0,0,,0,0.00,0.00,07/30/2027,,2135.10,,,,,,,,25,,9,,42.10,,,,,,,,No,10+ Days,,11/16/2026,,,,,,,,,,,
N407NW,IHC Health Services,10/04/2026,2093.00,0,25 HELIFAB 206 100HR,Airframe,2093.00,,0,3776.00,INSPECTION,,ICA,,100 HOUR HELIFAB STORAGE BIN INSPECTION,HF-206-ICA-2500-0002,,,,,,ACCOMPLISHED 100 HOUR HELIFAB STORAGE BIN INSPECTION IAW HELIFAB ICA #HF-206-ICA-2500-0002,07/30/2026,2035.10,,,3650.00,0,0,100.00,0,0.00,0.00,0,0,,0,0.00,0.00,,,2135.10,,,,,,,,,,,,42.10,,,,,,,,No,10+ Days,,11/16/2026,,,,,,,,,,,
N407NW,IHC Health Services,10/04/2026,2093.00,0,25 HELIFAB BTL MNT 100HR,Airframe,2093.00,,0,3776.00,INSPECTION,,ICA,,100 HOUR HELIFAB PORTABLE OXYGEN BOTTLE MOUNT INSPECTION,REF. HF-206-ICA-OXYGEN BOTTLE MOUNT-1,,,,,,COMPLIED WITH 100 HOUR HELIFAB PORTABLE OXYGEN BOTTLE MOUNT IAW REF. HF-206-ICA-OXYGEN BOTTLE MOUNT-1. No defects noted,07/30/2026,2035.10,,,3650.00,0,0,100.00,0,0.00,0.00,0,0,,0,0.00,0.00,,,2135.10,,,,,,,,,,,,42.10,,,,,,,,No,10+ Days,,11/16/2026,,,,,,,,,,,
N407NW,IHC Health Services,10/04/2026,2093.00,0,62 04-10,Airframe,2093.00,,0,3776.00,INSPECTION,,AIRWORTHINESS,HSU-4540,100 HOUR MAIN ROTOR YOKE ASSEMBLY AIRWORTHINESS LIMITATIONS  INSPECTION,"BHT-407-MPI, Ch. 4 Airworthiness Limitations",,,,,,"COMPLIED WITH 100 HOUR MAIN ROTOR YOKE ASSEMBLY INSPECTION. IAW REF. BHT-407-MPI, CH. 4 AIRWORTHINESS LIMITATIONS SCHEDULE TABLE 2 DMC-407-A-04-00-00-00A-288A-A.",07/30/2026,2035.10,,,3650.00,,,100.00,,,,,,,,,,,,2135.10,,,,,,,,,,,,42.10,,,,,,,,No,10+ Days,,11/16/2026,,,,,,,,,,,
N466GH,IHC Health Services,10/04/2026,3267.50,0,25 PARAVION SNOW DEFL 300HR/12M,Airframe,3267.50,,0,7636.00,INSPECTION,,ICA,,300 HOUR/12 MONTH PARAVION SNOW DEFLECTOR AND DZUS HARDWARE INSPECTION,Paravion PR-206/407SD-120M REV. 4,,,,,,Ref. Paravion PR-206/407SD-120M,05/13/2026,3051.80,,,7340.00,0,12,300.00,0,0.00,0.00,0,0,,0,0.00,0.00,05/31/2027,,3351.80,,,,,,,,26,,7,,84.30,,,,,,,,No,10+ Days,,11/16/2026,,,,,,,,,,,
N862YB,IHC Health Services,10/04/2026,2591.10,0,12 TBL 2,Airframe,2591.10,,0,6688.00,INSPECTION,,RII,,(RII) 150 HOUR TAIL ROTOR DRIVE SHAFT SPLINE ADAPTER LUBRICATION,DMC-407-A-12-00-00-00A-040A-A Table 2,,,,,,Performed 150 HOUR TAIL ROTOR DRIVE SHAFT SPLINE ADAPTER LUBRICATION ref DMC-407-A-12-00-00-00A-040A-A Table 2,09/07/2026,2567.80,,,6618.00,,,150.00,,,,,,15.00,,,,,,2717.80,,,,,,,,,,,,126.70,,,,,,,,No,10+ Days,,11/16/2026,,,,,,,,,,RII,
N407NW,IHC Health Services,10/04/2026,2093.00,0,12 TBL 2,Airframe,2093.00,,0,3776.00,INSPECTION,,RII,,(RII) 150 HOUR TAIL ROTOR DRIVE SHAFT SPLINE ADAPTER LUBRICATION,DMC-407-A-12-00-00-00A-040A-A Table 2,,,,,,"RII - TAIL ROTOR DRIVE SHAFT SPLINE ADAPTER LUBE (2 ADAPTERS) INSURE THAT WASHER STACK UP IS CORRECT, GAPS IN DISC PACKS ARE IN ALLOWABLE LIMITS AND TORQUE STRIPE IS ON ALL NUTS AFTER TORQUE IS COMPLETED.",06/30/2026,1985.50,,,3575.00,,,150.00,,,,,,15.00,,,,,,2135.50,,,,,,,,,,,,42.50,,,,,,,,No,10+ Days,,11/16/2026,,,,,,,,,,RII,
N407NW,IHC Health Services,10/04/2026,2093.00,0,72 72/150,Engine 1,2592.20,4362.00,,,INSPECTION,,INSPECT,CAE-847339,150 HOUR/12 MONTH ENGINE INSPECTION,RR-M250-C47E/4-O&M Ch. 72-00-00-200-801 Table 6.,,,,,1.50,"BEFORE YOU UNDERTAKE A INSPECTION OR MAINTENANCE ACTION, CONSULT THE REFERENCED PARAGRAPHS OF THE OPERATION AND MAINTENANCE MANUAL. FAILURE TO DO SO COULD RESULT IN EQUIPMENT DAMAGE OR DESTRUCTION AND POSSIBLY RESULT IN PERSONNEL DEATH OR INJURY . Note: Compliance to the 150 hour and 300 hour items in this table must be performed at least every 12 calendar months or by hours, whichever occurs first. This inspection checklist can only be used if the operator uses an approved third generation (hts) oil",07/16/2026,2484.70,,4212.00,,,12,150.00,,,,,,,,,,07/16/2027,,2634.70,,,,,,,,11,,9,,42.50,,,,,,,,No,10+ Days,,11/16/2026,,,,,,,,,,,
N7160V,IHC Health Services,10/04/2026,10771.90,0,25 HELIFAB 16 100HR,Airframe,10771.90,,0,27183.00,INSPECTION,,ICA,,100 HOUR HELIFAB ARTICULATING MEDICAL LITTER INSPECTION,HELIFAB HF-CA-7-16 REV. C,,,,,0.60,"This inspection is to be performed by a qualified technician. In conjunction with this inspection a complete preflight inspection must be accomplished in accordance with Section 5.3.
All inspections must be recorded in the rotorcraft records IAW 14 CFR Part 43 Remove components as required to perform inspections. Reinstall components after  inspection. Replace parts as required that do not function properly or do not pass the  inspection requirements.",08/28/2026,10735.70,,,27070.00,0,0,100.00,0,0.00,0.00,0,0,,0,0.00,0.00,,,10835.70,,,,,,,,,,,,63.80,,,,,,,,No,10+ Days,,11/16/2026,,,,,,,,,,,
N469JX,IHC Health Services,09/30/2026,3681.00,0,05 300HR- PERIODIC INSPECTION,Airframe,3681.00,,0,9318.00,INSPECTION,,,,300 HOUR /12 MONTH PERIODIC AIRFRAME INSPECTION,DMC-407-A-05-40-00-06A-281A-A,,,,,16.00,"1. Do this inspection every 12 calendar months or every 300 hours of operation. 2. Do all six events of the airframe progressive inspection. Ref. DMC-407-A-05-40-00-06A-281A-A, Complete all 6 Progressive Inspection Events: DMC-407-A-05-40-00-00A-281A-A, DMC-407-A-05-40-00-01A-281A-A,DMC-407-A-05-40-00-02A-281A-A, DMC-407-A-05-40-00-03A-281A-A, DMC-407-A-05-40-00-04A-281A-A, DMC-407-A-05-40-00-05A-281A-A.",07/20/2026,3529.90,,,9095.00,,12,300.00,,,,,36,30.00,,,,07/31/2027,,3829.90,,,,,,,,26,,9,,148.90,,,,,,,,No,10+ Days,,11/16/2026,,,,,,,,,,,
N469JX,IHC Health Services,09/30/2026,3681.00,0,12 HYD TBL 2,Airframe,3681.00,,0,9318.00,INSPECTION,,RII,,(RII) 300 HOUR/12 MONTH HYDRAULIC PUMP DRIVE SPLINE LUBRICATION,DMC-407-A-12-00-00-00A-040A-A Table 2,,,,,1.00,REF. BHT-407-MM CH. 12 SERVICING TABLE 2 DMC-407-A-12-00-00-00A-040A-A,07/20/2026,3529.90,,,9095.00,,12,300.00,,,,0,36,30.00,,,,07/31/2027,,3829.90,,,,,,,,26,,9,,148.90,,,,,,,,No,10+ Days,,11/16/2026,,,,,,,,,,RII,
N469JX,IHC Health Services,09/30/2026,3681.00,0,12 HYD TBL 3,Airframe,3681.00,,0,9318.00,INSPECTION,,RII,HYD FLTR,(RII) 300 HOUR/12 MONTH HYDRAULIC FILTER CLEANING AND INSPECTION,DMC-407-A-12-00-00-00A-040A-A Table 3,,,,,,"Ref. BHT-407-MM, Chapter 12, General, Table 3 DMC-407-A-12-00-00-00A-040A-A,",07/20/2026,3529.90,,,9095.00,,12,300.00,,,,0,36,30.00,,,,07/31/2027,,3829.90,,,,,,,,26,,9,,148.90,,,,,,,,No,10+ Days,,11/16/2026,,,,,,,,,,RII,
N469JX,IHC Health Services,09/30/2026,3681.00,0,12 HYD TBL 3,Airframe,3681.00,,0,9318.00,INSPECTION,,,,300 HOUR/12 MONTH HYDRAULIC FLUID CHANGE,DMC-407-A-12-00-00-00A-040A-A Table 3,,,,,,"Ref. BHT-407-MM, Chapter 12, General, Table 3. DMC-407-A-12-00-00-00A-040A-A, Table 3.",07/20/2026,3529.90,,,9095.00,,12,300.00,,,,0,36,30.00,,,,07/31/2027,,3829.90,,,,,,,,26,,9,,148.90,,,,,,,,No,10+ Days,,11/16/2026,,,,,,,,,,,
N469JX,IHC Health Services,09/30/2026,3681.00,0,12 TBL 1,Airframe,3681.00,,0,9318.00,INSPECTION,,RII,,(RII) 300 HOUR AIRFRAME FUEL FILTER INSPECTION AND CHANGE,DMC-407-A-12-00-00-00A-040A-A,,,,,,**Additional Fuel System Operational Check Required per Ref. DMC-407-A-28-00-00-00A-320A-A after completion.**,07/20/2026,3529.90,,,9095.00,,,300.00,,,,,,30.00,,,,,,3829.90,,,,,,,,,,,,148.90,,,,,,,,No,10+ Days,,11/16/2026,,,,,,,,,,RII,
N469JX,IHC Health Services,09/30/2026,3681.00,0,12 TBL 2,Airframe,3681.00,,0,9318.00,INSPECTION,,,,300 HOUR TAIL ROTOR DRIVE SHAFT & OIL COOLER BEARING LUBRICATION,DMC-407-A-12-00-00-00A-040A-A Table 2,,,,,,REF. BHT-407-MM CH. 12 SERVICING TABLE 2 DMC-407-A-12-00-00-00A-040A-A,07/20/2026,3529.90,,,9095.00,,,300.00,,,,,,30.00,,,,,,3829.90,,,,,,,,,,,,148.90,,,,,,,,No,10+ Days,,11/16/2026,,,,,,,,,,,
N469JX,IHC Health Services,09/30/2026,3681.00,0,12 TBL 3,Airframe,3681.00,,0,9318.00,INSPECTION,,,,300 HOUR/12 MONTH MAIN ROTOR TRANSMISSION OIL & FILTER CHANGE,DMC-407-A-12-00-00-00A-040A-A Table 3,,,,,,"Ref. . REF. BHT-407-MM, Chapter 12, General, Table 3. DMC-407-A-12-00-00-00A-040A-A,",07/20/2026,3529.90,,,9095.00,,12,300.00,,,,0,36,30.00,,,,07/31/2027,,3829.90,,,,,,,,26,,9,,148.90,,,,,,,,No,10+ Days,,11/16/2026,,,,,,,,,,,
N469JX,IHC Health Services,09/30/2026,3681.00,0,12 TBL 3,Airframe,3681.00,,0,9318.00,INSPECTION,,,,300 HOUR/12 MONTH TAIL ROTOR GEARBOX OIL CHANGE,DMC-407-A-12-00-00-00A-040A-A Table 3,,,,,,"Ref. BHT-407-MM, Chapter 12, General, Table 3. DMC-407-A-12-00-00-00A-040A-A, Table 3.",07/20/2026,3529.90,,,9095.00,,12,300.00,,,,0,36,30.00,,,,07/31/2027,,3829.90,,,,,,,,26,,9,,148.90,,,,,,,,No,10+ Days,,11/16/2026,,,,,,,,,,,
N469JX,IHC Health Services,09/30/2026,3681.00,0,53 04-300,Airframe,3681.00,,0,9318.00,INSPECTION,,AIRWORTHINESS,,"300 HOUR TAILBOOM ASSEMBLY AIRWORTHINESS LIMITATIONS INSPECTION
.",DMC-407-A-04-00-00-00A-288A-A TABLE 2,,,,,,"REF. BHT-407-MPI, CH. 4 AIRWORTHINESS LIMITATIONS TABLE 2 FIG 5 DMC-407-A-04-00-00-00A-288A-A",07/20/2026,3529.90,,,9095.00,0,0,300.00,0,0.00,0.00,0,0,,0,0.00,0.00,,,3829.90,,,,,,,,,,,,148.90,,,,,,,,No,10+ Days,,11/16/2026,,,,,,,,,,,
N469JX,IHC Health Services,09/30/2026,3681.00,0,72 72/300,Engine 1,13771.80,23334.00,,,INSPECTION,,INSPECT,847076,300 HOUR/12 MONTH ENGINE INSPECTION,RR M250-C47B OMM 72-00-00-200-801 TABLE 6,,,,,,"**USE TABLE 6 ONLY DUE TO SERVICE WITH MOBIL 254 OIL (3RD GENERATION OIL)** In addition to the 150 hour inspection items, perform the following: **SEE SUB ITEMS**",07/20/2026,13620.70,,23118.00,,,12,300.00,,,,,,,,,,07/31/2027,,13920.70,,,,,,,,26,,9,,148.90,,,,,,,,No,10+ Days,,11/16/2026,,,,,,,,,,,
N469JX,IHC Health Services,09/30/2026,3681.00,0,407-23-133,Airframe,3681.00,,0,9318.00,ASB,,,,HORIZONTAL STABILIZER AND CARGO HOOK FITTINGS - SELF LOCKING INSERTS INSPECTION,ASB 407-23-133,,,,,,,07/20/2026,3529.90,,,9095.00,0,12,300.00,0,0.00,0.00,0,0,,0,0.00,0.00,07/20/2027,,3829.90,,,,,,,,15,,9,,148.90,,,,,,,,No,10+ Days,,11/16/2026,,,,,,,,,,,
N469JX,IHC Health Services,09/30/2026,3681.00,0,AD 2018-10-06 AMD 39-19281,Airframe,3681.00,,0,9318.00,AD,,,,AD 2018-10-06 300 HOUR TAIL ROTOR DRIVE SHAFT,"AD 2018-10-06, Amend. 39-19281 Para. (e)(1)(3)",,,,,0.30,Completed AD 2018-10-06 by inspecting each TR driveshaft segment assembly for rotational and axial play between the adapter and the TR driveshaft.,07/20/2026,3529.90,,,9095.00,,,300.00,,,,,,30.00,,,,,,3829.90,,,,,,,,,,,,148.90,,,,,,,,No,10+ Days,,11/16/2026,,,,,,,,,,,
N407JM,IHC Health Services,10/04/2026,5829.10,0,25 AA TB RADAR ALT MNT KIT,Airframe,5829.10,,0,16558.00,INSPECTION,,ICA,,100 HOUR TAILBOOM RADAR ALTIMETER MOUNT KIT INSPECTION,Aeronautical Accessories ICA AA-TBA-16-008,,,,,0.50,,09/09/2026,5803.90,,,16488.00,,,100.00,,,,,,,,,,,,5903.90,,,,,,,,,,,,74.80,,,,,,,,No,10+ Days,,11/16/2026,,,,,,,,,,,
N407JM,IHC Health Services,10/04/2026,5829.10,0,25 AFS IBF 100HR,Airframe,5829.10,,0,16558.00,INSPECTION,,ICA,,100 HOUR DONALDSON IBF VISUAL INSPECTION,AFS-BH407-IBF-KIT-ICA,,,,,,,09/09/2026,5803.90,,,16488.00,,,100.00,,,,,,,,,,,,5903.90,,,,,,,,,,,,74.80,,,,,,,,No,10+ Days,,11/16/2026,,,,,,,,,,,
N407JM,IHC Health Services,10/04/2026,5829.10,0,25 AFS IVF 100HR,Airframe,5829.10,,0,16558.00,INSPECTION,,ICA,,100 HOUR DONALDSON IVF INSPECTION,AFS-BH407-IBF-KIT-ICA,,,,,,COMPLIED WITH THE  100 HOUR IVF A VISUAL INSPECTION of THE Structure. IAW  Donaldson Filtration Solutions ICA AFS-BH407-IBF-KIT-ICA,09/09/2026,5803.90,,,16488.00,,,100.00,,,,,,,,,,,,5903.90,,,,,,,,,,,,74.80,,,,,,,,No,10+ Days,,11/16/2026,,,,,,,,,,,
N407JM,IHC Health Services,10/04/2026,5829.10,0,25 HELIFAB 16 100HR,Airframe,5829.10,,0,16558.00,INSPECTION,,ICA,,100 HOUR HELIFAB ARTICULATING MEDICAL LITTER INSPECTION,HELIFAB HF-CA-7-16,,,,,,,09/09/2026,5803.90,,,16488.00,0,0,100.00,0,0.00,0.00,0,0,,0,0.00,0.00,,,5903.90,,,,,,,,,,,,74.80,,,,,,,,No,10+ Days,,11/16/2026,,,,,,,,,,,
N407JM,IHC Health Services,10/04/2026,5829.10,0,25 HELIFAB BTL MNT 100HR,Airframe,5829.10,,0,16558.00,INSPECTION,,ICA,,100 HOUR HELIFAB PORTABLE OXYGEN BOTTLE MOUNT INSPECTION,HF-206-ICA-OXYGEN BOTTLE MOUNT-1,,,,,,,09/09/2026,5803.90,,,16488.00,0,0,100.00,0,0.00,0.00,0,0,,0,0.00,0.00,,,5903.90,,,,,,,,,,,,74.80,,,,,,,,No,10+ Days,,11/16/2026,,,,,,,,,,,
N407JM,IHC Health Services,10/04/2026,5829.10,0,25 HSI MED EQUIP &MNT,Airframe,5829.10,,0,16558.00,INSPECTION,,ICA,,100 HOUR MED EQUIP SHELF & MOUNT INSPECTION,HSI Document 13105-0501-00,,,,,0.20,Ref. HSI Document 13105-0501-00.,09/09/2026,5803.90,,,16488.00,,,100.00,,,,,,,,,,,,5903.90,,,,,,,,,,,,74.80,,,,,,,,No,10+ Days,,11/16/2026,,,,,,,,,,,
N407JM,IHC Health Services,10/04/2026,5829.10,0,25 HSI MED WALL 100HR,Airframe,5829.10,,0,16558.00,INSPECTION,,ICA,,100 HOUR HSI MED WALL INSPECTION.,HSI Document 13103-0501-00,,,,,0.50,Ref. HSI Document 13103-0501-00,09/09/2026,5803.90,,,16488.00,,,100.00,,,,,,,,,,,,5903.90,,,,,,,,,,,,74.80,,,,,,,,No,10+ Days,,11/16/2026,,,,,,,,,,,
N407JM,IHC Health Services,10/04/2026,5829.10,0,25 MED OXY SYS,Airframe,5829.10,,0,16558.00,INSPECTION,,ICA,,100 HOUR MEDICAL OXYGEN SYSTEM INSPECTION,HSI Document 13102-0501-00,,,,,0.50,. Ref. HSI Document 13102-0501-00. Rev A,09/09/2026,5803.90,,,16488.00,,,100.00,,,,,,,,,,,,5903.90,,,,,,,,,,,,74.80,,,,,,,,No,10+ Days,,11/16/2026,,,,,,,,,,,
N407JM,IHC Health Services,10/04/2026,5829.10,0,25 VACUUM PUMP,Airframe,5829.10,,0,16558.00,INSPECTION,,ICA,,100 HOUR MED VACUUM PUMP INSPECTION. Ref. HSI Document 107CDC20/24-0501-00.,HSI Document 107CDC20/24-0501-00,,,,,0.75,Ref. HSI Document 107CDC20/24-0501-00,09/09/2026,5803.90,,,16488.00,,,100.00,,,,,,,,,,,,5903.90,,,,,,,,,,,,74.80,,,,,,,,No,10+ Days,,11/16/2026,,,,,,,,,,,
N407JM,IHC Health Services,10/04/2026,5829.10,0,62 04-10,Airframe,5829.10,,0,16558.00,INSPECTION,,AIRWORTHINESS,MR Hub A-55,100 HOUR MAIN ROTOR YOKE ASSEMBLY AIRWORTHINESS LIMITATIONS  INSPECTION,"BHT-407-MPI, Ch. 4 Airworthiness Limitations",,,,,0.50,"COMPLIED WITH THE 100 HOUR MAIN ROTOR YOKE ASSEMBLY AIRWORTHINESS LIMITATIONS  INSPECTION IAW REF. BHT-407-MPI, CH. 4 AIRWORTHINESS LIMITATIONS SCHEDULE TABLE 2 DMC-407-A-04-00-00-00A-288A-A, NO DEFECTS NOTED AT THIS TIME.",09/09/2026,5803.90,,,16488.00,,,100.00,,,,,,,,,,,,5903.90,,,,,,,,,,,,74.80,,,,,,,,No,10+ Days,,11/16/2026,,,,,,,,,,,
N407PW,IHC Health Services,10/04/2026,1441.00,0,25 HELIFAB 1 12M,Airframe,1441.00,,0,1740.00,INSPECTION,,ICA,,12 MONTH HELIFAB PASSENGER FRAMELESS SEAT CUSHIONS INSPECTION,Ref. Helifab HF-CA-7-1 REV. C,,,,,,,11/17/2025,1016.60,,,1211.00,0,12,,0,0.00,0.00,0,0,,0,0.00,0.00,11/17/2026,,,,,,,,,,12,,1,,,,,,,,,,No,10+ Days,,11/17/2026,,,,,,,,,,,
N407PW,IHC Health Services,10/04/2026,1441.00,0,25 HELIFAB 1014 12M,Airframe,1441.00,,0,1740.00,INSPECTION,,ICA,,12 MONTH HELIFAB FRONT FRAMELESS SEATS INSPECTION,HELIFAB ICA-RH407-1014 REV. 5,,,,,,This STC was purchased by Helifab from Ramm Aerospace.,11/17/2025,1016.60,,,1211.00,0,12,,0,0.00,0.00,0,0,,0,0.00,0.00,11/17/2026,,,,,,,,,,12,,1,,,,,,,,,,No,10+ Days,,11/17/2026,,,,,,,,,,,
N407PW,IHC Health Services,10/04/2026,1441.00,0,25 HELIFAB 206 1200HR/12M,Airframe,1441.00,,0,1740.00,INSPECTION,,ICA,,1200 HOUR/ 12 MONTH HELIFAB STORAGE BIN INSPECTION,HF-206-ICA-2500-00002 REV. B,,,,,,,11/17/2025,1016.60,,,1211.00,0,12,1200.00,0,0.00,0.00,0,0,,0,0.00,0.00,11/17/2026,,2216.60,,,,,,,,12,,1,,775.60,,,,,,,,No,10+ Days,,11/17/2026,,,,,,,,,,,
N407PW,IHC Health Services,10/04/2026,1441.00,0,25 HELIFAB 3 12M,Airframe,1441.00,,0,1740.00,INSPECTION,,ICA,,12  MONTH HELIFAB FLOOR PROTECTORS  INSPECTION,HELIFAB HF-CA-7-3,,,,,,,11/17/2025,1016.60,,,1211.00,0,12,,0,0.00,0.00,0,0,,0,0.00,0.00,11/17/2026,,,,,,,,,,12,,1,,,,,,,,,,No,10+ Days,,11/17/2026,,,,,,,,,,,
N407PW,IHC Health Services,10/04/2026,1441.00,0,25 HELIFAB BTL MNT 12M/1200HR,Airframe,1441.00,,0,1740.00,INSPECTION,,ICA,,12 MONTH/ 1200 HOUR HELIFAB PORTABLE OXYGEN BOTTLE MOUNT INSPECTION,REF. HF-206-ICA-OXYGEN BOTTLE MOUNT-1,,,,,,,11/17/2025,1016.60,,,1211.00,0,12,1200.00,0,0.00,0.00,0,0,,0,0.00,0.00,11/17/2026,,2216.60,,,,,,,,12,,1,,775.60,,,,,,,,No,10+ Days,,11/17/2026,,,,,,,,,,,
N407PW,IHC Health Services,10/04/2026,1441.00,0,25 TANIS 1,Airframe,1441.00,,0,1740.00,INSPECTION,,ICA,,12 MONTH TANIS PRE-HEAT KIT INSPECTION,TANIS TCA1000 REV.D,,,,,,,11/17/2025,1016.60,,,1211.00,,12,,,,,,,,,,,11/17/2026,,,,,,,,,,12,,1,,,,,,,,,,No,10+ Days,,11/17/2026,,,,,,,,,,,
N407PW,IHC Health Services,10/04/2026,1441.00,0,25 WYSONG LIGHT BAR 12M,Airframe,1441.00,,0,1740.00,INSPECTION,,ICA,,12 MONTH WYSONG LIGHT BAR KIT INSPECTION,WYSONG WE15005,,,,,,,11/17/2025,1016.60,,,1211.00,0,12,,0,0.00,0.00,0,0,,0,0.00,0.00,11/17/2026,,,,,,,,,,12,,1,,,,,,,,,,No,10+ Days,,11/17/2026,,,,,,,,,,,
N407PW,IHC Health Services,10/04/2026,1441.00,0,25 WYSONG T/R LIGHT 12M,Airframe,1441.00,,0,1740.00,INSPECTION,,ICA,,12 MONTH WYSONG TAIL ROTOR LIGHT KIT INSPECTION,WYSONG WE15010,,,,,,,11/17/2025,1016.60,,,1211.00,0,12,,0,0.00,0.00,0,0,,0,0.00,0.00,11/17/2026,,,,,,,,,,12,,1,,,,,,,,,,No,10+ Days,,11/17/2026,,,,,,,,,,,
N407FM,IHC Health Services,10/04/2026,2702.50,0,05 300HR- PERIODIC INSPECTION,Airframe,2702.50,,0,6837.00,INSPECTION,,INSPECT,,300 HOUR /12 MONTH PERIODIC AIRFRAME INSPECTION,DMC-407-A-05-40-00-06A-281A-A,,,,,,"1. Do this inspection every 12 calendar months or every 300 hours of operation. 2. Do all six events of the airframe progressive inspection. Ref. DMC-407-A-05-40-00-06A-281A-A, Complete all 6 Progressive Inspection Events: DMC-407-A-05-40-00-00A-281A-A, DMC-407-A-05-40-00-01A-281A-A,DMC-407-A-05-40-00-02A-281A-A, DMC-407-A-05-40-00-03A-281A-A, DMC-407-A-05-40-00-04A-281A-A, DMC-407-A-05-40-00-05A-281A-A.",04/02/2026,2488.60,,,6309.00,,12,300.00,,,,,36,30.00,,,,04/30/2027,,2788.60,,,,,,,,25,,6,,86.10,,,,,,,,No,10+ Days,,11/17/2026,,,,,,,,,,,
N407FM,IHC Health Services,10/04/2026,2702.50,0,05 40-00-08A,Airframe,2702.50,,0,6837.00,INSPECTION,,INSPECT,,300 HOUR OPTIONAL EQUIPMENT INSPECTION,DMC-407-A-05-40-00-08A-281A-A,,,,,,"Ref. DMC-407-A-05-40-00-08A-281A-A, Complete Inspection On All Currently Installed/Available Items.",04/02/2026,2488.60,,,6309.00,,,300.00,,,,,,30.00,,,,,,2788.60,,,,,,,,,,,,86.10,,,,,,,,No,10+ Days,,11/17/2026,,,,,,,,,,,
N407FM,IHC Health Services,10/04/2026,2702.50,0,12 HYD TBL 2,Airframe,2702.50,,0,6837.00,INSPECTION,,RII,,(RII) 300 HOUR/12 MONTH HYDRAULIC PUMP DRIVE SPLINE LUBRICATION,DMC-407-A-12-00-00-00A-040A-A Table 2,,,,,,REF. BHT-407-MM CH. 12 SERVICING TABLE 2 DMC-407-A-12-00-00-00A-040A-A,03/31/2026,2488.60,,,6309.00,,12,300.00,,,,0,36,30.00,,,,03/31/2027,,2788.60,,,,,,,,26,,5,,86.10,,,,,,,,No,10+ Days,,11/17/2026,,,,,,,,,,RII,
N407FM,IHC Health Services,10/04/2026,2702.50,0,12 HYD TBL 3,Airframe,2702.50,,0,6837.00,INSPECTION,,RII,,(RII) 300 HOUR/12 MONTH HYDRAULIC FILTER CLEANING AND INSPECTION,DMC-407-A-12-00-00-00A-040A-A Table 3,,,,,,"Ref. BHT-407-MM, Chapter 12, General, DMC-407-A-12-00-00-00A-040A-A Table 3.",03/31/2026,2488.60,,,6309.00,,12,300.00,,,,0,36,30.00,,,,03/31/2027,,2788.60,,,,,,,,26,,5,,86.10,,,,,,,,No,10+ Days,,11/17/2026,,,,,,,,,,RII,
N407FM,IHC Health Services,10/04/2026,2702.50,0,12 HYD TBL 3,Airframe,2702.50,,0,6837.00,INSPECTION,,,,300 HOUR/12 MONTH HYDRAULIC FLUID CHANGE,DMC-407-A-12-00-00-00A-040A-A Table 3,,,,,,"Ref.  BHT-407-MM, Chapter 12, General, DMC-407-A-12-00-00-00A-040A-A Table 3.",03/31/2026,2488.60,,,6309.00,,12,300.00,,,,0,36,30.00,,,,03/31/2027,,2788.60,,,,,,,,26,,5,,86.10,,,,,,,,No,10+ Days,,11/17/2026,,,,,,,,,,,
N407FM,IHC Health Services,10/04/2026,2702.50,0,12 TBL 2,Airframe,2702.50,,0,6837.00,INSPECTION,,,,300 HOUR TAIL ROTOR DRIVE SHAFT & OIL COOLER BEARING LUBRICATION,DMC-407-A-12-00-00-00A-040A-A Table 2,,,,,,REF. BHT-407-MM CH. 12 SERVICING TABLE 2 DMC-407-A-12-00-00-00A-040A-A,04/04/2026,2488.60,,,6309.00,,,300.00,,,,,,30.00,,,,,,2788.60,,,,,,,,,,,,86.10,,,,,,,,No,10+ Days,,11/17/2026,,,,,,,,,,,
N407FM,IHC Health Services,10/04/2026,2702.50,0,12 TBL 3,Airframe,2702.50,,0,6837.00,INSPECTION,,,,300 HOUR/12 MONTH MAIN ROTOR TRANSMISSION OIL & FILTER CHANGE,DMC-407-A-12-00-00-00A-040A-A Table 3,,,,,,"REF. BHT-407-MM, Chapter 12, General, Table 3, DMC-407-A-A-12-00-00-00A-040A-A.",04/01/2026,2488.60,,,6309.00,,12,300.00,,,,0,36,30.00,,,,04/01/2027,,2788.60,,,,,,,,27,,5,,86.10,,,,,,,,No,10+ Days,,11/17/2026,,,,,,,,,,,
N407FM,IHC Health Services,10/04/2026,2702.50,0,12 TBL 3,Airframe,2702.50,,0,6837.00,INSPECTION,,,,300 HOUR/12 MONTH TAIL ROTOR GEARBOX OIL CHANGE,DMC-407-A-12-00-00-00A-040A-A Table 3,,,,,,"Ref. BHT-407-MM, Chapter 12, General, Table 3 DMC-407-A-12-00-00-00A-040A-A Table 3.",04/02/2026,2488.60,,,6309.00,,12,300.00,,,,0,36,30.00,,,,04/02/2027,,2788.60,,,,,,,,28,,5,,86.10,,,,,,,,No,10+ Days,,11/17/2026,,,,,,,,,,,
N407FM,IHC Health Services,10/04/2026,2702.50,0,53 04-300,Airframe,2702.50,,0,6837.00,INSPECTION,,AIRWORTHINESS,,300 HOUR TAILBOOM ASSEMBLY AIRWORTHINESS LIMITATIONS INSPECTION,DMC-407-A-04-00-00-00A-288A-A TABLE 2,,,,,,"Ref. BHT-407-MPI, CH. 4 AIRWORTHINESS LIMITATIONS, DMC-407-A-04-00-00-00A-288A-A, Table 2 and Figure 5.",04/02/2026,2488.60,,,6309.00,0,0,300.00,0,0.00,0.00,0,0,,0,0.00,0.00,,,2788.60,,,,,,,,,,,,86.10,,,,,,,,No,10+ Days,,11/17/2026,,,,,,,,,,,
N407FM,IHC Health Services,10/04/2026,2702.50,0,407-23-133,Airframe,2702.50,,0,6837.00,ASB,,,,HORIZONTAL STABILIZER AND CARGO HOOK FITTINGS - SELF LOCKING INSERTS INSPECTION,ASB 407-23-133,,,,,,"300HR/12M RECURRING INSPECTION FOR AIRCRAFT AFFECTED.

ACCOMPLISHED 300HR/ 12 MO HORIZONTAL STABILIZER AND CARGO HOOK FITTINGS - SELF LOCKING INSERTS INSPECTION IAW ASB 407-23-133. NO DEFECTS FOUND.",04/02/2026,2488.60,,,6309.00,0,12,300.00,0,0.00,0.00,0,0,,0,0.00,0.00,04/30/2027,,2788.60,,,,,,,,25,,6,,86.10,,,,,,,,No,10+ Days,,11/17/2026,,,,,,,,,,,
N407FM,IHC Health Services,10/04/2026,2702.50,0,AD 2018-10-06 AMD 39-19281,Airframe,2702.50,,0,6837.00,AD,,,,AD 2018-10-06 300 HOUR TAIL ROTOR DRIVE SHAFT,"AD 2018-10-06, Amend. 39-19281 Para. (e)(1)(3)",,,,,,Completed AD 2018-10-06 by inspecting each TR driveshaft segment assembly for rotational and axial play between the adapter and the TR driveshaft.,04/02/2026,2488.60,,,6309.00,,,300.00,,,,,,30.00,,,,,,2788.60,,,,,,,,,,,,86.10,,,,,,,,No,10+ Days,,11/17/2026,,,,,,,,,,,
N407BY,IHC Health Services,10/04/2026,1229.40,0,AD 2026-14-07 AMD 39-23408,Airframe,1229.40,,0,2649.00,AD,,,,[RECURRING] THIS AD WAS PROMPTED BY A REPORT OF A FRACTURED PILOT CYCLIC STICK TUBE AND SUBSEQUENT FINDINGS OF OTHER PILOT CYCLIC STICK TUBES WITH FATIGUE CRACKING. THE FAA IS ISSUING THIS AD TO DETECT AND CORRECT A CRACK IN THE PILOT CYCLIC STICK ...,,,,,,,"INITIAL DUE DATE AND TME WILL BE DUE IN 100 HOURS OR NOVEMBER 19,2026 (90 DAYS AFTER AUGUST 21, 2026) - THEN AT ACTT 3600 HRS  AND RECURRING EVERY 300 HOURS OR 6 MONTHS THEREAFTER",,,,,,,,,,,,,,,,,,11/19/2026,,1273.10,,,,,,,,14,,1,,43.70,,,,,,,,No,10+ Days,,11/17/2026,,,,,,,,,,,
N407LF,IHC Health Services,10/05/2026,5349.30,17156,25 337 TECHNISONIC AVIONICS,Airframe,5349.30,,17156,13084.00,INSPECTION,,ICA,,100 HOUR/ 12 MONTH TECHNISONIC AVIONICS INSPECTION,FAA FORM 337 DATED 12/16/2014,,,,,0.20,FAA FORM 337 IN ATTACHMENTS DATED 12/16/2014,08/12/2026,5293.70,,,12970.00,,12,100.00,,,,,,,,,,08/31/2027,,5393.70,,,,,,,,26,,10,,44.40,,,,,,,,No,10+ Days,,11/18/2026,,,,,,,,,,,
N407LF,IHC Health Services,10/05/2026,5349.30,17156,25 AA TB RADAR ALT MNT KIT,Airframe,5349.30,,17156,13084.00,INSPECTION,,ICA,,100 HOUR TAILBOOM RADAR ALTIMETER MOUNT KIT INSPECTION,Aeronautical Accessories ICA AA-TBA-16-008 REV. B,,,,,0.50,REF. AA-TBA-16-008,08/12/2026,5293.70,,,12970.00,,,100.00,,,,,,,,,,,,5393.70,,,,,,,,,,,,44.40,,,,,,,,No,10+ Days,,11/18/2026,,,,,,,,,,,
N407LF,IHC Health Services,10/05/2026,5349.30,17156,25 AFS IVF 100HR,Airframe,5349.30,,17156,13084.00,INSPECTION,,ICA,,100 HOUR DONALDSON IVF INSPECTION,AFS-BH407-IBF-KIT-ICA,,,,,0.25,"Ref. Donaldson Filtration Solutions ICA AFS-BH407-IBF-KIT-ICA, Table 1.",08/12/2026,5293.70,,,12970.00,,,100.00,,,,,,,,,,,,5393.70,,,,,,,,,,,,44.40,,,,,,,,No,10+ Days,,11/18/2026,,,,,,,,,,,
N407LF,IHC Health Services,10/05/2026,5349.30,17156,25 HELIFAB BARRIER 100 HR,Airframe,5349.30,,17156,13084.00,INSPECTION,,ICA,,100 HOUR HELIFAB PLASTIC BARRIER BETWEEN PILOT AND PATIENT AND OPTIONAL EQUIPMENT MOUNTING PROVISIONS INSPECTION,Helifab HF-CA-7-16,,,,,0.25,HF-CA-7-16 The barrier and optional equipment mount parts of inspection only,08/12/2026,5293.70,,,12970.00,0,0,100.00,0,0.00,0.00,0,0,,0,0.00,0.00,,,5393.70,,,,,,,,,,,,44.40,,,,,,,,No,10+ Days,,11/18/2026,,,,,,,,,,,
N407LF,IHC Health Services,10/05/2026,5349.30,17156,25 LIFEPORT CARRIAGE 100HR,Airframe,5349.30,,17156,13084.00,INSPECTION,,ICA,,100 HOUR LIFEPORT AIR MED CARRIAGE SYSTEM INSPECTION,LIFEPORT DOC. ERG-511-12,,,,,1.00,,08/12/2026,5293.70,,,12970.00,0,0,100.00,0,0.00,0.00,0,0,,0,0.00,0.00,,,5393.70,,,,,,,,,,,,44.40,,,,,,,,No,10+ Days,,11/18/2026,,,,,,,,,,,
N407LF,IHC Health Services,10/05/2026,5349.30,17156,25 LIFEPORT MEDPAK 100HR/12M,Airframe,5349.30,,17156,13084.00,INSPECTION,,ICA,,100 HOUR/12 MONTH LIFEPORT MEDPAK SYSTEM INSPECTION,LIFEPORT DOC. EGR-508-13,,,,,0.50,,08/12/2026,5293.70,,,12970.00,,12,100.00,,,,,,,,,,08/31/2027,,5393.70,,,,,,,,26,,10,,44.40,,,,,,,,No,10+ Days,,11/18/2026,,,,,,,,,,,
N407LF,IHC Health Services,10/05/2026,5349.30,17156,62 04-10,Airframe,5349.30,,17156,13084.00,INSPECTION,,AIRWORTHINESS,MR HUB,100 HOUR MAIN ROTOR YOKE ASSEMBLY AIRWORTHINESS LIMITATIONS  INSPECTION,"BHT-407-MPI, Ch. 4 Airworthiness Limitations",,,,,1.00,"REF. BHT-407-MPI, CH. 4 AIRWORTHINESS LIMITATIONS SCHEDULE TABLE 2 DMC-407-A-04-00-00-00A-288A-A",08/12/2026,5293.70,,,12970.00,,,100.00,,,,,,,,,,,,5393.70,,,,,,,,,,,,44.40,,,,,,,,No,10+ Days,,11/18/2026,,,,,,,,,,,
N407RU,IHC Health Services,09/23/2026,2043.40,0,25 REBTECH  200HR/12M,Airframe,2043.40,,0,3639.00,INSPECTION,,ICA,,200 HOUR/12 MONTH REBTECH NIGHT VISION INSPECTION,Rebtech ICA Document 98020407-ICA REV. H,,,,,,,06/30/2026,1910.30,,,3428.00,,12,200.00,,,,,,,,,,06/30/2027,,2110.30,,,,,,,,25,,8,,66.90,,,,,,,,No,10+ Days,,11/18/2026,,,,,,,,,,,
N469JX,IHC Health Services,09/30/2026,3681.00,0,05 40-00-08A,Airframe,3681.00,,0,9318.00,INSPECTION,,INSPECT,,300 HOUR OPTIONAL EQUIPMENT INSPECTION,DMC-407-A-05-40-00-08A-281A-A,,,,,0.50,"REF. BHT-407-MPI, CH. 5 DMC-407-A-05-40-00-08A-281A-AComplete Inspection On All Currently Installed/Available Items.",07/24/2026,3537.60,,,9103.00,,,300.00,,,,,,30.00,,,,,,3837.60,,,,,,,,,,,,156.60,,,,,,,,No,10+ Days,,11/18/2026,,,,,,,,,,,
N469JX,IHC Health Services,09/30/2026,3681.00,0,25 AA VERT FIN CAP W/LED,Airframe,3681.00,,0,9318.00,INSPECTION,,ICA,,300 HOUR/12 MONTH AERONAUTICAL ACCESSORIES VERTICAL FIN CAP WITH LED LIGHT INSPECTION,Aeronautical Accessories ICA AA-06111,,,,,,REF: Aeronautical Accessories ICA AA-06111,07/24/2026,3537.60,,,9103.00,0,12,300.00,0,0.00,0.00,0,0,,0,0.00,0.00,07/24/2027,,3837.60,,,,,,,,19,,9,,156.60,,,,,,,,No,10+ Days,,11/18/2026,,,,,,,,,,,
N407PW,IHC Health Services,10/04/2026,1441.00,0,25 HELIFAB 16 12M/1200HR,Airframe,1441.00,,0,1740.00,INSPECTION,,ICA,,12MONTH/1200 HOUR HELIFAB ARTICULATING MEDICAL LITTER INSPECTION,Helifab HF-CA-7-16,,,,,,,11/19/2025,1016.60,,,1211.00,0,12,1200.00,0,0.00,0.00,0,0,,0,0.00,0.00,11/19/2026,,2216.60,,,,,,,,14,,1,,775.60,,,,,,,,No,10+ Days,,11/19/2026,,,,,,,,,,,
N407CZ,IHC Health Services,10/04/2026,2432.60,0,AD 2026-14-07 AMD 39-23408,Airframe,2432.60,,0,5400.00,AD,,,,[RECURRING] THIS AD WAS PROMPTED BY A REPORT OF A FRACTURED PILOT CYCLIC STICK TUBE AND SUBSEQUENT FINDINGS OF OTHER PILOT CYCLIC STICK TUBES WITH FATIGUE CRACKING. THE FAA IS ISSUING THIS AD TO DETECT AND CORRECT A CRACK IN THE PILOT CYCLIC STICK ...,,,,,,,"INITIAL DUE DATE AND TME WILL BE DUE IN 100 HOURS OR NOVEMBER 19,2026 (90 DAYS AFTER AUGUST 21, 2026) - THEN AT ACTT 3600 HRS  AND RECURRING EVERY 300 HOURS OR 6 MONTHS THEREAFTER",,,,,,,,,,,,,,,,,,11/19/2026,,2490.70,,,,,,,,14,,1,,58.10,,,,,,,,No,10+ Days,,11/19/2026,,,,,,,,,,,
N407ZM,IHC Health Services,10/04/2026,5575.00,1722,ASB 407-26-146,Airframe,5575.00,,1722,13725.00,ASB,,,,"ALERT SERVICE BULLETIN - GARMIN G1000H NXI SOFTWARE 006-B1237-24, INTRODUCTION OF",,,,,,,,05/08/2026,5371.70,,,13272.00,,12,330.00,,,,,,,,,,05/31/2027,,5701.70,,,,,,,,26,,7,,126.70,,,,,,,,No,10+ Days,,11/19/2026,,,,,,,,,,,
N469JX,IHC Health Services,09/30/2026,3681.00,0,72 INSP 600HR/12MO,Engine 1,13771.80,23334.00,,,INSPECTION,,RII,847076,(RII) 600 HOUR/ 12 MONTH ENGINE OIL & SCAVENGE OIL FILTER CHANGE,"RR-C47B-O&M, 72-00-00 TBL 6 & 73-10-02",,,,,3.00,"Filter is replaced when oil is changed as a HSU recommended item. Ref. Rolls-Royce M250-C47B-O&M, Chapter 72-00-00 Table 6 and Chapter 73-10-02.",11/26/2025,13330.90,,22703.00,,,12,600.00,,,,,,,,,,11/30/2026,,13930.90,,,,,,,,25,,1,,159.10,,,,,,,,No,10+ Days,,11/19/2026,,,,,,,,,,RII,
N407JM,IHC Health Services,10/04/2026,5829.10,0,25 GARMIN GTN650 250HR/12M,Airframe,5829.10,,0,16558.00,INSPECTION,,ICA,,250 HOUR/12 MONTH GARMIN GTN 650 INSPECTION,GARMIN ICA -190-01007-K4 REV. 3.,,,,,0.50,,03/04/2026,5659.50,,,15876.00,,12,250.00,,,,,,,,,,03/31/2027,,5909.50,,,,,,,,26,,5,,80.40,,,,,,,,No,10+ Days,,11/20/2026,,,,,,,,,,,
N39KM,IHC Health Services,10/03/2026,3577.00,0,25 AEROTECH BEARPAWS,Airframe,3577.00,,0,8191.00,INSPECTION,,ICA,,300 HOUR/ 12 MONTH ALPINE AEROTECH BEAR PAW INSPECTION,AEROTECH AAL-390-015-701 REV. D,,,,,,,05/10/2026,3347.80,,,7635.00,,12,300.00,,,,,,,,,,05/10/2027,,3647.80,,,,,,,,5,,7,,70.80,,,,,,,,No,10+ Days,,11/21/2026,,,,,,,,,,,
N407LF,IHC Health Services,10/05/2026,5349.30,17156,63 21-00,Airframe,5349.30,,17156,13084.00,PART,Overhaul,RII,,(RII) TRANSMISSION ASSEMBLY - OVERHAUL,"BHT-407-MPI, Ch. 5,  Component Overhaul Schedule",407-040-006-127,BH172918,,,,Ref. DMC-407-A-05-10-00-02A-281A-A.,05/13/2019,1623.60,0,,,,,5000.00,,,,,,300.00,,,,,,5396.80,,,,,,,,,,,,47.50,,,,,,,,No,10+ Days,,11/21/2026,0,0,0,1226.80,1226.80,0.00,0,0,0,RII; Monthly Planning,
N407MZ,IHC Health Services,10/05/2026,2805.50,0,25 REBTECH  200HR/12M,Airframe,2805.50,,0,7326.00,INSPECTION,,ICA,REBTECH,200 HOUR/12 MONTH REBTECH NIGHT VISION INSPECTION,Rebtech ICA Document 98020407-ICA REV. H,,,,,,Complied With the 100 HOUR REBTECH NIGHT VISION IAW REF. 98020407-ICA,09/21/2026,2784.30,,,7267.00,0,12,200.00,0,0.00,0.00,0,0,,0,0.00,0.00,09/21/2027,,2984.30,,,,,,,,16,,11,,178.80,,,,,,,,No,10+ Days,,11/21/2026,,,,,,,,,,,
N407CN,IHC Health Services,10/02/2026,4963.50,0,25 DART AVIONICS CONSOLE,Airframe,4963.50,,0,11871.00,INSPECTION,,ICA,,300 HOUR DART AVIONICS HIGH SLOPE CONSOLE INSPECTION,DART ICA-D206-549 REV. 0,,,,,0.25,,09/05/2025,4723.30,,,11220.00,,,300.00,,,,,,,,,,,,5023.30,,,,,,,,,,,,59.80,,,,,,,,No,10+ Days,,11/22/2026,,,,,,,,,,,
N862YB,IHC Health Services,10/04/2026,2591.10,0,72 INSP 150HR/12M,Engine 1,2458.10,5199.00,,,INSPECTION,,INSPECT,,150 HOUR/12 MONTH ENGINE INSPECTION,RR-M250-C47E/4-O&M Ch. 72-00-00-200-801 Table 6.,,,,,,,09/18/2026,2451.80,,5174.00,,,12,150.00,,,,,,,,,,09/30/2027,,2601.80,,,,,,,,25,,11,,143.70,,,,,,,,No,10+ Days,,11/22/2026,,,,,,,,,,,
N7160V,IHC Health Services,10/04/2026,10771.90,0,72 72/150,Engine 1,3513.30,5819.00,,,INSPECTION,,INSPECT,CAE-848136,150 HOUR/ 12 MONTH ENGINE INSPECTION,RR-C47B-O&M 72-00-00-200-801 TABLE 6.,,,,,4.00,"**USE TABLE 6 ONLY DUE TO SERVICE WITH MOBIL 254 OIL (3RD GENERATION OIL)** CAUTION: BEFORE YOU UNDERTAKE A INSPECTION OR MAINTENANCE ACTION, CONSULT THE REFERENCED PARAGRAPHS OF THE OPERATION AND MAINTENANCE MANUAL. FAILURE TO DO SO COULD RESULT IN EQUIPMENT DAMAGE OR DESTRUCTION AND POSSIBLY RESULT IN PERSONNEL DEATH OR INJURY. NOTE: Compliance to the 150 hour and 300 hour items in this table must be performed at least every 12 calendar months or by hours, whichever occurs first. This inspection checklist can only be used if the operator uses an approved third generation (hts) oil.",07/25/2026,3435.20,,5712.00,,,12,150.00,,,,,,,,,,07/31/2027,,3585.20,,,,,,,,26,,9,,71.90,,,,,,,,No,10+ Days,,11/22/2026,,,,,,,,,,,
N469JX,IHC Health Services,09/30/2026,3681.00,0,62 00-02,Airframe,3681.00,,0,9318.00,PART,Life Limited,,MR HUB,MAIN ROTOR UPPER PLATE - RETIRE,BHT-MPI-CH 4 Table 1,406-010-115-127,AZ3089,,,,REF: BHT-MPI-CH 4 Table 1,11/19/2024,2533.30,,,7665.00,,,2500.00,,,,,,,,,,,,3851.20,,,,,,,,,,,,170.20,,,,,,,,No,10+ Days,,11/22/2026,,,,1182.10,1182.10,,,,,,
N469JX,IHC Health Services,09/30/2026,3681.00,0,62 00-03,Airframe,3681.00,,0,9318.00,PART,Life Limited,,MR HUB,MAIN ROTOR LOWER PLATE - RETIRE,BHT-MPI-CH 4 Table 1,406-010-117-125,AZ3439,,,,,11/19/2024,2533.30,,,7665.00,,,2500.00,,,,,,,,,,,,3851.20,,,,,,,,,,,,170.20,,,,,,,,No,10+ Days,,11/22/2026,,,,1182.10,,,,,,,
N862YB,IHC Health Services,10/04/2026,2591.10,0,21 2100-01,Airframe,2591.10,,0,6688.00,MEL,,,,AIR CONDITIONER Evaporator/blower inop- DEFFERED IAW MEL 2100-01 CAT D (M) May be inoperative provided system is deactivated and secured. Refer to OMP 2100-01 for (M) procedures.,,,,,,,,,,,,,,,,,,,,,,,,,11/23/2026,,,,,,,,,,18,,1,,,,,,,,,,No,10+ Days,No,11/23/2026,,,,,,,,,,,
N407MZ,IHC Health Services,10/05/2026,2805.50,0,AD 2026-14-07 AMD 39-23408,Airframe,2805.50,,0,7326.00,AD,,,,[RECURRING] THIS AD WAS PROMPTED BY A REPORT OF A FRACTURED PILOT CYCLIC STICK TUBE AND SUBSEQUENT FINDINGS OF OTHER PILOT CYCLIC STICK TUBES WITH FATIGUE CRACKING. THE FAA IS ISSUING THIS AD TO DETECT AND CORRECT A CRACK IN THE PILOT CYCLIC STICK ...,,,,,,,COMPLIED WITH AD 2026-14-07. WORK ACCOMPLISHED IAW AD 2026-14-07 PARA G AND BHT-407-MM-DMC-407-A-67-12-03-00A-281A-A. NO DISCREPANCIES FOUND.,08/20/2026,2689.10,,,7025.00,,6,300.00,,,,,,,,,,02/20/2027,,2989.10,,,,,,,,15,,4,,183.60,,,,,,,,No,10+ Days,,11/23/2026,,,,,,,,,,,
N7160V,IHC Health Services,10/04/2026,10771.90,0,05 OPT. EQUIP. INSPECTION,Airframe,10771.90,,0,27183.00,INSPECTION,,INSPECT,,300 HOUR OPTIONAL EQUIPMENT INSPECTION,DMC-407-A-05-40-00-08A-281A-A,,,,,0.50,"Ref. DMC-407-A-05-40-00-08A-281A-A, Complete Inspection On All Currently Installed/Available Items.",02/25/2026,10546.10,,,26499.00,,,300.00,,,,,,30.00,,,,,,10846.10,,,,,,,,,,,,74.20,,,,,,,,No,10+ Days,,11/23/2026,,,,,,,,,,,
N7160V,IHC Health Services,10/04/2026,10771.90,0,12 HYD TBL 3,Airframe,10771.90,,0,27183.00,INSPECTION,,RII,,(RII) 300 HOUR/12 MONTH HYDRAULIC FILTER CLEANING AND INSPECTION,DMC-407-A-12-00-00-00A-040A-A Table 3,,,,,2.00,"Ref. DMC-407-A-12-00-00-00A-040A-A, Table 3.",02/25/2026,10546.10,,,26499.00,,12,300.00,,,,0,36,30.00,,,,02/28/2027,,10846.10,,,,,,,,23,,4,,74.20,,,,,,,,No,10+ Days,,11/23/2026,,,,,,,,,,RII,
N7160V,IHC Health Services,10/04/2026,10771.90,0,12 HYD TBL 3,Airframe,10771.90,,0,27183.00,INSPECTION,,,,300 HOUR/12 MONTH HYDRAULIC FLUID CHANGE,DMC-407-A-12-00-00-00A-040A-A Table 3,,,,,0.50,"Ref. DMC-407-A-12-00-00-00A-040A-A, Table 3.",02/25/2026,10546.10,,,26499.00,,12,300.00,,,,0,36,30.00,,,,02/28/2027,,10846.10,,,,,,,,23,,4,,74.20,,,,,,,,No,10+ Days,,11/23/2026,,,,,,,,,,,
N7160V,IHC Health Services,10/04/2026,10771.90,0,12 TBL 1,Airframe,10771.90,,0,27183.00,INSPECTION,,RII,,(RII) 300 HOUR AIRFRAME FUEL FILTER INSPECTION AND CHANGE,DMC-407-A-12-00-00-00A-040A-A,,,,,1.00,**Additional Fuel System Operational Check Required per Ref. DMC-407-A-28-00-00-00A-320A-A after completion.**,02/25/2026,10546.10,,,26499.00,,,300.00,,,,,,30.00,,,,,,10846.10,,,,,,,,,,,,74.20,,,,,,,,No,10+ Days,,11/23/2026,,,,,,,,,,RII,
N7160V,IHC Health Services,10/04/2026,10771.90,0,12 TBL 2,Airframe,10771.90,,0,27183.00,INSPECTION,,,,300 HOUR TAIL ROTOR DRIVE SHAFT & OIL COOLER BEARING LUBRICATION,DMC-407-A-12-00-00-00A-040A-A Table 2,,,,,0.50,"Ref. DMC-407-A-12-00-00-00A-040A-A, Table 2.",02/25/2026,10546.10,,,26499.00,,,300.00,,,,,,30.00,,,,,,10846.10,,,,,,,,,,,,74.20,,,,,,,,No,10+ Days,,11/23/2026,,,,,,,,,,,
N7160V,IHC Health Services,10/04/2026,10771.90,0,53 04-300,Airframe,10771.90,,0,27183.00,INSPECTION,,AIRWORTHINESS,,300 HOUR TAILBOOM ASSEMBLY AIRWORTHINESS LIMITATIONS INSPECTION,DMC-407-A-04-00-00-00A-288A-A TABLE 2,,,,,0.80,"REF. BHT-407-MPI, CH. 4 AIRWORTHINESS LIMITATIONS DMC-407-A-04-00-00-00A-288A-A, Table 2 and Figure 5.",02/25/2026,10546.10,,,26499.00,0,0,300.00,0,0.00,0.00,0,0,,0,0.00,0.00,,,10846.10,,,,,,,,,,,,74.20,,,,,,,,No,10+ Days,,11/23/2026,,,,,,,,,,,
N7160V,IHC Health Services,10/04/2026,10771.90,0,72 72/300,Engine 1,3513.30,5819.00,,,INSPECTION,,INSPECT,CAE-848136,300 HOUR/12 MONTH ENGINE INSPECTION,RR M250-C47B OMM 72-00-00-200-801 TABLE 6,,,,,8.00,"**USE TABLE 6 ONLY DUE TO SERVICE WITH MOBIL 254 OIL (3RD GENERATION OIL)** In addition to the 150 hour inspection items, perform the following: **SEE SUB ITEMS**",02/25/2026,3287.50,,5511.00,,,12,300.00,,,,,,,,,,02/28/2027,,3587.50,,,,,,,,23,,4,,74.20,,,,,,,,No,10+ Days,,11/23/2026,,,,,,,,,,,
N7160V,IHC Health Services,10/04/2026,10771.90,0,AD 2012-18-09 AMD 39-17185,Airframe,10771.90,,0,27183.00,AD,,,,AD 2012-18-09 ROTORCRAFT TAILBOOM HARDWARE ATTACHMENT,"AD 2012-18-09, Amend. 39-17185",,,,,0.50,,02/25/2026,10546.10,,,26499.00,,,300.00,,,,,,,,,,,,10846.10,,,,,,,,,,,,74.20,,,,,,,,No,10+ Days,,11/23/2026,,,,,,,,,,,
N7160V,IHC Health Services,10/04/2026,10771.90,0,AD 2018-10-06 AMD 39-19281,Airframe,10771.90,,0,27183.00,AD,,,,AD 2018-10-06 300 HOUR TAIL ROTOR DRIVE SHAFT,"AD 2018-10-06, Amend. 39-19281 Para. (e)(1)(3)",,,,,0.50,Completed AD 2018-10-06 by inspecting each TR driveshaft segment assembly for rotational and axial play between the adapter and the TR driveshaft.,02/25/2026,10546.10,,,26499.00,,,300.00,,,,,,30.00,,,,,,10846.10,,,,,,,,,,,,74.20,,,,,,,,No,10+ Days,,11/23/2026,,,,,,,,,,,
N407LF,IHC Health Services,10/05/2026,5349.30,17156,63 13-10,Airframe,5349.30,,17156,13084.00,PART,Overhaul,RII,,(RII) FREEWHEEL ASSEMBLY - OVERHAUL,"BHT-407-MPI, Ch. 5,  Component Overhaul Schedule",406-040-500-147,A-4506,,,,"Ref. DMC-407-A-05-10-00-02A-281A-A.
Perform 3000 Hour Overhaul per BHT-407-CR&O, Ch. 65.",11/03/2023,4183.30,,,,,,3000.00,,,,,,300.00,,,,,,5399.00,,,,,,,,,,,,49.70,,,,,,,,No,10+ Days,,11/23/2026,,,,4050.70,1784.30,,,,,RII; Monthly Planning,
N407JM,IHC Health Services,10/04/2026,5829.10,0,63 22-02,Airframe,5829.10,,0,16558.00,INSPECTION,,INSPECT,CALIPE,(RII) ROTOR BRAKE CALIPER INSPECTION - 600 HOUR AIRFRAIME INSPECTION,"BHT-407-MPI, Chapter 5, Scheduled Inspections",407-340-302-103,766,,,11.00,"REF. BHT-407-MPI CH. 5  DMC-407-A-05-40-00-09A-281A-A, See Northwest Dynamics B0223-0M4 for Rotor Brake Inspection Requirements.",01/08/2025,5317.00,,,14797.00,,,600.00,,,,,,60.00,,,,,,5917.00,,,,,,,,,,,,87.90,,,,,,,,No,10+ Days,,11/24/2026,,,,,,,,,,RII,
N407JM,IHC Health Services,10/04/2026,5829.10,0,63 22-06,Airframe,5829.10,,0,16558.00,INSPECTION,,INSPECT,CALIPER,(RII) ROTOR BRAKE CALIPER INSPECTION - 600 HOUR AIRFRAME INSPECTION,"BHT-407-CR&O-V, Chapter 63",407-340-302-103,785,,,,"Ref. Northwest Dynamics B0223-OM4, section 1.",01/08/2025,5317.00,,,14797.00,0,0,600.00,0,0.00,0.00,0,0,,0,0.00,0.00,,,5917.00,,,,,,,,,,,,87.90,,,,,,,,No,10+ Days,,11/24/2026,,,,,,,,,,RII,
N407FM,IHC Health Services,10/04/2026,2702.50,0,25 REBTECH  200HR/12M,Airframe,2702.50,,0,6837.00,INSPECTION,,ICA,,200 HOUR/12 MONTH REBTECH NIGHT VISION INSPECTION,Rebtech ICA Document 98020407-ICA REV. H,,,,,,Complied with 100 HOUR/12 MONTH REBTECH NVG INSPECTION. Ref. Rebtech ICA Document 98020407-ICA.,07/05/2026,2604.40,,,6552.00,,12,200.00,,,,,,,,,,07/05/2027,,2804.40,,,,,,,,0,,9,,101.90,,,,,,,,No,10+ Days,,11/25/2026,,,,,,,,,,,
N407ZM,IHC Health Services,10/04/2026,5575.00,1722,63 13-10,Airframe,5575.00,,1722,13725.00,PART,Overhaul,RII,,(RII) FREEWHEEL ASSEMBLY - OVERHAUL,DMC-407-A-05-10-00-02A-281A-A  Table 1.,406-040-500-147,A-2946,,,,,05/10/2023,4188.30,,,,,,3000.00,,,,,,300.00,,,,,,5718.50,,,,,,,,,,,,143.50,,,,,,,,No,10+ Days,,11/25/2026,0,0,0,9790.60,1469.80,0.00,0,0,0,RII; Monthly Planning,
N39KM,IHC Health Services,10/03/2026,3577.00,0,25 HELIFAB 206 100HR,Airframe,3577.00,,0,8191.00,INSPECTION,,ICA,,100 HOUR HELIFAB STORAGE BIN INSPECTION,HF-206-ICA-2500-0002,,,,,,REF. HELIFAB ICA HF-206-ICA-2500-0002,09/17/2026,3554.10,,,8139.00,,,100.00,,,,,,,,,,,,3654.10,,,,,,,,,,,,77.10,,,,,,,,No,10+ Days,,11/25/2026,,,,,,,,,,,
N39KM,IHC Health Services,10/03/2026,3577.00,0,25 HELIFAB BTL MNT 100HR,Airframe,3577.00,,0,8191.00,INSPECTION,,ICA,,100 HOUR HELIFAB PORTABLE OXYGEN BOTTLE MOUNT INSPECTION,HF-206-ICA-OXYGEN BOTTLE MOUNT-1,,,,,,,09/17/2026,3554.10,,,8139.00,,,100.00,,,,,,,,,,,,3654.10,,,,,,,,,,,,77.10,,,,,,,,No,10+ Days,,11/25/2026,,,,,,,,,,,
N39KM,IHC Health Services,10/03/2026,3577.00,0,25 OPS 21.13.1,Airframe,3577.00,,0,8191.00,INSPECTION,,ICA,,100 HOUR EMS EQUIPMENT INSPECTION,REF. CLASSIC OPS MANUAL SECTION 21.13.1,,,,,,"INSPECTION LOCATION HAS BEEN UPDATED. SEE ATTACHMENTS. 
REF CLASSIC OPS MANUAL SECTION 21.13.1",09/17/2026,3554.10,,,8139.00,0,0,100.00,0,0.00,0.00,0,0,,0,0.00,0.00,,,3654.10,,,,,,,,,,,,77.10,,,,,,,,No,10+ Days,,11/25/2026,,,,,,,,,,,
N407TH,IHC Health Services,10/03/2026,8845.50,2,25 60.01,Airframe,8845.50,,2,20680.00,INSPECTION,,,,SWITLICK LIFE VEST 6 MONTH INSPECTION,GOM,,,,,,Refer to most recent GMM rev,05/26/2026,8627.70,,,20192.00,0,6,,0,0.00,0.00,0,0,,0,0.00,0.00,11/26/2026,,,,,,,,,,21,,1,,,,,,,,,,No,10+ Days,,11/26/2026,,,,,,,,,,Pilot Task; PILOT GOM,
N407SL,IHC Health Services,10/04/2026,2240.90,0,25 60.01,Airframe,2240.90,,0,5434.00,INSPECTION,,,,SWITLICK LIFE VEST 6 MONTH INSPECTION,GOM,,,,,,Refer to most recent GMM rev,05/26/2026,2098.70,,,5147.00,0,6,,0,0.00,0.00,0,0,,0,0.00,0.00,11/26/2026,,,,,,,,,,21,,1,,,,,,,,,,No,10+ Days,,11/26/2026,,,,,,,,,,Pilot Task; PILOT GOM,
N407NW,IHC Health Services,10/04/2026,2093.00,0,25 60.01,Airframe,2093.00,,0,3776.00,INSPECTION,,,,SWITLICK LIFE VEST 6 MONTH INSPECTION,GOM,,,,,,Refer to most recent GMM rev,05/26/2026,1881.10,,,3409.00,0,6,,0,0.00,0.00,0,0,,0,0.00,0.00,11/26/2026,,,,,,,,,,21,,1,,,,,,,,,,No,10+ Days,,11/26/2026,,,,,,,,,,Pilot Task; PILOT GOM,
N407CH,IHC Health Services,10/04/2026,17743.70,1,25 60.01,Airframe,17743.70,,1,43738.00,INSPECTION,,,,SWITLICK LIFE VEST 6 MONTH INSPECTION,GOM,,,,,,Refer to most recent GMM rev,05/26/2026,17450.60,,,43246.00,0,6,,0,0.00,0.00,0,0,,0,0.00,0.00,11/26/2026,,,,,,,,,,21,,1,,,,,,,,,,No,10+ Days,,11/26/2026,,,,,,,,,,Pilot Task; PILOT GOM,
N407PW,IHC Health Services,10/04/2026,1441.00,0,25 REBTECH 12M,Airframe,1441.00,,0,1740.00,INSPECTION,,ICA,,12 MONTH REBTECH NIGHT VISION INSPECTION,Rebtech ICA Document 98020407-ICA REV. H,,,,,,Rebtech ICA Document 98020407-ICA REV. H,11/26/2025,1025.20,,,1222.00,0,12,,0,0.00,0.00,0,0,,0,0.00,0.00,11/26/2026,,,,,,,,,,21,,1,,,,,,,,,,No,10+ Days,,11/26/2026,,,,,,,,,,,
N407MZ,IHC Health Services,10/05/2026,2805.50,0,63 13-10,Airframe,2805.50,,0,7326.00,PART,Overhaul,RII,,(RII) FREEWHEEL ASSEMBLY - OVERHAUL,DMC-407-A-05-10-00-02A-281A-A  Table 1.,406-040-500-147,VL00155634,,,,"Ref. DMC-407-A-05-10-00-02A-281A-A.
Perform 3000 Hour Overhaul per BHT-407-CR&O, Ch. 65.",05/27/2022,0.00,,,,,,3000.00,,,,,,,,,,,,3000.00,,,,,,,,,,,,194.50,,,,,,,,No,10+ Days,,11/26/2026,0,0,0,0.00,0.00,0.00,,,,RII,
N862YB,IHC Health Services,10/04/2026,2591.10,0,25 REBTECH  200HR/12M,Airframe,2591.10,,0,6688.00,INSPECTION,,ICA,,200 HOUR/12 MONTH REBTECH NIGHT VISION INSPECTION,Rebtech ICA Document 98020407-ICA REV. H,,,,,,ACCOMPLISHED THE 100 HOUR/12 MONTH REBTECH NVG IAW REF. ICA 98020407,08/29/2026,2547.20,,,6561.00,0,12,200.00,0,0.00,0.00,0,0,,0,0.00,0.00,08/29/2027,,2747.20,,,,,,,,24,,10,,156.10,,,,,,,,No,10+ Days,,11/26/2026,,,,,,,,,,,
N469JX,IHC Health Services,09/30/2026,3681.00,0,62 00-01,Airframe,3681.00,,0,9318.00,PART,Life Limited,,MR HUB,MAIN ROTOR GRIP ASSEMBLY - RETIRE,BHT-MPI-CH 4 Table 1,406-010-108-131,LP4690,,,,BHT-MPI-CH 4 Table 1,11/19/2024,2533.30,,,7665.00,,,5000.00,,,,,,,,,,,,3864.30,,,,,,,,,,,,183.30,,,,,,,,No,10+ Days,,11/26/2026,,,,3669.00,,,,,,,
N469JX,IHC Health Services,09/30/2026,3681.00,0,62 00-01,Airframe,3681.00,,0,9318.00,PART,Life Limited,,MR HUB,MAIN ROTOR GRIP ASSEMBLY - RETIRE,BHT-MPI-CH 4 Table 1,406-010-108-131,LP4698,,,,BHT-MPI-CH 4 Table 1,11/19/2024,2533.30,,,7665.00,,,5000.00,,,,,,,,,,,,3864.30,,,,,,,,,,,,183.30,,,,,,,,No,10+ Days,,11/26/2026,,,,3669.00,,,,,,,
N469JX,IHC Health Services,09/30/2026,3681.00,0,62 00-01,Airframe,3681.00,,0,9318.00,PART,Life Limited,,MR HUB,MAIN ROTOR GRIP ASSEMBLY - RETIRE,BHT-MPI-CH 4 Table 1,406-010-108-131,LP4525,,,,BHT-MPI-CH 4 Table 1,11/19/2024,2533.30,,,7665.00,,,5000.00,,,,,,,,,,,,3864.30,,,,,,,,,,,,183.30,,,,,,,,No,10+ Days,,11/26/2026,,,,3669.00,,,,,,,
N469JX,IHC Health Services,09/30/2026,3681.00,0,62 00-01,Airframe,3681.00,,0,9318.00,PART,Life Limited,,MR HUB,MAIN ROTOR GRIP ASSEMBLY - RETIRE,BHT-MPI-CH 4 Table 1,406-010-108-131,LP4535,,,,BHT-MPI-CH 4 Table 1,11/19/2024,2533.30,,,7665.00,,,5000.00,,,,,,,,,,,,3864.30,,,,,,,,,,,,183.30,,,,,,,,No,10+ Days,,11/26/2026,,,,3669.00,,,,,,,
N7160V,IHC Health Services,10/04/2026,10771.90,0,25 60.01,Airframe,10771.90,,0,27183.00,INSPECTION,,,,SWITLIK LIFE VEST 6 MONTH INSPECTION,GOM,,,,,,,05/27/2026,10623.00,,,26872.00,0,6,,0,0.00,0.00,0,0,,0,0.00,0.00,11/27/2026,,,,,,,,,,22,,1,,,,,,,,,,No,10+ Days,,11/27/2026,,,,,,,,,,Pilot Task; PILOT GOM,
N407TH,IHC Health Services,10/03/2026,8845.50,2,25 REBTECH  200HR/12M,Airframe,8845.50,,2,20680.00,INSPECTION,,ICA,,200 HOUR/12 MONTH REBTECH NIGHT VISION INSPECTION,Rebtech ICA Document 98020407-ICA REV. H,,,,,0.50,,07/30/2026,8725.60,,,20410.00,,12,200.00,,,,,,,,,,07/31/2027,,8925.60,,,,,,,,26,,9,,80.10,,,,,,,,No,10+ Days,,11/27/2026,,,,,,,,,,,
N407PW,IHC Health Services,10/04/2026,1441.00,0,25 REBTECH  200HR/12M,Airframe,1441.00,,0,1740.00,INSPECTION,,ICA,,200 HOUR/12 MONTH REBTECH NIGHT VISION INSPECTION,Rebtech ICA Document 98020407-ICA REV. H,,,,,,,08/27/2026,1374.50,,,1647.00,0,12,200.00,0,0.00,0.00,0,0,,0,0.00,0.00,08/27/2027,,1574.50,,,,,,,,22,,10,,133.50,,,,,,,,No,10+ Days,,11/27/2026,,,,,,,,,,,
N407SL,IHC Health Services,10/04/2026,2240.90,0,12 TBL 2,Airframe,2240.90,,0,5434.00,INSPECTION,,RII,,(RII) 300 HOUR/3 MONTH TAIL ROTOR PITCH CHANGE MECHANISM LUBRICATION,DMC-407-A-12-00-00-00A-040A-A Table 2,,,,,,"Ref.  BHT-407-MM, Chapter 12, SERVICING TABLE 2 DMC-407-A-12-00-00-00A-040A-A

Complied with (RII) 300 HOUR/3 MONTH TAIL ROTOR PITCH CHANGE MECHANISM LUBRICATION Ref.  BHT-407-MM, Chapter 12, SERVICING TABLE 2 DMC-407-A-12-00-00-00A-040A-A.",08/28/2026,2222.40,,,5395.00,,3,300.00,,,,0,9,30.00,,,,11/28/2026,,2522.40,,,,,,,,23,,1,,281.50,,,,,,,,No,10+ Days,,11/28/2026,,,,,,,,,,RII,
N407FC,IHC Health Services,10/05/2026,14985.10,0,25 AA FLT/FLOAT STEP 300HR/12M,Airframe,14985.10,,0,33090.00,INSPECTION,,ICA,,300 HOUR/12 MONTH AERONAUTICAL ACCESSORIES FLIGHTSTEP/FLOATSTEP INSPECTION,Aeronautical Accessories ICA AA-01162,,,,,,,06/16/2026,14793.70,,,32684.00,,12,300.00,,,,,,,,,,06/16/2027,,15093.70,,,,,,,,11,,8,,108.60,,,,,,,,No,10+ Days,,11/28/2026,,,,,,,,,,,
N407FC,IHC Health Services,10/05/2026,14985.10,0,25 AA SKID TUBE 300HR/12M,Airframe,14985.10,,0,33090.00,INSPECTION,,ICA,,300 HOUR/ 12 MONTH AERONAUTICAL ACCESSORIES SKID TUBE INSPECTION,AERONAUTICAL ACCESSORIES AA-01141 REV. E.,,,,,,,06/16/2026,14793.70,,,32684.00,,12,300.00,,,,,,30.00,,,,06/16/2027,,15093.70,,,,,,,,11,,8,,108.60,,,,,,,,No,10+ Days,,11/28/2026,,,,,,,,,,,
N407FC,IHC Health Services,10/05/2026,14985.10,0,25 DART BEARPAW,Airframe,14985.10,,0,33090.00,INSPECTION,,ICA,,300 HOUR/12 MONTH DART BEAR PAW INSPECTION,DART ICA-D206-559,,,,,,,06/16/2026,14793.70,,,32684.00,,12,300.00,,,,,,30.00,,,,06/30/2027,,15093.70,,,,,,,,25,,8,,108.60,,,,,,,,No,10+ Days,,11/28/2026,,,,,,,,,,,
N407FC,IHC Health Services,10/05/2026,14985.10,0,25 DART PRE-FLIGHT STEP/HANDLE 12M,Airframe,14985.10,,0,33090.00,INSPECTION,,ICA,,300 HOUR DART PRE-FLIGHT STEP HANDLE INSPECTION,DART ICA D206-581,,,,,,,06/16/2026,14793.70,,,32684.00,,,300.00,,,,,,30.00,,,,,,15093.70,,,,,,,,,,,,108.60,,,,,,,,No,10+ Days,,11/28/2026,,,,,,,,,,,
N469JX,IHC Health Services,09/30/2026,3681.00,0,34 GARMIN GTN650XI 250HR/12M,Airframe,3681.00,,0,9318.00,INSPECTION,,ICA,,250 HOUR/12 MONTH GARMIN GTN 650XI INSPECTION,GARMIN ICA 190-01007-D1 REV. 2,,,,,,,09/08/2026,3621.90,,,9224.00,0,12,250.00,0,0.00,0.00,0,0,,0,0.00,0.00,09/30/2027,,3871.90,,,,,,,,25,,11,,190.90,,,,,,,,No,10+ Days,,11/28/2026,,,,,,,,,,,
N407TH,IHC Health Services,10/03/2026,8845.50,2,ASB 407-26-146,Airframe,8845.50,,2,20680.00,ASB,,,,"ALERT SERVICE BULLETIN - GARMIN G1000H NXI SOFTWARE 006-B1237-24, INTRODUCTION OF",,,,,,,,05/08/2026,8598.20,,,20133.00,,12,330.00,,,,,,,,,,05/31/2027,,8928.20,,,,,,,,26,,7,,82.70,,,,,,,,No,10+ Days,,11/29/2026,,,,,,,,,,,
N407TH,IHC Health Services,10/03/2026,8845.50,2,05 1200HR/24MO,Airframe,8845.50,,2,20680.00,INSPECTION,,INSPECT,,1200 HOUR/24 MONTH AIRFRAME INSPECTION,DMC-407-A-05-40-00-14A-281A-A,,,,,,"REF. BHT-407-MPI, CH. 5 DMC-407-A-05-40-00-14A-281A-A",11/29/2024,7783.10,,,18497.00,,24,1200.00,,,,,73,120.00,,,,11/30/2026,,8983.10,,,,,,,,25,,1,,137.60,,,,,,,,No,10+ Days,,11/30/2026,,,,,,,,,,Monthly Planning,
N407LF,IHC Health Services,10/05/2026,5349.30,17156,05 12MO- INSPECTION,Airframe,5349.30,,17156,13084.00,INSPECTION,,INSPECT,,12 MONTH AIRFRAME INSPECTION,"BHT-407-MPI, Chapter 5, Scheduled Inspections",,,,,15.00,"Ref. DMC-407-A-05-40-00-11A-281A-A, Note When Last 300 Hour/12 Month Periodic Inspection was completed and Perform if Needed.",11/07/2025,4983.60,,,12470.00,,12,,,,,,36,,,,,11/30/2026,,,,,,,,,,25,,1,,,,,,,,,,No,10+ Days,,11/30/2026,,,,,,,,,,Monthly Planning,
N466GH,IHC Health Services,10/04/2026,3267.50,0,12 TBL 2,Airframe,3267.50,,0,7636.00,INSPECTION,,RII,,(RII) 300 HOUR/3 MONTH TAIL ROTOR PITCH CHANGE MECHANISM LUBRICATION,DMC-407-A-12-00-00-00A-040A-A Table 2,,,,,,REF. BHT-407-MM CH. 12 SERVICING TABLE 2 DMC-407-A-12-00-00-00A-040A-A,08/26/2026,3190.50,,,7529.00,,3,300.00,,,,0,9,30.00,,,,11/30/2026,,3490.50,,,,,,,,25,,1,,223.00,,,,,,,,No,10+ Days,,11/30/2026,,,,,,,,,,RII,
N407ZM,IHC Health Services,10/04/2026,5575.00,1722,12 TBL 2,Airframe,5575.00,,1722,13725.00,INSPECTION,,RII,,(RII) 300 HOUR/3 MONTH TAIL ROTOR PITCH CHANGE MECHANISM LUBRICATION,DMC-407-A-12-00-00-00A-040A-A Table 2,,,,,,REF. BHT-407-MM CH. 12 SERVICING TABLE 2 DMC-407-A-12-00-00-00A-040A-A,08/05/2026,5476.60,,,13512.00,,3,300.00,,,,0,9,30.00,,,,11/30/2026,,5776.60,,,,,,,,25,,1,,201.60,,,,,,,,No,10+ Days,,11/30/2026,,,,,,,,,,RII,
N407PW,IHC Health Services,10/04/2026,1441.00,0,12 TBL 2,Airframe,1441.00,,0,1740.00,INSPECTION,,RII,,(RII) 300 HOUR/3 MONTH TAIL ROTOR PITCH CHANGE MECHANISM LUBRICATION,DMC-407-A-12-00-00-00A-040A-A Table 2,,,,,,"Ref. DMC-407-A-12-00-00-00A-040A-A, Table 2.",08/27/2026,1374.50,,,1647.00,,3,300.00,,,,0,9,30.00,,,,11/30/2026,,1674.50,,,,,,,,25,,1,,233.50,,,,,,,,No,10+ Days,,11/30/2026,,,,,,,,,,RII,
N407NW,IHC Health Services,10/04/2026,2093.00,0,12 TBL 2,Airframe,2093.00,,0,3776.00,INSPECTION,,RII,,(RII) 300 HOUR/3 MONTH TAIL ROTOR PITCH CHANGE MECHANISM LUBRICATION,DMC-407-A-12-00-00-00A-040A-A Table 2,,,,,,"Complied with (RII) 300 HOUR/3 MONTH TAIL ROTOR PITCH CHANGE MECHANISM LUBRICATION ref DMC-407-A-12-00-00-00A-040A-A, Table 2.",08/31/2026,2068.40,,,3700.00,,3,300.00,,,,0,9,30.00,,,,11/30/2026,,2368.40,,,,,,,,25,,1,,275.40,,,,,,,,No,10+ Days,,11/30/2026,,,,,,,,,,RII,
N407MZ,IHC Health Services,10/05/2026,2805.50,0,12 TBL 2,Airframe,2805.50,,0,7326.00,INSPECTION,,RII,,(RII) 300 HOUR/3 MONTH TAIL ROTOR PITCH CHANGE MECHANISM LUBRICATION,DMC-407-A-12-00-00-00A-040A-A Table 2,,,,,,"Complied with 300 HOUR/3 MONTH TAIL ROTOR PITCH CHANGE MECHANISM LUBRICATION. Ref.  BHT-407-MM, Chapter 12, General DMC-407-A-12-00-00-00A-040A-A table 2.",08/31/2026,2719.00,,,7107.00,,3,300.00,,,,0,9,30.00,,,,11/30/2026,,3019.00,,,,,,,,25,,1,,213.50,,,,,,,,No,10+ Days,,11/30/2026,,,,,,,,,,RII,
N407LF,IHC Health Services,10/05/2026,5349.30,17156,12 TBL 2,Airframe,5349.30,,17156,13084.00,INSPECTION,,RII,,(RII) 300 HOUR/3 MONTH TAIL ROTOR PITCH CHANGE MECHANISM LUBRICATION,DMC-407-A-12-00-00-00A-040A-A Table 2,,,,,,REF. BHT-407-MM CH. 12 SERVICING TABLE 2 DMC-407-A-12-00-00-00A-040A-A,08/31/2026,5317.80,,,13011.00,,3,300.00,,,,0,9,30.00,,,,11/30/2026,,5617.80,,,,,,,,25,,1,,268.50,,,,,,,,No,10+ Days,,11/30/2026,,,,,,,,,,RII,
N407CP,IHC Health Services,10/04/2026,10206.30,1,12 TBL 2,Airframe,10206.30,,1,22355.00,INSPECTION,,RII,,(RII) 300 HOUR/3 MONTH TAIL ROTOR PITCH CHANGE MECHANISM LUBRICATION,DMC-407-A-12-00-00-00A-040A-A Table 2,,,,,,"Ref. DMC-407-A-12-00-00-00A-040A-A, Table 2.",08/07/2026,10150.30,,,22224.00,,3,300.00,,,,0,9,30.00,,,,11/30/2026,,10450.30,,,,,,,,25,,1,,244.00,,,,,,,,No,10+ Days,,11/30/2026,,,,,,,,,,RII,
N407CH,IHC Health Services,10/04/2026,17743.70,1,12 TBL 2,Airframe,17743.70,,1,43738.00,INSPECTION,,RII,,(RII) 300 HOUR/3 MONTH TAIL ROTOR PITCH CHANGE MECHANISM LUBRICATION,DMC-407-A-12-00-00-00A-040A-A Table 2,,,,,,"Ref. DMC-407-A-12-00-00-00A-040A-A, Table 2.",08/02/2026,17573.60,,,43465.00,0,3,300.00,0,0.00,0.00,0,9,30.00,0,0.00,0.00,11/30/2026,,17873.60,,,,,,,,25,,1,,129.90,,,,,,,,No,10+ Days,,11/30/2026,,,,,,,,,,RII,
N407FM,IHC Health Services,10/04/2026,2702.50,0,22 04-10 FUNCT CK,Airframe,2702.50,,0,6837.00,INSPECTION,,AIRWORTHINESS,600HR /12M,600HR /12M CHAPTER 4 AFCS TRIM ACTUATOR FUNCT CK,Ref. DMC-407-A-22-00-04A-340A-A,418-00862-701,66115,,,,This specific inspection is found in the Airworthiness Limitations Schedule in Chapter 4.,11/19/2025,2386.60,,,6099.00,,12,600.00,0,0.00,0.00,0,0,,0,0.00,0.00,11/30/2026,,2986.60,,,,,,,,25,,1,,284.10,,,,,,,,No,10+ Days,,11/30/2026,,,,,,,,,,,
N407FM,IHC Health Services,10/04/2026,2702.50,0,22 04-11 FUNCT CK,Airframe,2702.50,,0,6837.00,INSPECTION,,AIRWORTHINESS,66132,600HR /12M CHAPTER 4 AFCS TRIM ACTUATOR FUNCT CK,Ref. DMC-407-A-22-00-04A-340A-A,418-00862-701,66132,,,,This specific inspection is found in the Airworthiness Limitations Schedule in Chapter 4.,11/19/2025,2386.60,,,6099.00,0,12,600.00,0,0.00,0.00,0,0,,0,0.00,0.00,11/30/2026,,2986.60,,,,,,,,25,,1,,284.10,,,,,,,,No,10+ Days,,11/30/2026,,,,,,,,,,,
N407PW,IHC Health Services,10/04/2026,1441.00,0,25 00-52,Airframe,1441.00,,0,1740.00,INSPECTION,,INSPECT,ELT,12 MONTH ELT (FAR 91.207 (d)) INSPECTION,FAR 91.207 (d),453-5061,252-07551,,,,,11/28/2025,1028.40,,,1225.00,,12,,,,,,,,,,,11/30/2026,,,,,,,,,,25,,1,,,,,,,,,,No,10+ Days,,11/30/2026,,,,,,,,,,,
N407TH,IHC Health Services,10/03/2026,8845.50,2,25 60.03,Airframe,8845.50,,2,20680.00,INSPECTION,,EXPIRATION,,SIGNAL FLARE EXPIRATION DATE,,,,,,,,05/26/2026,8627.70,,,20192.00,0,0,,0,0.00,0.00,0,0,,0,0.00,0.00,11/30/2026,,,,,,,,,,25,,1,,,,,,,,,,No,10+ Days,,11/30/2026,,,,,,,,,,,
N407NW,IHC Health Services,10/04/2026,2093.00,0,25 60.03,Airframe,2093.00,,0,3776.00,INSPECTION,,EXPIRATION,,SIGNAL FLARE EXPIRATION DATE,,,,,,,,05/26/2026,1881.10,,,3409.00,30,0,,0,0.00,0.00,0,0,,0,0.00,0.00,11/30/2026,,,,,,,,,,25,,1,,,,,,,,,,No,10+ Days,,11/30/2026,,,,,,,,,,,
N466GH,IHC Health Services,10/04/2026,3267.50,0,25 AA TR PEDAL L/O,Airframe,3267.50,,0,7636.00,INSPECTION,,ICA,,12 MONTH AERONAUTICAL ACCESSORIES TAIL ROTOR PEDAL LOCK-OUT KIT INSPECTION,Aeronautical Accessories ICA AA-99032,,,,,,Ref. Aeronautical Accessories ICA AA-99032.,11/28/2025,2885.00,,,7124.00,,12,,,,,,,,,,,11/30/2026,,,,,,,,,,25,,1,,,,,,,,,,No,10+ Days,,11/30/2026,,,,,,,,,,,
N407FC,IHC Health Services,10/05/2026,14985.10,0,25 AFS IBF 12M,Airframe,14985.10,,0,33090.00,INSPECTION,,ICA,,12 MONTH DONALDSON IBF INSPECTION AND FUNCTIONAL CHECK,AFS-BH407-IBF-KIT-ICA,,,,,3.00,"Perform Visual Inspection of Filter, Structure, Electrical Systems, and Functional check of Electrical System.
Ref. Donaldson Filtration Solutions ICA AFS-BH407-IBF-KIT-ICA, Table 1.",11/10/2025,14518.30,,,32101.00,,12,,,,,,,,,,,11/30/2026,,,,,,,,,,25,,1,,,,,,,,,,No,10+ Days,,11/30/2026,,,,,,,,,,,
N466GH,IHC Health Services,10/04/2026,3267.50,0,25 HELIFAB 3 12M,Airframe,3267.50,,0,7636.00,INSPECTION,,ICA,,12  MONTH HELIFAB FLOOR PROTECTORS INSPECTION,HELIFAB HF-CA-7-3,,,,,,REF. HELIFAB ICA HF-CA-7-3,11/28/2025,2885.00,,,7124.00,0,12,,0,0.00,0.00,0,0,,0,0.00,0.00,11/30/2026,,,,,,,,,,25,,1,,,,,,,,,,No,10+ Days,,11/30/2026,,,,,,,,,,,
N407LF,IHC Health Services,10/05/2026,5349.30,17156,25 HELISAS AUTOPILOT,Airframe,5349.30,,17156,13084.00,INSPECTION,,ICA,,12 MONTH HELISAS AUTO PILOT INSPECTION,Ref. S-TEC Doc. No. AA-09109 Rev. F.,,,,,,Ref. S-TEC Doc. No. AA-09109 Rev. F.,11/24/2025,5003.80,,,12501.00,0,12,,0,0.00,0.00,0,0,,0,0.00,0.00,11/30/2026,,,,,,,,,,25,,1,,,,,,,,,,No,10+ Days,,11/30/2026,,,,,,,,,,,
N407JM,IHC Health Services,10/04/2026,5829.10,0,25 REBTECH 12M,Airframe,5829.10,,0,16558.00,INSPECTION,,ICA,,12 MONTH REBTECH NIGHT VISION INSPECTION,Rebtech ICA Document 98020407-ICA REV. H,,,,,1.50,Rebtech ICA Document 98020407-ICA REV. H,11/26/2025,5562.10,,,15580.00,0,12,,0,0.00,0.00,0,0,,0,0.00,0.00,11/30/2026,,,,,,,,,,25,,1,,,,,,,,,,No,10+ Days,,11/30/2026,,,,,,,,,,,
N469JX,IHC Health Services,09/30/2026,3681.00,0,26 01-00,Airframe,3681.00,,0,9318.00,INSPECTION,,INSPECT,Fire,12 MONTH FIRE EXTINGUISHER INSPECTION,NFPA 10 Ch. 7.3.2,A 344,F-87439526,,,,,11/26/2025,3240.10,,,8668.00,,12,,,,,,,,,,,11/30/2026,,,,,,,,,,25,,1,,,,,,,,,,No,10+ Days,,11/30/2026,,,,,,,,,,,
N407SL,IHC Health Services,10/04/2026,2240.90,0,26 01-01,Airframe,2240.90,,0,5434.00,INSPECTION,,INSPECT,Fire,30 DAY FIRE EXTINGUISHER INSPECTION,NFPA 10 Ch. 7.2,A344,I-37228020,,,,Complied with 30 DAY FIRE EXTINGUISHER INSPECTION IAW Ref. NFPA 10 Ch. 7.2. No defects found.,10/02/2026,2236.50,,,5425.00,30,,,,,,,,,,,,11/30/2026,,,,,,,,,,25,,1,,,,,,,,,,No,10+ Days,,11/30/2026,,,,,,,,,,Pilot Task; PILOT GOM,
N407LF,IHC Health Services,10/05/2026,5349.30,17156,34 FLTCELL 12MO,Airframe,5349.30,,17156,13084.00,INSPECTION,,ICA,,12 MONTH FLIGHTCELL SMARTHUB INSPECTION,FLT CELL SMARTHUB IM 117-00016,,,,,,SET TO COME DUE WITH THE AIRFRAME 12 MONTH INSPECTION,,,,,,0,12,,0,0.00,0.00,0,0,,0,0.00,0.00,11/30/2026,,,,,,,,,,25,,1,,,,,,,,,,No,10+ Days,,11/30/2026,,,,,,,,,,,
N407ZM,IHC Health Services,10/04/2026,5575.00,1722,35 00-10,Airframe,5575.00,,1722,13725.00,INSPECTION,,HYDROSTATIC TEST,OXY BOT,MED OXYGEN BOTTLE HYDROSTATIC TEST,,1270152-4,ALT-282-29264,,,,LAST HYDRO ON 11/2021 FOR SN: ALT 282-29264.,05/17/2022,3817.00,,,,,60,,,,,,,,,,,11/30/2026,,,,,,,,,,25,,1,,,,,,,,,,No,10+ Days,,11/30/2026,,,,,,,,,,,
N466GH,IHC Health Services,10/04/2026,3267.50,0,72 INSP 600HR/12MO,Engine 1,2722.50,4522.00,,,INSPECTION,None,RII,,(RII) 600 HOUR/ 12 MONTH ENGINE OIL & SCAVENGE OIL FILTER CHANGE,"RR-C47B-O&M, 72-00-00 TBL 6 & 73-10-02",,,,,,"Filter is replaced when oil is changed as a HSU recommended item. Ref. Rolls-Royce M250-C47B-O&M, Chapter 72-00-00 Table 6 and Chapter 73-10-02.",11/14/2025,2322.80,,4001.00,,,12,600.00,,,,,,,,,,11/30/2026,,2922.80,,,,,,,,25,,1,,200.30,,,,,,,,No,10+ Days,,11/30/2026,,,,,,,,,,RII,
N407LP,IHC Health Services,10/01/2026,4415.70,0,72 INSP 600HR/12MO,Engine 1,4216.70,8153.00,,,INSPECTION,,RII,CAE-848668,(RII) 600 HOUR/ 12 MONTH ENGINE OIL & SCAVENGE OIL FILTER CHANGE,"RR-C47B-O&M, 72-00-00 TBL 6 & 73-10-02",,,,,,"Filter is replaced when oil is changed as a HSU recommended item. Ref. Rolls-Royce M250-C47B-O&M, Chapter 72-00-00 Table 6 and Chapter 73-10-02.",11/10/2025,3760.70,,7146.00,,,12,600.00,,,,,,,,,,11/30/2026,,4360.70,,,,,,,,25,,1,,144.00,,,,,,,,No,10+ Days,,11/30/2026,,,,,,,,,,,
N407FM,IHC Health Services,10/04/2026,2702.50,0,72 72/150,Engine 1,1885.80,3038.00,,,INSPECTION,,INSPECT,CAE-847339,150 HOUR/ 12 MONTH ENGINE INSPECTION,RR-M250-C47E/4-O&M Ch. 72-00-00-200-801 Table 6.,,,,,,"BEFORE YOU UNDERTAKE A INSPECTION OR MAINTENANCE ACTION, CONSULT THE REFERENCED PARAGRAPHS OF THE OPERATION AND MAINTENANCE MANUAL. FAILURE TO DO SO COULD RESULT IN EQUIPMENT DAMAGE OR DESTRUCTION AND POSSIBLY RESULT IN PERSONNEL DEATH OR INJURY . Note:RII RII - TAIL ROTOR DRIVE SHAFT SPLINE ADAPTER LUBE (2 ADAPTERS) INSURE THAT WASHER STACK UP IS CORRECT, GAPS IN DISC PACKS ARE IN ALLOWABLE LIMITS AND TORQUE STRIPE IS ON ALL NUTS AFTER TORQUE IS COMPLETED.",08/14/2026,1847.80,,2948.00,,,12,150.00,,,,,,,,,,08/14/2027,,1997.80,,,,,,,,9,,10,,112.00,,,,,,,,No,10+ Days,,11/30/2026,,,,,,,,,,,
N469JX,IHC Health Services,09/30/2026,3681.00,0,25 REBTECH  200HR/12M,Airframe,3681.00,,0,9318.00,INSPECTION,,ICA,,200 HOUR/12 MONTH REBTECH NIGHT VISION INSPECTION,Rebtech ICA Document 98020407-ICA REV. H,,,,,,REF. 98020407-ICA,09/30/2026,3681.00,,,9318.00,,12,200.00,,,,,,,,,,09/30/2027,,3881.00,,,,,,,,25,,11,,200.00,,,,,,,,No,10+ Days,,12/01/2026,,,,,,,,,,,
N407FC,IHC Health Services,10/05/2026,14985.10,0,34 GARMIN GTN650 250HR/12M,Airframe,14985.10,,0,33090.00,INSPECTION,,ICA,,250 HOUR/12 MONTH GARMIN GTN 650 INSPECTION,GARMIN ICA -190-01007-K4 REV. 3.,,,,,0.20,,07/17/2026,14850.80,,,32812.00,0,12,250.00,0,0.00,0.00,0,0,,0,0.00,0.00,07/17/2027,,15100.80,,,,,,,,12,,9,,115.70,,,,,,,,No,10+ Days,,12/02/2026,,,,,,,,,,,
N407CH,IHC Health Services,10/04/2026,17743.70,1,25 TRUE BLUE 300HR/12M,Airframe,17743.70,,1,43738.00,INSPECTION,,ICA,,300 HOUR/12 MONTH TRUE BLUE 115V STATIC ELECTRICAL POWER INVERTER INSPECTION,337 DATED 8/30/2018,,,,,,**337 DATED 08/30/2018 FOUND IN ATTACHMENTS**,06/24/2026,17487.10,,,43311.00,0,12,300.00,0,0.00,0.00,0,0,,0,0.00,0.00,06/24/2027,,17787.10,,,,,,,,19,,8,,43.40,,,,,,,,No,10+ Days,,12/02/2026,,,,,,,,,,,
N407NW,IHC Health Services,10/04/2026,2093.00,0,ASB 407-26-146,Airframe,2093.00,,0,3776.00,ASB,,,,"ALERT SERVICE BULLETIN - GARMIN G1000H NXI SOFTWARE 006-B1237-24, INTRODUCTION OF",,,,,,,,05/08/2026,1821.60,,,3302.00,,12,330.00,,,,,,,,,,05/31/2027,,2151.60,,,,,,,,26,,7,,58.60,,,,,,,,No,10+ Days,,12/02/2026,,,,,,,,,,,
N407SL,IHC Health Services,10/04/2026,2240.90,0,72 INSP 600HR/12MO,Engine 1,2069.60,4593.00,,,INSPECTION,None,RII,CAE-847339,(RII) 600 HOUR/ 12 MONTH ENGINE OIL & SCAVENGE OIL FILTER CHANGE,RR-M250-C47E/4 O&M Chapter 79-10-00,,,,,,"Filter is replaced when oil is changed as a HSU recommended item.  Ref. Rolls-Royce M250-C47E/4 O&M, Chapter 72-00-00 Table 606 and Chapter 79-10-00.",12/03/2025,1669.80,,2916.00,,,12,600.00,,,,,,,,,,12/03/2026,,2269.80,,,,,,,,28,,1,,200.20,,,,,,,,No,10+ Days,,12/03/2026,,,,,,,,,,RII,
N307KH,IHC Health Services,10/03/2026,23110.00,0,62 04-10,Airframe,23110.00,,0,81023.00,INSPECTION,Overhaul,AIRWORTHINESS,MR HUB,100 HOUR MAIN ROTOR YOKE ASSEMBLY AIRWORTHINESS LIMITATIONS  INSPECTION,"BHT-407-MPI, Ch. 4 Airworthiness Limitations",,,,,,"REF. BHT-407-MPI, CH. 4 AIRWORTHINESS LIMITATIONS SCHEDULE, DMC-407-A-04-00-00-00A-288A-A, Table 2, Figure 2.",08/20/2026,23069.00,,,80920.00,,,100.00,,,,,,,,,,,,23169.00,,,,,,,,,,,,59.00,,,,,,,,No,10+ Days,,12/03/2026,,,,,,,,,,,
N407ZM,IHC Health Services,10/04/2026,5575.00,1722,05 40-00-08A,Airframe,5575.00,,1722,13725.00,INSPECTION,,INSPECT,,300 HOUR OPTIONAL EQUIPMENT INSPECTION,DMC-407-A-05-40-00-08A-281A-A,,,,,0.50,"Ref. DMC-407-A-05-40-00-08A-281A-A, Complete Inspection On All Currently Installed/Available Items.",07/06/2026,5441.40,,,13435.00,,,300.00,,,,,,30.00,,,,,,5741.40,,,,,,,,,,,,166.40,,,,,,,,No,10+ Days,,12/03/2026,,,,,,,,,,,
N407ZM,IHC Health Services,10/04/2026,5575.00,1722,24 TRUE BLUE 300 HR/12MO,Airframe,5575.00,,1722,13725.00,INSPECTION,,ICA,,300 HOUR/12 MONTH TRUE BLUE 115V STATIC ELECTRICAL POWER INVERTER INSPECTION,337 DATED 4/9/2018,,,,,0.10,Completed on HSU WO # 5792,07/06/2026,5441.40,,,13435.00,,12,300.00,,,,,,,,,,07/31/2027,,5741.40,,,,,,,,26,,9,,166.40,,,,,,,,No,10+ Days,,12/03/2026,,,,,,,,,,,
N407ZM,IHC Health Services,10/04/2026,5575.00,1722,25 337 T/R RECOG LIGHT,Airframe,5575.00,,1722,13725.00,INSPECTION,,ICA,,300 HOUR/12 MONTH TAIL ROTOR RECOGNITION LIGHT INSPECTION,FAA Form 337 Dated 12/13/2013,,,,,0.10,"337 IN ATTACHMENTS
Completed on Log Page 09910",07/06/2026,5441.40,,,13435.00,,12,300.00,,,,,,,,,,07/06/2027,,5741.40,,,,,,,,1,,9,,166.40,,,,,,,,No,10+ Days,,12/03/2026,,,,,,,,,,,
N407ZM,IHC Health Services,10/04/2026,5575.00,1722,25 AA FLT/FLOAT STEP 300HR/12M,Airframe,5575.00,,1722,13725.00,INSPECTION,,ICA,,300 HOUR/12 MONTH AERONAUTICAL ACCESSORIES FLIGHTSTEP/FLOATSTEP INSPECTION,AERONAUTICAL ACCESSORIES AA-01162 REV. J,,,,,0.50,AERONAUTICAL ACCESSORIES AA-01162 REV. J,07/06/2026,5441.40,,,13435.00,,12,300.00,,,,,,,,,,07/31/2027,,5741.40,,,,,,,,26,,9,,166.40,,,,,,,,No,10+ Days,,12/03/2026,,,,,,,,,,,
N407ZM,IHC Health Services,10/04/2026,5575.00,1722,25 DART AVIONICS CONSOLE,Airframe,5575.00,,1722,13725.00,INSPECTION,,ICA,,300 HOUR DART AVIONICS HIGH SLOPE CONSOLE INSPECTION,DART ICA-D206-549 REV. 0,,,,,0.10,,07/06/2026,5441.40,,,13435.00,,,300.00,,,,,,,,,,,,5741.40,,,,,,,,,,,,166.40,,,,,,,,No,10+ Days,,12/03/2026,,,,,,,,,,,
N407ZM,IHC Health Services,10/04/2026,5575.00,1722,25 DART BEARPAW,Airframe,5575.00,,1722,13725.00,INSPECTION,,ICA,,300 HOUR/12 MONTH DART BEAR PAW INSPECTION,DART ICA-D206-559 REV. 5,,,,,0.50,,07/06/2026,5441.40,,,13435.00,,12,300.00,,,,,,,,,,07/31/2027,,5741.40,,,,,,,,26,,9,,166.40,,,,,,,,No,10+ Days,,12/03/2026,,,,,,,,,,,
N407ZM,IHC Health Services,10/04/2026,5575.00,1722,25 HSI IV BAG SUPPORT 300HR,Airframe,5575.00,,1722,13725.00,INSPECTION,,ICA,,300 HOUR HELICOPTER SPECIALTIES (HSI) IV BAG SUPPORT INSPECTION,HSI DOC. IVBAG-0501-00,,,,,0.10,Completed on Log Page 09910,07/06/2026,5441.40,,,13435.00,,,300.00,,,,,,,,,,,,5741.40,,,,,,,,,,,,166.40,,,,,,,,No,10+ Days,,12/03/2026,,,,,,,,,,,
N407ZM,IHC Health Services,10/04/2026,5575.00,1722,25 HSI STRETCHER SUPPORT & LOADING 300HR,Airframe,5575.00,,1722,13725.00,INSPECTION,,ICA,,300 HOUR HELICOPTER SPECIALTIES (HSI) STRETCHER SUPPORT AND LOADING ASSIST PLATFORM INSPECTION,HSI DOC # 407-706-631-159-0501-00,,,,,0.10,"REF. HSI DOC # 407-706-631-159-0501-00
Completed on Log Page 09910",07/06/2026,5441.40,,,13435.00,,,300.00,,,,,,,,,,,,5741.40,,,,,,,,,,,,166.40,,,,,,,,No,10+ Days,,12/03/2026,,,,,,,,,,,
N407ZM,IHC Health Services,10/04/2026,5575.00,1722,25 PARAVION GPS RAM MOUNT 300HR,Airframe,5575.00,,1722,13725.00,INSPECTION,,ICA,,300 HOUR PARAVION GPS RAM MOUNT & BRACKET INSPECTION,FAA Form 337 Dated 16/DEC/2013,,,,,0.10,"337 IN ATTACHMENTS
Completed on Log Page 09910",07/06/2026,5441.40,,,13435.00,,,300.00,,,,,,,,,,,,5741.40,,,,,,,,,,,,166.40,,,,,,,,No,10+ Days,,12/03/2026,,,,,,,,,,,
N407ZM,IHC Health Services,10/04/2026,5575.00,1722,407-23-133,Airframe,5575.00,,1722,13725.00,ASB,,,,HORIZONTAL STABILIZER AND CARGO HOOK FITTINGS - SELF LOCKING INSERTS INSPECTION,ASB 407-23-133,,,,,,300HR/12M RECURRING INSPECTION FOR AIRCRAFT AFFECTED.,07/06/2026,5441.40,,,13435.00,0,12,300.00,0,0.00,0.00,0,0,,0,0.00,0.00,07/31/2027,,5741.40,,,,,,,,26,,9,,166.40,,,,,,,,No,10+ Days,,12/03/2026,,,,,,,,,,,
N407JM,IHC Health Services,10/04/2026,5829.10,0,12 TBL 2,Airframe,5829.10,,0,16558.00,INSPECTION,,RII,,(RII) 150 HOUR TAIL ROTOR DRIVE SHAFT SPLINE ADAPTER LUBRICATION,DMC-407-A-12-00-00-00A-040A-A Table 2,,,,,2.00,"RII - TAIL ROTOR DRIVE SHAFT SPLINE ADAPTER LUBE (2 ADAPTERS) INSURE THAT WASHER STACK UP IS CORRECT, GAPS IN DISC PACKS ARE IN ALLOWABLE LIMITS AND TORQUE STRIPE IS ON ALL NUTS AFTER TORQUE IS COMPLETED.",08/31/2026,5783.60,,,16370.00,,,150.00,,,,,,15.00,,,,,,5933.60,,,,,,,,,,,,104.50,,,,,,,,No,10+ Days,,12/03/2026,,,,,,,,,,RII,
N407JM,IHC Health Services,10/04/2026,5829.10,0,72 72/150,Engine 1,5126.30,8563.00,,,INSPECTION,,INSPECT,848248,150 HOUR/12 MONTH ENGINE INSPECTION,"M250-C47B OMM 72-00-00-200-801, Table 6.",,,,,1.20,"**USE TABLE 6 ONLY DUE TO SERVICE WITH MOBIL 254 OIL (3RD GENERATION OIL)** CAUTION: BEFORE YOU UNDERTAKE A INSPECTION OR MAINTENANCE ACTION, CONSULT THE REFERENCED PARAGRAPHS OF THE OPERATION AND MAINTENANCE MANUAL. FAILURE TO DO SO COULD RESULT IN EQUIPMENT DAMAGE OR DESTRUCTION AND POSSIBLY RESULT IN PERSONNEL DEATH OR INJURY. NOTE: Compliance to the 150 hour and 300 hour items in this table must be performed at least every 12 calendar months or by hours, whichever occurs first. This inspection checklist can only be used if the operator uses an approved third generation (hts) oil.",08/31/2026,5080.80,,8478.00,,,12,150.00,,,,,,,,,,08/31/2027,,5230.80,,,,,,,,26,,10,,104.50,,,,,,,,No,10+ Days,,12/03/2026,,,,,,,,,,,
N466GH,IHC Health Services,10/04/2026,3267.50,0,25 00-56,Airframe,3267.50,,0,7636.00,INSPECTION,None,,ELT,ELT - REGISTRATION  (NOAA WEBSITE),,4535061,11906,,,,BEACON ID: ADC6498A555AE51,12/31/2024,2344.90,,,,,24,,,,,,,,,,,12/04/2026,,,,,,,,,,29,,1,,,,,,,,,,No,10+ Days,,12/04/2026,,,,,,,,,,,
N469JX,IHC Health Services,09/30/2026,3681.00,0,25 00-56,Airframe,3681.00,,0,9318.00,INSPECTION,None,,ELT,ELT - REGISTRATION (NOAA WEBSITE),,453-5061,11904,,,,,12/04/2024,,,,,,24,,,,,,,,,,,12/04/2026,,,,,,,,,,29,,1,,,,,,,,,,No,10+ Days,,12/04/2026,,,,,,,,,,,
N407MZ,IHC Health Services,10/05/2026,2805.50,0,25 00-56,Airframe,2805.50,,0,7326.00,INSPECTION,None,,ELT,ELT - REGISTRATION (NOAA WEBSITE),,453-5061,252-06472,,,,"COPY OF REGISTRATION IN ATTACHMENTS 
BEACON ID #: 2DC7498F9AFFBFF",12/04/2024,1337.80,,,,,24,,,,,,,,,,,12/04/2026,,,,,,,,,,29,,1,,,,,,,,,,No,10+ Days,,12/04/2026,,,,,,,,,,,
N407FM,IHC Health Services,10/04/2026,2702.50,0,25 AFS IBF 300HR/12M,Airframe,2702.50,,0,6837.00,INSPECTION,,ICA,IBFILTER,(RII) 300 HOUR/12 MONTH DONALDSON IBF FILTER CLEANING AND INSPECTION,AFS-BH407-IBF-KIT-ICA,,,,,,"ICA AFS-BH407-IBF-KIT-ICA, TABLE 1",05/06/2026,2522.10,,,6372.00,,12,300.00,,,,,,,,,,05/06/2027,,2822.10,,,,,,,,1,,7,,119.60,,,,,,,,No,10+ Days,,12/04/2026,,,,,,,,,,RII,
N407FM,IHC Health Services,10/04/2026,2702.50,0,25 AFS IVF 300HR/12M,Airframe,2702.50,,0,6837.00,INSPECTION,,ICA,IVFILTER,300 HOUR/12 MONTH DONALDSON IVF FILTER CLEANING AND INSPECTION,AFS-BH407-IBF-KIT-ICA,,,,,,"Ref. Donaldson Filtration Solutions ICA AFS-BH407-IBF-KIT-ICA, Table 1 and paragraph 7.3.",05/06/2026,2522.10,,,6372.00,,12,300.00,,,,,,,,,,05/06/2027,,2822.10,,,,,,,,1,,7,,119.60,,,,,,,,No,10+ Days,,12/04/2026,,,,,,,,,,,
N407LP,IHC Health Services,10/01/2026,4415.70,0,25 337 TECHNISONIC AVIONICS,Airframe,4415.70,,0,11404.00,INSPECTION,,ICA,,100 HOUR/ 12 MONTH TECHNISONIC AVIONICS INSPECTION,FAA FORM 337 DATED  11/04/2014,,,,,,,09/16/2026,4405.90,,,11368.00,,12,100.00,,,,,,,,,,09/30/2027,,4505.90,,,,,,,,25,,11,,90.20,,,,,,,,No,10+ Days,,12/04/2026,,,,,,,,,,,
N407LP,IHC Health Services,10/01/2026,4415.70,0,25 AA TB RADAR ALT MNT KIT,Airframe,4415.70,,0,11404.00,INSPECTION,,ICA,,100 HOUR TAILBOOM RADAR ALTIMETER MOUNT KIT INSPECTION,Aeronautical Accessories ICA AA-TBA-16-008,,,,,,REF. AA-TBA-16-008,09/16/2026,4405.90,,,11368.00,,,100.00,,,,,,,,,,,,4505.90,,,,,,,,,,,,90.20,,,,,,,,No,10+ Days,,12/04/2026,,,,,,,,,,,
N407LP,IHC Health Services,10/01/2026,4415.70,0,25 AFS IBF 100HR,Airframe,4415.70,,0,11404.00,INSPECTION,,ICA,,100 HOUR DONALDSON IBF VISUAL INSPECTION,AFS-BH407-IBF-KIT-ICA,,,,,,"Perform Visual Inspection of Structure and Electrical Systems. ICA AFS-BH407-IBF-KIT-ICA, TABLE 1.",09/16/2026,4405.90,,,11368.00,,,100.00,,,,,,,,,,,,4505.90,,,,,,,,,,,,90.20,,,,,,,,No,10+ Days,,12/04/2026,,,,,,,,,,,
N407LP,IHC Health Services,10/01/2026,4415.70,0,25 AFS IVF 100HR,Airframe,4415.70,,0,11404.00,INSPECTION,,ICA,,100 HOUR DONALDSON IVF INSPECTION,AFS-BH407-IBF-KIT-ICA,,,,,,"Ref. Donaldson Filtration Solutions ICA AFS-BH407-IBF-KIT-ICA, Table 1.",09/16/2026,4405.90,,,11368.00,,,100.00,,,,,,,,,,,,4505.90,,,,,,,,,,,,90.20,,,,,,,,No,10+ Days,,12/04/2026,,,,,,,,,,,
N407LP,IHC Health Services,10/01/2026,4415.70,0,25 HELIFAB 16 100HR,Airframe,4415.70,,0,11404.00,INSPECTION,,ICA,,100 HOUR HELIFAB ARTICULATING MEDICAL LITTER INSPECTION,HELIFAB HF-CA-7-16,,,,,,,09/16/2026,4405.90,,,11368.00,0,0,100.00,0,0.00,0.00,0,0,,0,0.00,0.00,,,4505.90,,,,,,,,,,,,90.20,,,,,,,,No,10+ Days,,12/04/2026,,,,,,,,,,,
N407LP,IHC Health Services,10/01/2026,4415.70,0,25 HELIFAB 20 100HR/12M,Airframe,4415.70,,0,11404.00,INSPECTION,,ICA,,100 HOUR / 12 MONTH HELIFAB PATIENT OXYGEN SLED SYSTEM INSPECTION,HELIFAB HF-CA-7-20,,,,,,,09/16/2026,4405.90,,,11368.00,0,12,100.00,0,0.00,0.00,0,0,,0,0.00,0.00,09/16/2027,,4505.90,,,,,,,,11,,11,,90.20,,,,,,,,No,10+ Days,,12/04/2026,,,,,,,,,,,
N407LP,IHC Health Services,10/01/2026,4415.70,0,25 HELIFAB 206 100HR,Airframe,4415.70,,0,11404.00,INSPECTION,,ICA,,100 HOUR HELIFAB STORAGE BIN INSPECTION,"HF-206-ICA-2500-0002, Rev. B",,,,,,,09/16/2026,4405.90,,,11368.00,0,0,100.00,0,0.00,0.00,0,0,,0,0.00,0.00,,,4505.90,,,,,,,,,,,,90.20,,,,,,,,No,10+ Days,,12/04/2026,,,,,,,,,,,
N407LP,IHC Health Services,10/01/2026,4415.70,0,25 HELIFAB BTL MNT 100HR,Airframe,4415.70,,0,11404.00,INSPECTION,,ICA,,100 HOUR HELIFAB PORTABLE OXYGEN BOTTLE MOUNT INSPECTION,HF-206-ICA-OXYGEN BOTTLE MOUNT-1,,,,,,,09/16/2026,4405.90,,,11368.00,0,0,100.00,0,0.00,0.00,0,0,,0,0.00,0.00,,,4505.90,,,,,,,,,,,,90.20,,,,,,,,No,10+ Days,,12/04/2026,,,,,,,,,,,
N407LP,IHC Health Services,10/01/2026,4415.70,0,25 OPS21.13.1,Airframe,4415.70,,0,11404.00,INSPECTION,,ICA,,100 HOUR EMS EQUIPMENT INSPECTION,REF. CLASSIC OPS MANUAL SECTION 21.13.1,,,,,,,09/16/2026,4405.90,,,11368.00,,,100.00,,,,,,,,,,,,4505.90,,,,,,,,,,,,90.20,,,,,,,,No,10+ Days,,12/04/2026,,,,,,,,,,,
N407LP,IHC Health Services,10/01/2026,4415.70,0,62 04-10,Airframe,4415.70,,0,11404.00,INSPECTION,,AIRWORTHINESS,HSU-4540,100 HOUR MAIN ROTOR YOKE ASSEMBLY AIRWORTHINESS LIMITATIONS  INSPECTION,"BHT-407-MPI, Ch. 4 Airworthiness Limitations",,,,,,"REF. BHT-407-MPI, CH. 4 AIRWORTHINESS LIMITATIONS SCHEDULE TABLE 2 DMC-407-A-04-00-00-00A-288A-A",09/16/2026,4405.90,,,11368.00,,,100.00,,,,,,,,,,,,4505.90,,,,,,,,,,,,90.20,,,,,,,,No,10+ Days,,12/04/2026,,,,,,,,,,,
N407FC,IHC Health Services,10/05/2026,14985.10,0,25 337 T/R RECOG LIGHT,Airframe,14985.10,,0,33090.00,INSPECTION,,ICA,,300 HOUR/12 MONTH TAIL ROTOR RECOGNITION LIGHT INSPECTION,FAA Form 337 Dated 13/JUN/2013,,,,,,Ref. FAA Form 337 Dated 13/JUN/2013.,06/22/2026,14806.10,,,32713.00,,12,300.00,,,,,,,,,,06/22/2027,,15106.10,,,,,,,,17,,8,,121.00,,,,,,,,No,10+ Days,,12/04/2026,,,,,,,,,,,
N407FC,IHC Health Services,10/05/2026,14985.10,0,53 04-300,Airframe,14985.10,,0,33090.00,INSPECTION,,AIRWORTHINESS,,300 HOUR TAILBOOM ASSEMBLY AIRWORTHINESS LIMITATIONS INSPECTION,DMC-407-A-04-00-00-00A-288A-A TABLE 2,,,,,,"Ref. DMC-407-A-04-00-00-00A-288A-A, Table 2 and Figure 5.
REF. BHT-407-MPI, CH. 4 AIRWORTHINESS LIMITATIONS TABLE 2 DMC-407-A-04-00-00-00A-288A-A.",06/22/2026,14806.10,,,32713.00,,,300.00,,,,,,,,,,,,15106.10,,,,,,,,,,,,121.00,,,,,,,,No,10+ Days,,12/04/2026,,,,,,,,,,,
N407CP,IHC Health Services,10/04/2026,10206.30,1,72 INSP 600HR/12MO,Engine 1,7155.40,12148.00,,,INSPECTION,Life Limited,,ENGINE,600 HOUR/ 12 MONTH ENGINE OIL & SCAVENGE OIL FILTER CHANGE,"M250-C47B-O&M, Chapter 72-00-00",M250-C47B,CAE-847602,,,,"Ref. Rolls-Royce M250-C47B-O&M, Chapter 72-00-00 Table 6 and Chapter 73-10-02.
Filter is replaced when oil is changed as a HSU recommended item.",12/05/2025,6900.70,,,,,12,600.00,,,,,,,,,,12/05/2026,,7500.70,,,,,,,,0,,2,,345.30,,,,,,,,No,10+ Days,,12/05/2026,,,,,,,,,,,
N407CH,IHC Health Services,10/04/2026,17743.70,1,72 72/150,Engine 1,10730.20,20662.00,,,INSPECTION,,INSPECT,,150 HOUR/ 12 MONTH ENGINE INSPECTION,RR-C47B-O&M 72-00-00-200-801 TABLE 6.,,,,,,"**USE TABLE 6 ONLY DUE TO SERVICE WITH MOBIL 254 OIL (3RD GENERATION OIL)** CAUTION: BEFORE YOU UNDERTAKE A INSPECTION OR MAINTENANCE ACTION, CONSULT THE REFERENCED PARAGRAPHS OF THE OPERATION AND MAINTENANCE MANUAL. FAILURE TO DO SO COULD RESULT IN EQUIPMENT DAMAGE OR DESTRUCTION AND POSSIBLY RESULT IN PERSONNEL DEATH OR INJURY. NOTE: Compliance to the 150 hour and 300 hour items in this table must be performed at least every 12 calendar months or by hours, whichever occurs first. This inspection checklist can only be used if the operator uses an approved third generation (hts) oil.",08/25/2026,10626.00,,20511.00,,,12,150.00,,,,,,,,,,08/31/2027,,10776.00,,,,,,,,26,,10,,45.80,,,,,,,,No,10+ Days,,12/05/2026,,,,,,,,,,,
N39KM,IHC Health Services,10/03/2026,3577.00,0,72 30-00,Engine 1,9773.60,22785.00,,,PART,None,INSPECT,CAE-847339,ENGINE - COMPRESSOR,"M250-C47B OMM 72-00-00-800-801, Para ""K"", Table 5.",23065593,CAC-44387,,,,USED INTERVAL ADJUSTMENT DUE TO COMPRESSOR HAD 1711.5 HOURS SINCE 2000 HR INSP COMPRESSOR,05/04/2026,9577.30,,22314.00,,,,2000.00,,,,,,,,,,,,9865.80,,,,,,,,,,,,92.20,,,,,,,,No,10+ Days,,12/05/2026,,,,16714.00,1711.50,,,,,,
N407CH,IHC Health Services,10/04/2026,17743.70,1,63 31-01,Airframe,17743.70,,1,43738.00,PART,Life Limited,RII,,(RII) LH PYLON SIDE BEAM - RETIRE,"BHT-407-MPI, CH. 4",407-010-201-105,TI1484,,,,,05/11/2024,15906.10,,,40659.00,,,5000.00,,,50000.00,,,,,,,,,17789.90,,,,,,50501.00,,,,,,46.20,,,,,,6763.00,,No,10+ Days,,12/05/2026,,,,3116.20,3116.20,,,,,RII; Monthly Planning,
N407CH,IHC Health Services,10/04/2026,17743.70,1,63 31-05,Airframe,17743.70,,1,43738.00,PART,Life Limited,RII,,(RII) RH PYLON SIDE BEAM - RETIRE,"REF. BHT-407-MPI, CH. 4",407-010-203-105,TI1410,,,,,05/11/2024,15906.10,,,40659.00,,,5000.00,,,50000.00,,,,,,,,,17789.90,,,,,,50501.00,,,,,,46.20,,,,,,6763.00,,No,10+ Days,,12/05/2026,0,0,0,3116.20,3116.20,,,,,RII; Monthly Planning,
N39KM,IHC Health Services,10/03/2026,3577.00,0,ASB 407-26-146,Airframe,3577.00,,0,8191.00,ASB,,,,"ALERT SERVICE BULLETIN - GARMIN G1000H NXI SOFTWARE 006-B1237-24, INTRODUCTION OF",,,,,,,,05/08/2026,3340.00,,,7609.00,,12,330.00,,,,,,,,,,05/31/2027,,3670.00,,,,,,,,26,,7,,93.00,,,,,,,,No,10+ Days,,12/06/2026,,,,,,,,,,,
N407LP,IHC Health Services,10/01/2026,4415.70,0,72 00-10,Engine 1,4216.70,8153.00,,,PART,Overhaul,RII,CAE-848668,(RII) COMPRESSOR   BLEED VALVE - OVERHAUL,M250-C47B  OMM  72-00-00-800-801  Table 6.,23073353,FF416472,HSU 6934,"Thursday, October 1, 2026",,,11/06/2023,3097.20,,5959.00,,,,1500.00,,,,,,,,,,,,4311.10,,,,,,,,,,,,94.40,,,,,,,,No,10+ Days,,12/07/2026,0,0,0,,286.10,0.00,0,0,0,,
N407CN,IHC Health Services,10/02/2026,4963.50,0,25 AA TB RADAR ALT MNT KIT,Airframe,4963.50,,0,11871.00,INSPECTION,,ICA,,100 HOUR TAILBOOM RADAR ALTIMETER MOUNT KIT INSPECTION,Aeronautical Accessories ICA AA-TBA-16-008,,,,,,REF. AA-TBA-16-008,08/20/2026,4942.20,,,,,,100.00,,,,,,,,,,,,5042.20,,,,,,,,,,,,78.70,,,,,,,,No,10+ Days,,12/07/2026,,,,,,,,,,,
N407CN,IHC Health Services,10/02/2026,4963.50,0,25 LIFEPORT CARRIAGE 100HR,Airframe,4963.50,,0,11871.00,INSPECTION,,ICA,,100 HOUR LIFEPORT AIR MED CARRIAGE SYSTEM INSPECTION,LIFEPORT DOC. ERG-511-12,,,,,,,08/20/2026,4942.20,,,11778.00,,,100.00,,,,,,,,,,,,5042.20,,,,,,,,,,,,78.70,,,,,,,,No,10+ Days,,12/07/2026,,,,,,,,,,,
N407CN,IHC Health Services,10/02/2026,4963.50,0,25 LIFEPORT MEDPAK 100HR/12M,Airframe,4963.50,,0,11871.00,INSPECTION,,ICA,,100 HOUR/12 MONTH LIFEPORT MEDPAK SYSTEM INSPECTION,LIFEPORT DOC. EGR-508-13,,,,,,,08/20/2026,4942.20,,,11778.00,,12,100.00,,,,,,,,,,08/31/2027,,5042.20,,,,,,,,26,,10,,78.70,,,,,,,,No,10+ Days,,12/07/2026,,,,,,,,,,,
N407CN,IHC Health Services,10/02/2026,4963.50,0,25 OPS21.13.1,Airframe,4963.50,,0,11871.00,INSPECTION,,ICA,,100 HOUR EMS EQUIPMENT INSPECTION,REF. CLASSIC OPS MANUAL SECTION 21.13.1,,,,,,INSPECTION LOCATION HAS BEEN UPDATED. SEE ATTACHMENTS.,08/20/2026,4942.20,,,11778.00,0,0,100.00,0,0.00,0.00,0,0,,0,0.00,0.00,,,5042.20,,,,,,,,,,,,78.70,,,,,,,,No,10+ Days,,12/07/2026,,,,,,,,,,,
N407RU,IHC Health Services,09/23/2026,2043.40,0,12 TBL 2,Airframe,2043.40,,0,3639.00,INSPECTION,,RII,,(RII) 150 HOUR TAIL ROTOR DRIVE SHAFT SPLINE ADAPTER LUBRICATION,DMC-407-A-12-00-00-00A-040A-A Table 2,,,,,,"RII - TAIL ROTOR DRIVE SHAFT SPLINE ADAPTER LUBE (2 ADAPTERS) INSURE THAT WASHER STACK UP IS CORRECT, GAPS IN DISC PACKS ARE IN ALLOWABLE LIMITS AND TORQUE STRIPE IS ON ALL NUTS AFTER TORQUE IS COMPLETED.",08/09/2026,1988.50,,,3553.00,0,0,150.00,0,0.00,0.00,0,0,15.00,0,0.00,0.00,,,2138.50,,,,,,,,,,,,95.10,,,,,,,,No,10+ Days,,12/07/2026,,,,,,,,,,RII,
N407RU,IHC Health Services,09/23/2026,2043.40,0,72 72/150,Engine 1,1404.00,2271.00,,,INSPECTION,,INSPECT,CAE-854039,150 HOUR/12 MONTH ENGINE INSPECTION,RR-M250-C47E/4-O&M Ch. 72-00-00-200-801 Table 6.,,,,,,"RR-M250-C47E/4-O&M Ch. 72-00-00-200-801 Table 6. BEFORE YOU UNDERTAKE A INSPECTION OR MAINTENANCE ACTION, CONSULT THE REFERENCED PARAGRAPHS OF THE OPERATION AND MAINTENANCE MANUAL. FAILURE TO DO SO COULD RESULT IN EQUIPMENT DAMAGE OR DESTRUCTION AND POSSIBLY RESULT IN PERSONNEL DEATH OR INJURY . Note: Compliance to the 150 hour and 300 hour items in this table must be performed at least every 12 calendar months or by hours, whichever occurs first. This inspection checklist can only be used if the operator uses an approved third generation (hts) oil",08/09/2026,1349.10,,2186.00,,,12,150.00,,,,,,,,,,08/09/2027,,1499.10,,,,,,,,4,,10,,95.10,,,,,,,,No,10+ Days,,12/07/2026,,,,,,,,,,,
N39KM,IHC Health Services,10/03/2026,3577.00,0,25 AIR COMM AIR COND100HR,Airframe,3577.00,,0,8191.00,INSPECTION,,ICA,,100 HR AIR COMM AIR CONDITIONER INSPECTION,407-EC-200M-2 REV. 14,,,,,,"REF: 407EC-200M-2 *** USE CHAPTER 3  ITEM 1-""INSPECTION REQUIREMENTS"" AND CHAPTER 3 ITEM 3- ""INSPECTION PROCEDURES"" TO COMPLETE INSPECTIONS***",10/01/2026,3573.00,,,8183.00,0,0,100.00,0,0.00,0.00,0,0,,0,0.00,0.00,,,3673.00,,,,,,,,,,,,96.00,,,,,,,,No,10+ Days,,12/08/2026,,,,,,,,,,,
N407MZ,IHC Health Services,10/05/2026,2805.50,0,25 AFS IBF 300HR/12M,Airframe,2805.50,,0,7326.00,INSPECTION,,ICA,IBF,(RII) 300 HOUR/12 MONTH DONALDSON IBF FILTER CLEANING AND INSPECTION,AFS-BH407-IBF-KIT-ICA,,,,,,REF. AFS-BH407-IBF-KIT-ICA,09/09/2026,2746.10,,,7173.00,,12,300.00,,,,,,,,,,09/09/2027,,3046.10,,,,,,,,4,,11,,240.60,,,,,,,,No,10+ Days,,12/08/2026,,,,,,,,,,,
N407JM,IHC Health Services,10/04/2026,5829.10,0,00,Airframe,5829.10,,0,16558.00,INSPECTION,,,,FAA QUARTERLY AIRWORTHINESS DIRECTIVE AUDIT REF. CLASSIC REQUIREMENT,SEE NOTES,,,,,,SEE TASK CARD FOR INSTRUCTIONS ON HOW TO COMPLETE THIS TASK.,09/09/2026,5803.90,,,16488.00,0,3,,0,0.00,0.00,0,10,,0,0.00,0.00,12/09/2026,,,,,,,,,,4,,2,,,,,,,,,,No,10+ Days,,12/09/2026,,,,,,,,,,,
N469JX,IHC Health Services,09/30/2026,3681.00,0,25 HELIFAB 3 12M,Airframe,3681.00,,0,9318.00,INSPECTION,,ICA,,12  MONTH HELIFAB FLOOR PROTECTORS INSPECTION,HELIFAB HF-CA-7-3,,,,,,REF. HF-CA-7-3,12/09/2025,3250.80,,,8688.00,0,12,,0,0.00,0.00,0,0,,0,0.00,0.00,12/09/2026,,,,,,,,,,4,,2,,,,,,,,,,No,10+ Days,,12/09/2026,,,,,,,,,,,
N407LF,IHC Health Services,10/05/2026,5349.30,17156,12 TBL 2,Airframe,5349.30,,17156,13084.00,INSPECTION,,RII,,(RII) 150 HOUR TAIL ROTOR DRIVE SHAFT SPLINE ADAPTER LUBRICATION,DMC-407-A-12-00-00-00A-040A-A Table 2,,,,,2.00,"RII - TAIL ROTOR DRIVE SHAFT SPLINE ADAPTER LUBE (2 ADAPTERS) INSURE THAT WASHER STACK UP IS CORRECT, GAPS IN DISC PACKS ARE IN ALLOWABLE LIMITS AND TORQUE STRIPE IS ON ALL NUTS AFTER TORQUE IS COMPLETED.",07/14/2026,5264.70,,,12918.00,,,150.00,,,,,,15.00,,,,,,5414.70,,,,,,,,,,,,65.40,,,,,,,,No,10+ Days,,12/09/2026,,,,,,,,,,RII,
N39KM,IHC Health Services,10/03/2026,3577.00,0,12 TBL 2,Airframe,3577.00,,0,8191.00,INSPECTION,,RII,,(RII) 150 HOUR TAIL ROTOR DRIVE SHAFT SPLINE ADAPTER LUBRICATION,DMC-407-A-12-00-00-00A-040A-A Table 2,,,,,,"RII - TAIL ROTOR DRIVE SHAFT SPLINE ADAPTER LUBE (2 ADAPTERS) INSURE THAT WASHER STACK UP IS CORRECT, GAPS IN DISC PACKS ARE IN ALLOWABLE LIMITS AND TORQUE STRIPE IS ON ALL NUTS AFTER TORQUE IS COMPLETED.",08/30/2026,3525.10,,,8065.00,,,150.00,,,,,,15.00,,,,,,3675.10,,,,,,,,,,,,98.10,,,,,,,,No,10+ Days,,12/09/2026,,,,,,,,,,RII,
N407LF,IHC Health Services,10/05/2026,5349.30,17156,72 72/150,Engine 1,2738.40,4125.00,,,INSPECTION,,INSPECT,,150 HOUR/ 12 MONTH ENGINE INSPECTION,RR-C47B-O&M 72-00-00-200-801 TABLE 6.,,,,,,"**USE TABLE 6 ONLY DUE TO SERVICE WITH MOBIL 254 OIL (3RD GENERATION OIL)** CAUTION: BEFORE YOU UNDERTAKE A INSPECTION OR MAINTENANCE ACTION, CONSULT THE REFERENCED PARAGRAPHS OF THE OPERATION AND MAINTENANCE MANUAL. FAILURE TO DO SO COULD RESULT IN EQUIPMENT DAMAGE OR DESTRUCTION AND POSSIBLY RESULT IN PERSONNEL DEATH OR INJURY. NOTE: Compliance to the 150 hour and 300 hour items in this table must be performed at least every 12 calendar months or by hours, whichever occurs first. This inspection checklist can only be used if the operator uses an approved third generation (hts) oil.",07/14/2026,2653.80,,4003.00,,,12,150.00,,,,,,,,,,07/14/2027,,2803.80,,,,,,,,9,,9,,65.40,,,,,,,,No,10+ Days,,12/09/2026,,,,,,,,,,,
N39KM,IHC Health Services,10/03/2026,3577.00,0,72 72/150,Engine 1,9773.60,22785.00,,,INSPECTION,,INSPECT,,150 HOUR/12 MONTH ENGINE INSPECTION,RR-C47B-O&M 72-00-00-200-801 TABLE 6.,,,,,8.00,"**USE TABLE 6 ONLY DUE TO SERVICE WITH MOBIL 254 OIL (3RD GENERATION OIL)** CAUTION: BEFORE YOU UNDERTAKE A INSPECTION OR MAINTENANCE ACTION, CONSULT THE REFERENCED PARAGRAPHS OF THE OPERATION AND MAINTENANCE MANUAL. FAILURE TO DO SO COULD RESULT IN EQUIPMENT DAMAGE OR DESTRUCTION AND POSSIBLY RESULT IN PERSONNEL DEATH OR INJURY. NOTE: Compliance to the 150 hour and 300 hour items in this table must be performed at least every 12 calendar months or by hours, whichever occurs first. This inspection checklist can only be used if the operator uses an approved third generation (hts) oil.",08/30/2026,9721.70,,22660.00,,,12,150.00,,,,,,,,,,08/30/2027,,9871.70,,,,,,,,25,,10,,98.10,,,,,,,,No,10+ Days,,12/09/2026,,,,,,,,,,,
N469JX,IHC Health Services,09/30/2026,3681.00,0,05 DOOR PIN CLASSIC RECOMMEND,Airframe,3681.00,,0,9318.00,INSPECTION,,,,300 HOUR / 12 MONTH JETTISONABLE DOOR PIN INSPECTION - CLASSIC RECOMMENDATION,DMC-407-A-52-10-00-02A-280A-A,,,,,,REF: DMC-407-A-52-10-00-05A-280A-A,09/03/2026,3612.00,,,9213.00,0,12,300.00,0,0.00,0.00,0,0,,0,0.00,0.00,09/03/2027,,3912.00,,,,,,,,29,,10,,231.00,,,,,,,,No,10+ Days,,12/10/2026,,,,,,,,,,,
N469JX,IHC Health Services,09/30/2026,3681.00,0,25 AA FLT/FLOAT STEP 300H/12MO,Airframe,3681.00,,0,9318.00,INSPECTION,,ICA,,300 HOUR/12 MONTH AERONAUTICAL ACCESSORIES FLIGHTSTEP/FLOATSTEP INSPECTION,Aeronautical Accessories ICA AA-01162,,,,,,ref: Aeronautical Accessories ICA AA-01162,09/03/2026,3612.00,,,9213.00,,12,300.00,,,,,,,,,,09/30/2027,,3912.00,,,,,,,,25,,11,,231.00,,,,,,,,No,10+ Days,,12/10/2026,,,,,,,,,,,
N469JX,IHC Health Services,09/30/2026,3681.00,0,25 AA SKID TUBE 300HR/12M,Airframe,3681.00,,0,9318.00,INSPECTION,,ICA,,300 HOUR/ 12 MONTH AERONAUTICAL ACCESSORIES SKID TUBE INSPECTION,AERONAUTICAL ACCESSORIES AA-01141 REV. E.,,,,,,INSPECTION. REF AA-01141,09/03/2026,3612.00,,,9213.00,0,12,300.00,0,0.00,0.00,0,0,,0,0.00,0.00,09/03/2027,,3912.00,,,,,,,,29,,10,,231.00,,,,,,,,No,10+ Days,,12/10/2026,,,,,,,,,,,
N469JX,IHC Health Services,09/30/2026,3681.00,0,25 AFS IBF 300HR/12M,Airframe,3681.00,,0,9318.00,INSPECTION,,ICA,IBF,(RII) 300 HOUR/12 MONTH DONALDSON IBF FILTER CLEANING AND INSPECTION,AFS-BH407-IBF-KIT-ICA,,,,,,"Ref. Donaldson Filtration Solutions ICA AFS-BH407-IBF-KIT-ICA, Table 1 and paragraph 7.3.",09/03/2026,3612.00,,,9213.00,,12,300.00,,,,,,,,,,09/30/2027,,3912.00,,,,,,,,25,,11,,231.00,,,,,,,,No,10+ Days,,12/10/2026,,,,,,,,,,RII,
N469JX,IHC Health Services,09/30/2026,3681.00,0,25 AFS IVF 300HR/12M,Airframe,3681.00,,0,9318.00,INSPECTION,,ICA,IVF,300 HOUR/12 MONTH DONALDSON IVF FILTER CLEANING AND INSPECTION,AFS-BH407-IBF-KIT-ICA,,,,,,"Ref. Donaldson Filtration Solutions ICA AFS-BH407-IBF-KIT-ICA, Table 1 and paragraph 7.3.",09/03/2026,3612.00,,,9213.00,,12,300.00,,,,,,,,,,09/30/2027,,3912.00,,,,,,,,25,,11,,231.00,,,,,,,,No,10+ Days,,12/10/2026,,,,,,,,,,,
N469JX,IHC Health Services,09/30/2026,3681.00,0,25 DART BEARPAW,Airframe,3681.00,,0,9318.00,INSPECTION,,ICA,,300 HOUR/12 MONTH DART BEAR PAW INSPECTION,DART ICA-D206-559,,,,,,Ref. DART ICA-D206-559.,09/03/2026,3612.00,,,9213.00,,12,300.00,,,,,36,30.00,,,,09/30/2027,,3912.00,,,,,,,,25,,11,,231.00,,,,,,,,No,10+ Days,,12/10/2026,,,,,,,,,,,
N469JX,IHC Health Services,09/30/2026,3681.00,0,25 DART MAINT STEP,Airframe,3681.00,,0,9318.00,INSPECTION,,ICA,,300 HOUR DART LH CREW STEP,MMS-D206-628,,,,,,REF: MMS-D206-628,09/03/2026,3612.00,,,9213.00,0,0,300.00,0,0.00,0.00,0,0,,0,0.00,0.00,,,3912.00,,,,,,,,,,,,231.00,,,,,,,,No,10+ Days,,12/10/2026,,,,,,,,,,,
N469JX,IHC Health Services,09/30/2026,3681.00,0,25 PARAVION SNOW DEFL 300HR/12M,Airframe,3681.00,,0,9318.00,INSPECTION,,ICA,,300 HOUR/12 MONTH PARAVION SNOW DEFLECTOR AND DZUS HARDWARE INSPECTION,Paravion PR-206/407SD-120M REV. 4,,,,,,Ref. Paravion PR-206/407SD-120M,09/03/2026,3612.00,,,9213.00,,12,300.00,,,,,,,,,,09/30/2027,,3912.00,,,,,,,,25,,11,,231.00,,,,,,,,No,10+ Days,,12/10/2026,,,,,,,,,,,
N307KH,IHC Health Services,10/03/2026,23110.00,0,407-24-136,Airframe,23110.00,,0,81023.00,ASB,,,,ASB 407-24-136 STANDARD AND HIGH LANDING GEAR FORWARD CROSSTUBES,,,,,,,"C/W ASB 407-24-136 STANDARD AND HIGH LANDING GEAR FORWARD CROSSTUBES, No defects found",09/26/2026,23099.00,,,80995.00,,0,,0,0.00,95.00,0,0,,0,0.00,0.00,,,,,,,,,81090.00,,,,,,,,,,,,67.00,,No,10+ Days,,12/11/2026,,,,,,,,,,,
N407LP,IHC Health Services,10/01/2026,4415.70,0,12 TBL 2,Airframe,4415.70,,0,11404.00,INSPECTION,,RII,,(RII) 150 HOUR TAIL ROTOR DRIVE SHAFT SPLINE ADAPTER LUBRICATION,DMC-407-A-12-00-00-00A-040A-A Table 2,,,,,,"RII - TAIL ROTOR DRIVE SHAFT SPLINE ADAPTER LUBE (2 ADAPTERS) INSURE THAT WASHER STACK UP IS CORRECT, GAPS IN DISC PACKS ARE IN ALLOWABLE LIMITS AND TORQUE STRIPE IS ON ALL NUTS AFTER TORQUE IS COMPLETED.",08/19/2026,4366.80,,,11247.00,,,150.00,,,,,,15.00,,,,,,4516.80,,,,,,,,,,,,101.10,,,,,,,,No,10+ Days,,12/11/2026,,,,,,,,,,RII,
N407CZ,IHC Health Services,10/04/2026,2432.60,0,63 11-10,Airframe,2432.60,,0,5400.00,PART,Overhaul,RII,,(RII) MAIN ROTOR MAST ASSEMBLY - OVERHAUL,"BHT-407-MPI, Ch. 5,  Component Overhaul Schedule",407-040-011-111,VL00214884,,,,"Ref. DMC-407-A-05-10-00-02A-281A-A.
Perform 2500 Hour Overhaul per BHT-407-CR&O, Ch. 63.",10/29/2021,0.00,,,,,,2500.00,,,,,,250.00,,,,,,2500.00,,,,,,,,,,,,67.40,,,,,,,,No,10+ Days,,12/11/2026,,,,,0.00,,,,,RII; Monthly Planning,
N407CZ,IHC Health Services,10/04/2026,2432.60,0,63 25-01,Airframe,2432.60,,0,5400.00,PART,Overhaul,RII,,(RII) INPUT DRIVESHAFT - OVERHAUL,,407-340-310-101,KC1954,,,,,10/29/2021,0.00,,,,,,2500.00,,,,,,,,,,,,2500.00,,,,,,,,,,,,67.40,,,,,,,,No,10+ Days,,12/11/2026,,,,,0.00,,,,,RII; Monthly Planning,
N407CZ,IHC Health Services,10/04/2026,2432.60,0,64 10-00,Airframe,2432.60,,0,5400.00,PART,Overhaul,RII,,(RII) TAIL ROTOR HUB ASSEMBLY - OVERHAUL,"BHT-407-MPI, Ch. 5,  Component Overhaul Schedule",407-012-101-113,HB1529,,,,"Ref. DMC-407-A-05-10-00-02A-281A-A.
Perform 2500 Hour Overhaul per BHT-407-CR&O, Ch. 64.",10/29/2021,0.00,,,,,,2500.00,,,,,,,,,,,,2500.00,,,,,,,,,,,,67.40,,,,,,,,No,10+ Days,,12/11/2026,,,,,0.00,,,,,RII; Monthly Planning,
N407CZ,IHC Health Services,10/04/2026,2432.60,0,67 30-01,Airframe,2432.60,,0,5400.00,PART,Overhaul,RII,,(RII) SWASHPLATE AND SUPPORT ASSEMBLY - OVERHAUL,"BHT-407-MPI, Ch. 5,  Component Overhaul Schedule",406-010-401-117,TI1444,,,,"Ref. DMC-407-A-05-10-00-02A-281A-A.
Perform 2500 Hour Overhaul per BHT-407-CR&O, Ch. 67",10/29/2021,0.00,,,,,,2500.00,,,,,,250.00,,,,,,2500.00,,,,,,,,,,,,67.40,,,,,,,,No,10+ Days,,12/11/2026,,,,,0.00,,,,,RII; Monthly Planning,
N407FC,IHC Health Services,10/05/2026,14985.10,0,25 GARMIN GTX345 12M,Airframe,14985.10,,0,33090.00,INSPECTION,,ICA,,12 MONTH GARMIN GTX345 TRANSPONDER  INSPECTION,GARMIN DOC. 190-00734-21 REV. 4,,,,,,REF.  GARMIN DOC. 190-00734-21 REV. 4,12/12/2025,14547.90,,,32162.00,0,12,,0,0.00,0.00,0,0,,0,0.00,0.00,12/12/2026,,,,,,,,,,7,,2,,,,,,,,,,No,10+ Days,,12/12/2026,,,,,,,,,,,
N407FC,IHC Health Services,10/05/2026,14985.10,0,25 HELIFAB 206 1200HR/12M,Airframe,14985.10,,0,33090.00,INSPECTION,,ICA,,1200 HOUR/ 12 MONTH HELIFAB STORAGE BIN INSPECTION,HELIFAB HF-206-ICA-2500-0002,,,,,,REF. HELIFAB ICA HF-206-ICA-2500-0002,12/12/2025,14547.90,,,32162.00,0,12,1200.00,0,0.00,0.00,0,0,,0,0.00,0.00,12/12/2026,,15747.90,,,,,,,,7,,2,,762.80,,,,,,,,No,10+ Days,,12/12/2026,,,,,,,,,,,
N407FC,IHC Health Services,10/05/2026,14985.10,0,34 GARMIN GDU 106012m,Airframe,14985.10,,0,33090.00,INSPECTION,,ICA,,GDU 1060 COOLING FAN OPERATING HOURS CHECK,GARMIN G500H TXI MM 190-02401-01 TABLE 3-1 REV 3,,,,,,"CHECK COOLING FAN OPERATING HOURS PER GARMIN G500H TXI PART 27 AML STC MM 190-02401-01 TABLE 3-1 REV 3 - 
DOCUMENT HOURS - FAN IS HAS A RECOMMENDED REPLACE EVERY 3000 FAN OPERATING HOURS current hours as of 12/12/25. 3641. ACTT. 14547.9.",12/12/2025,14547.90,,,32162.00,0,12,,0,0.00,0.00,0,0,,0,0.00,0.00,12/12/2026,,,,,,,,,,7,,2,,,,,,,,,,No,10+ Days,,12/12/2026,,,,,,,,,,,
N466GH,IHC Health Services,10/04/2026,3267.50,0,12 30-16,Airframe,3267.50,,0,7636.00,INSPECTION,,RII,,(RII) 150 HOUR TAIL ROTOR DRIVE SHAFT SPLINE ADAPTER LUBRICATION,DMC-407-A-12-00-00-00A-040A-A Table 2,,,,,,"RII - TAIL ROTOR DRIVE SHAFT SPLINE ADAPTER LUBE (2 ADAPTERS) INSURE THAT WASHER STACK UP IS CORRECT, GAPS IN DISC PACKS ARE IN ALLOWABLE LIMITS AND TORQUE STRIPE IS ON ALL NUTS AFTER TORQUE IS COMPLETED.",09/30/2026,3255.60,,,7621.00,,,150.00,,,,,,15.00,,,,,,3405.60,,,,,,,,,,,,138.10,,,,,,,,No,10+ Days,,12/13/2026,,,,,,,,,,RII,
N466GH,IHC Health Services,10/04/2026,3267.50,0,72 72/150,Engine 1,2722.50,4522.00,,,INSPECTION,,INSPECT,,150 HOUR/12 MONTH ENGINE INSPECTION,RR-C47B-O&M 72-00-00-200-801 TABLE 6.,,,,,,"**USE TABLE 6 ONLY DUE TO SERVICE WITH MOBIL 254 OIL (3RD GENERATION OIL)** CAUTION: BEFORE YOU UNDERTAKE A INSPECTION OR MAINTENANCE ACTION, CONSULT THE REFERENCED PARAGRAPHS OF THE OPERATION AND MAINTENANCE MANUAL. FAILURE TO DO SO COULD RESULT IN EQUIPMENT DAMAGE OR DESTRUCTION AND POSSIBLY RESULT IN PERSONNEL DEATH OR INJURY. NOTE: Compliance to the 150 hour and 300 hour items in this table must be performed at least every 12 calendar months or by hours, whichever occurs first. This inspection checklist can only be used if the operator uses an approved third generation (hts) oil.",09/30/2026,2710.60,,4504.00,,,12,150.00,,,,,,,,,,09/30/2027,,2860.60,,,,,,,,25,,11,,138.10,,,,,,,,No,10+ Days,,12/13/2026,,,,,,,,,,,
N407BY,IHC Health Services,10/04/2026,1229.40,0,72 72/150,Engine 1,1220.00,2175.00,,,INSPECTION,,INSPECT,CAE-847339,150 HOUR/12 MONTH ENGINE INSPECTION,RR-M250-C47E/4-O&M Ch. 72-00-00-200-801 Table 6.,,,,,,"BEFORE YOU UNDERTAKE A INSPECTION OR MAINTENANCE ACTION, CONSULT THE REFERENCED PARAGRAPHS OF THE OPERATION AND MAINTENANCE MANUAL. FAILURE TO DO SO COULD RESULT IN EQUIPMENT DAMAGE OR DESTRUCTION AND POSSIBLY RESULT IN PERSONNEL DEATH OR INJURY . Note: Compliance to the 150 hour and 300 hour items in this table must be performed at least every 12 calendar months or by hours, whichever occurs first. This inspection checklist can only be used if the operator uses an approved third generation (hts) oil",06/02/2026,1139.10,,2050.00,,,12,150.00,,,,,,,,,,06/30/2027,,1289.10,,,,,,,,25,,8,,69.10,,,,,,,,No,10+ Days,,12/13/2026,,,,,,,,,,,
N39KM,IHC Health Services,10/03/2026,3577.00,0,05 300HR- PERIODIC INSPECTION,Airframe,3577.00,,0,8191.00,INSPECTION,,INSPECT,,300 HOUR /12 MONTH PERIODIC AIRFRAME INSPECTION,DMC-407-A-05-40-00-06A-281A-A,,,,,20.00,"1. Do this inspection every 12 calendar months or every 300 hours of operation. 2. Do all six events of the airframe progressive inspection. Ref. DMC-407-A-05-40-00-06A-281A-A, Complete all 6 Progressive Inspection Events: DMC-407-A-05-40-00-00A-281A-A, DMC-407-A-05-40-00-01A-281A-A,DMC-407-A-05-40-00-02A-281A-A, DMC-407-A-05-40-00-03A-281A-A, DMC-407-A-05-40-00-04A-281A-A, DMC-407-A-05-40-00-05A-281A-A.",06/19/2026,3380.70,,,7737.00,,12,300.00,,,,,36,30.00,,,,06/30/2027,,3680.70,,,,,,,,25,,8,,103.70,,,,,,,,No,10+ Days,,12/13/2026,,,,,,,,,,,
N39KM,IHC Health Services,10/03/2026,3577.00,0,12 HYD TBL 2,Airframe,3577.00,,0,8191.00,INSPECTION,,RII,,(RII) 300 HOUR/12 MONTH HYDRAULIC PUMP DRIVE SPLINE LUBRICATION,DMC-407-A-12-00-00-00A-040A-A Table 2,,,,,1.00,"Ref. DMC-407-A-12-00-00-00A-040A-A, Table 2.",06/19/2026,3380.70,,,7737.00,,12,300.00,,,,0,36,30.00,,,,06/30/2027,,3680.70,,,,,,,,25,,8,,103.70,,,,,,,,No,10+ Days,,12/13/2026,,,,,,,,,,RII,
N39KM,IHC Health Services,10/03/2026,3577.00,0,12 HYD TBL 3,Airframe,3577.00,,0,8191.00,INSPECTION,,RII,,(RII) 300 HOUR/12 MONTH HYDRAULIC FILTER CLEANING AND INSPECTION,DMC-407-A-12-00-00-00A-040A-A Table 3,,,,,1.00,"Ref. DMC-407-A-12-00-00-00A-040A-A, Table 3.",06/19/2026,3380.70,,,7737.00,,12,300.00,,,,0,36,30.00,,,,06/30/2027,,3680.70,,,,,,,,25,,8,,103.70,,,,,,,,No,10+ Days,,12/13/2026,,,,,,,,,,RII,
N39KM,IHC Health Services,10/03/2026,3577.00,0,12 HYD TBL 3,Airframe,3577.00,,0,8191.00,INSPECTION,,,,300 HOUR/12 MONTH HYDRAULIC FLUID CHANGE,DMC-407-A-12-00-00-00A-040A-A Table 3,,,,,0.50,"Ref. DMC-407-A-12-00-00-00A-040A-A, Table 3.",06/19/2026,3380.70,,,7737.00,,12,300.00,,,,0,36,30.00,,,,06/30/2027,,3680.70,,,,,,,,25,,8,,103.70,,,,,,,,No,10+ Days,,12/13/2026,,,,,,,,,,,
N39KM,IHC Health Services,10/03/2026,3577.00,0,12 TBL 1,Airframe,3577.00,,0,8191.00,INSPECTION,,RII,,(RII) 300 HOUR AIRFRAME FUEL FILTER INSPECTION AND CHANGE,DMC-407-A-12-00-00-00A-040A-A,,,,,,**Additional Fuel System Operational Check Required per Ref. DMC-407-A-28-00-00-00A-320A-A after completion.**,06/19/2026,3380.70,,,7737.00,,,300.00,,,,,,30.00,,,,,,3680.70,,,,,,,,,,,,103.70,,,,,,,,No,10+ Days,,12/13/2026,,,,,,,,,,RII; Monthly Planning,
N39KM,IHC Health Services,10/03/2026,3577.00,0,12 TBL 2,Airframe,3577.00,,0,8191.00,INSPECTION,,,,300 HOUR TAIL ROTOR DRIVE SHAFT & OIL COOLER BEARING LUBRICATION,DMC-407-A-12-00-00-00A-040A-A Table 2,,,,,,REF. BHT-407-MM CH. 12 SERVICING TABLE 2 DMC-407-A-12-00-00-00A-040A-A,06/19/2026,3380.70,,,7737.00,,,300.00,,,,,,30.00,,,,,,3680.70,,,,,,,,,,,,103.70,,,,,,,,No,10+ Days,,12/13/2026,,,,,,,,,,,
N39KM,IHC Health Services,10/03/2026,3577.00,0,12 TBL 3,Airframe,3577.00,,0,8191.00,INSPECTION,,,,300 HOUR/12 MONTH MAIN ROTOR TRANSMISSION OIL & FILTER CHANGE,DMC-407-A-12-00-00-00A-040A-A Table 3,,,,,1.00,"Ref. DMC-407-A-12-00-00-00A-040A-A, Table 3.",06/19/2026,3380.70,,,7737.00,,12,300.00,,,,0,36,30.00,,,,06/30/2027,,3680.70,,,,,,,,25,,8,,103.70,,,,,,,,No,10+ Days,,12/13/2026,,,,,,,,,,,
N39KM,IHC Health Services,10/03/2026,3577.00,0,12 TBL 3,Airframe,3577.00,,0,8191.00,INSPECTION,,,,300 HOUR/12 MONTH TAIL ROTOR GEARBOX OIL CHANGE,DMC-407-A-12-00-00-00A-040A-A Table 3,,,,,0.20,"Ref. DMC-407-A-12-00-00-00A-040A-A, Table 3.",06/19/2026,3380.70,,,7737.00,,12,300.00,,,,0,36,30.00,,,,06/30/2027,,3680.70,,,,,,,,25,,8,,103.70,,,,,,,,No,10+ Days,,12/13/2026,,,,,,,,,,,
N39KM,IHC Health Services,10/03/2026,3577.00,0,25 AFS IBF 300HR/12M,Airframe,3577.00,,0,8191.00,INSPECTION,,ICA,IBFILTER,(RII) 300 HOUR/12 MONTH DONALDSON IBF FILTER CLEANING AND INSPECTION,AFS-BH407-IBF-KIT-ICA REV. G,106201-103,2762,,,,,06/19/2026,3380.70,,,7737.00,,12,300.00,,,,,,,,,,06/30/2027,,3680.70,,,,,,,,25,,8,,103.70,,,,,,,,No,10+ Days,,12/13/2026,,,,,,,,,,RII,
N39KM,IHC Health Services,10/03/2026,3577.00,0,25 PARAVION BLEED AIR HEATER,Airframe,3577.00,,0,8191.00,INSPECTION,,ICA,,300 HOUR/ 12 MONTH PARAVION BLEED AIR HEATER INSPECTION,PARAVION PR-407H-120M REV. 4,,,,,,,06/19/2026,3380.70,,,7737.00,,12,300.00,,,,,,,,,,06/19/2027,,3680.70,,,,,,,,14,,8,,103.70,,,,,,,,No,10+ Days,,12/13/2026,,,,,,,,,,,
N39KM,IHC Health Services,10/03/2026,3577.00,0,72 72/300,Engine 1,9773.60,22785.00,,,INSPECTION,,INSPECT,,300 HOUR/12 MONTH ENGINE INSPECTION,RR M250-C47B OMM 72-00-00-200-801 TABLE 6,,,,,8.00,"**USE TABLE 6 ONLY DUE TO SERVICE WITH MOBIL 254 OIL (3RD GENERATION OIL)** In addition to the 150 hour inspection items, perform the following: **SEE SUB ITEMS**",06/12/2026,9577.30,,22314.00,,,12,300.00,,,,,,,,,,06/12/2027,,9877.30,,,,,,,,7,,8,,103.70,,,,,,,,No,10+ Days,,12/13/2026,,,,,,,,,,,
N407RU,IHC Health Services,09/23/2026,2043.40,0,72 300HR SCAVENGE FILTER,Engine 1,1404.00,2271.00,,,MAINTENANCE,,RII,,(RII) 300 HOUR ENGINE SCAVENGE OIL FILTER CHANGE (OPERATOR'S REQUEST),RR-M250-C47E/4 O&M Chapter 79-10-00,,,,,,**DO NOT CHANGE OIL AT THIS TIME IF NOT DUE**,04/02/2026,1208.20,,1975.00,,0,0,300.00,0,0.00,0.00,0,0,,0,0.00,0.00,,,1508.20,,,,,,,,,,,,104.20,,,,,,,,No,10+ Days,,12/13/2026,,,,,,,,,,,
N407RU,IHC Health Services,09/23/2026,2043.40,0,72 INSP 300HR/12M,Engine 1,1404.00,2271.00,,,INSPECTION,,INSPECT,CAE-854039,300 HOUR/12 MONTH ENGINE INSPECTION,RR-M250-C47E/4-O&M Ch. 72-00-00-200-801 Table 6,,,,,,"**USE TABLE 6 ONLY DUE TO SERVICE WITH MOBIL 254 OIL (3RD GENERATION OIL)** In addition to the 150 hour inspection items, perform the following: **SEE SUB ITEMS**",04/02/2026,1208.20,,1975.00,,,12,300.00,,,,,,,,,,04/02/2027,,1508.20,,,,,,,,28,,5,,104.20,,,,,,,,No,10+ Days,,12/13/2026,,,,,,,,,,,
N407ZM,IHC Health Services,10/04/2026,5575.00,1722,00,Airframe,5575.00,,1722,13725.00,INSPECTION,,,,FAA QUARTERLY AIRWORTHINESS DIRECTIVE AUDIT REF. CLASSIC REQUIREMENT,SEE NOTES,,,,,,SEE TASK CARD FOR INSTRUCTIONS ON HOW TO COMPLETE THIS TASK.,09/14/2026,5550.80,,,13672.00,0,3,,0,0.00,0.00,0,10,,0,0.00,0.00,12/14/2026,,,,,,,,,,9,,2,,,,,,,,,,No,10+ Days,,12/14/2026,,,,,,,,,,,
N407TK,IHC Health Services,10/04/2026,5381.40,0,25 HELIFAB EQUIPMNET RACK 12M/1200HR,Airframe,5381.40,,0,15301.00,INSPECTION,,ICA,,12 MONTH / 1200 HOUR HELIFAB EQUIPMENT RACK INSPECTION,HELIFAB DOC. HF-CA-7-16,,,,,,,12/14/2025,5105.90,,,14639.00,0,12,1200.00,0,0.00,0.00,0,0,,0,0.00,0.00,12/14/2026,,6305.90,,,,,,,,9,,2,,924.50,,,,,,,,No,10+ Days,,12/14/2026,,,,,,,,,,,
N407MZ,IHC Health Services,10/05/2026,2805.50,0,63 22-11,Airframe,2805.50,,0,7326.00,INSPECTION,Overhaul,INSPECT,Disc,(RII) ROTOR BRAKE DISC - INSPECTION,NORTHWEST DYNAMICS B0244-OM,407-340-318-101,2845,,,,Performed Rotor brake inspection IRT DMC-407-A-63-22-03-00A-280A-A,08/05/2025,1867.40,,,5013.00,,,1200.00,,,,,,,,,,,,3067.40,,,,,,,,,,,,261.90,,,,,,,,No,10+ Days,,12/14/2026,,,,,,,,,,RII; Monthly Planning,
N407FC,IHC Health Services,10/05/2026,14985.10,0,72 72/150,Engine 1,13985.20,27327.00,,,INSPECTION,,INSPECT,,150 HOUR/12 MONTH ENGINE INSPECTION,RR-C47B-O&M 72-00-00-200-801 TABLE 6.,,,,,,"**USE TABLE 6 ONLY DUE TO SERVICE WITH MOBIL 254 OIL (3RD GENERATION OIL)** CAUTION: BEFORE YOU UNDERTAKE A INSPECTION OR MAINTENANCE ACTION, CONSULT THE REFERENCED PARAGRAPHS OF THE OPERATION AND MAINTENANCE MANUAL. FAILURE TO DO SO COULD RESULT IN EQUIPMENT DAMAGE OR DESTRUCTION AND POSSIBLY RESULT IN PERSONNEL DEATH OR INJURY. NOTE: Compliance to the 150 hour and 300 hour items in this table must be performed at least every 12 calendar months or by hours, whichever occurs first. This inspection checklist can only be used if the operator uses an approved third generation (hts) oil.",09/29/2026,13976.40,,27312.00,,,12,150.00,,,,,,,,,,09/30/2027,,14126.40,,,,,,,,25,,11,,141.20,,,,,,,,No,10+ Days,,12/14/2026,,,,,,,,,,,
N407JM,IHC Health Services,10/04/2026,5829.10,0,25 REBTECH  200HR/12M,Airframe,5829.10,,0,16558.00,INSPECTION,,ICA,,200 HOUR/12 MONTH REBTECH NIGHT VISION INSPECTION,Rebtech ICA Document 98020407-ICA REV. H,,,,,2.00,REF. 98020407-ICA REV G. SEPT 7 2021!,08/01/2026,5752.70,,,16259.00,,12,200.00,,,,,,,,,,08/31/2027,,5952.70,,,,,,,,26,,10,,123.60,,,,,,,,No,10+ Days,,12/14/2026,,,,,,,,,,,
N407SL,IHC Health Services,10/04/2026,2240.90,0,25 AA HIGH VIS DOORS 12M,Airframe,2240.90,,0,5434.00,INSPECTION,,ICA,,12 MONTH HIGH VISIBILITY CREW DOORS INSPECTION,Aeronautical Accessories AA-01072,,,,,,Ref. Aeronautical Accessories AA-01072,12/15/2025,1885.60,,,4624.00,0,12,,0,0.00,0.00,0,0,,0,0.00,0.00,12/15/2026,,,,,,,,,,10,,2,,,,,,,,,,No,10+ Days,,12/15/2026,,,,,,,,,,,
N469JX,IHC Health Services,09/30/2026,3681.00,0,AD 2026-14-07 AMD 39-23408,Airframe,3681.00,,0,9318.00,AD,,,,[RECURRING] THIS AD WAS PROMPTED BY A REPORT OF A FRACTURED PILOT CYCLIC STICK TUBE AND SUBSEQUENT FINDINGS OF OTHER PILOT CYCLIC STICK TUBES WITH FATIGUE CRACKING. THE FAA IS ISSUING THIS AD TO DETECT AND CORRECT A CRACK IN THE PILOT CYCLIC STICK ...,,,,,,,"INITIAL DUE DATE AND TIME WILL BE DUE IN 100 HOURS OR NOVEMBER 19,2026 (90 DAYS AFTER AUGUST 21, 2026) - THEN RECURRING EVERY 300 HOURS OR 6 MONTHS THEREAFTER",09/10/2026,3631.60,,,9237.00,,6,300.00,,,,,,,,,,03/10/2027,,3931.60,,,,,,,,5,,5,,250.60,,,,,,,,No,10+ Days,,12/15/2026,,,,,,,,,,,
N407JM,IHC Health Services,10/04/2026,5829.10,0,25 AA FUEL CAP 12M,Airframe,5829.10,,0,16558.00,INSPECTION,,ICA,,12 MONTH AERONAUTICAL ACCESSORIES LOCKING FUEL CAP INSPECTION,Aeronautical Accessories ICA AA-14070,,,,,0.20,Ref. Aeronautical Accessories ICA AA-14070.,12/16/2025,5573.90,,,15642.00,,12,,,,,,,,,,,12/16/2026,,,,,,,,,,11,,2,,,,,,,,,,No,10+ Days,,12/16/2026,,,,,,,,,,,
N407JM,IHC Health Services,10/04/2026,5829.10,0,25 AA PRE-FLT STEP/HANDLE 12M,Airframe,5829.10,,0,16558.00,INSPECTION,,ICA,,12 MONTH AERONAUTICAL ACCESSORIES PRE-FLIGHT STEP/HANDLE INSPECTION,Aeronautical Accessories ICA AA-00123,,,,,0.30,Ref. Aeronautical Accessories ICA AA-00123.,12/16/2025,5573.90,,,15642.00,0,12,,0,0.00,0.00,0,0,,0,0.00,0.00,12/16/2026,,,,,,,,,,11,,2,,,,,,,,,,No,10+ Days,,12/16/2026,,,,,,,,,,,
N407FM,IHC Health Services,10/04/2026,2702.50,0,05 DOOR PIN CLASSIC RECOMMEND,Airframe,2702.50,,0,6837.00,INSPECTION,,,,300 HOUR / 12 MONTH JETTISONABLE DOOR PIN INSPECTION - CLASSIC RECOMMENDATION,DMC-407-A-52-10-00-05A-280A-A,,,,,,REF:DMC-407-A-52-10-00-05A-280A-A,05/22/2026,2546.10,,,6423.00,0,12,300.00,0,0.00,0.00,0,0,,0,0.00,0.00,05/31/2027,,2846.10,,,,,,,,26,,7,,143.60,,,,,,,,No,10+ Days,,12/16/2026,,,,,,,,,,,
N407FM,IHC Health Services,10/04/2026,2702.50,0,25 AA FLT/FLOAT STEP 300HR/12M,Airframe,2702.50,,0,6837.00,INSPECTION,,ICA,,300 HOUR/12 MONTH AERONAUTICAL ACCESSORIES FLIGHTSTEP/FLOATSTEP INSPECTION,Aeronautical Accessories ICA AA-01162,,,,,,ref: Aeronautical Accessories ICA AA-01162,05/22/2026,2546.10,,,6423.00,,12,300.00,,,,,,,,,,05/22/2027,,2846.10,,,,,,,,17,,7,,143.60,,,,,,,,No,10+ Days,,12/16/2026,,,,,,,,,,,
N407FM,IHC Health Services,10/04/2026,2702.50,0,25 DART BEARPAW,Airframe,2702.50,,0,6837.00,INSPECTION,,ICA,,300 HOUR/12 MONTH DART BEAR PAW INSPECTION,Ref. DART ICA-D206-559,,,,,,ACCOMPLISHED 300 HOUR/12 MONTH DART BEAR PAW INSPECTION Ref. DART ICA-D206-559,05/22/2026,2546.10,,,6423.00,,12,300.00,,,,,,,,,,05/22/2027,,2846.10,,,,,,,,17,,7,,143.60,,,,,,,,No,10+ Days,,12/16/2026,,,,,,,,,,,
N407FM,IHC Health Services,10/04/2026,2702.50,0,25 PARAVION SNOW DEFL 300HR/12M,Airframe,2702.50,,0,6837.00,INSPECTION,,ICA,,300 HOUR/12 MONTH PARAVION SNOW DEFLECTOR AND DZUS HARDWARE INSPECTION,Ref. Paravion PR-206/407SD-120M,,,,,,ACCOMPLISHED 300 HOUR/12 MONTH PARAVION SNOW DEFLECTOR AND DZUS HARDWARE INSPECTION Ref. Paravion PR-206/407SD-120M,05/22/2026,2546.10,,,6423.00,,12,300.00,,,,,,,,,,05/22/2027,,2846.10,,,,,,,,17,,7,,143.60,,,,,,,,No,10+ Days,,12/16/2026,,,,,,,,,,,
N407ZM,IHC Health Services,10/04/2026,5575.00,1722,05 300HR- PERIODIC INSPECTION,Airframe,5575.00,,1722,13725.00,INSPECTION,,INSPECT,,300 HOUR /12 MONTH PERIODIC AIRFRAME INSPECTION,DMC-407-A-05-40-00-06A-281A-A,,,,,65.00,"1. Do this inspection every 12 calendar months or every 300 hours of operation. 2. Do all six events of the airframe progressive inspection. Ref. DMC-407-A-05-40-00-06A-281A-A, Complete all 6 Progressive Inspection Events: DMC-407-A-05-40-00-00A-281A-A, DMC-407-A-05-40-00-01A-281A-A,DMC-407-A-05-40-00-02A-281A-A, DMC-407-A-05-40-00-03A-281A-A, DMC-407-A-05-40-00-04A-281A-A, DMC-407-A-05-40-00-05A-281A-A.",08/05/2026,5476.60,,,13512.00,,12,300.00,,,,,36,30.00,,,,08/31/2027,,5776.60,,,,,,,,26,,10,,201.60,,,,,,,,No,10+ Days,,12/16/2026,,,,,,,,,,,
N407ZM,IHC Health Services,10/04/2026,5575.00,1722,12 HYD TBL 2,Airframe,5575.00,,1722,13725.00,INSPECTION,,RII,,(RII) 300 HOUR/12 MONTH HYDRAULIC PUMP DRIVE SPLINE LUBRICATION,DMC-407-A-12-00-00-00A-040A-A Table 2,,,,,1.00,"Ref. DMC-407-A-12-00-00-00A-040A-A, Table 2.",08/05/2026,5476.60,,,13512.00,,12,300.00,,,,0,36,30.00,,,,08/31/2027,,5776.60,,,,,,,,26,,10,,201.60,,,,,,,,No,10+ Days,,12/16/2026,,,,,,,,,,RII,
N407ZM,IHC Health Services,10/04/2026,5575.00,1722,12 HYD TBL 3,Airframe,5575.00,,1722,13725.00,INSPECTION,,RII,,(RII) 300 HOUR/12 MONTH HYDRAULIC FILTER CLEANING AND INSPECTION,DMC-407-A-12-00-00-00A-040A-A Table 3,,,,,1.00,"Ref. DMC-407-A-12-00-00-00A-040A-A, Table 3.",08/05/2026,5476.60,,,13512.00,,12,300.00,,,,0,36,30.00,,,,08/31/2027,,5776.60,,,,,,,,26,,10,,201.60,,,,,,,,No,10+ Days,,12/16/2026,,,,,,,,,,RII,
N407ZM,IHC Health Services,10/04/2026,5575.00,1722,12 HYD TBL 3,Airframe,5575.00,,1722,13725.00,INSPECTION,,,,300 HOUR/12 MONTH HYDRAULIC FLUID CHANGE,DMC-407-A-12-00-00-00A-040A-A Table 3,,,,,0.50,"Ref. DMC-407-A-12-00-00-00A-040A-A, Table 3.",08/05/2026,5476.60,,,13512.00,,12,300.00,,,,0,36,30.00,,,,08/31/2027,,5776.60,,,,,,,,26,,10,,201.60,,,,,,,,No,10+ Days,,12/16/2026,,,,,,,,,,,
N407ZM,IHC Health Services,10/04/2026,5575.00,1722,12 TBL 1,Airframe,5575.00,,1722,13725.00,INSPECTION,,RII,,(RII) 300 HOUR AIRFRAME FUEL FILTER INSPECTION AND CHANGE,DMC-407-A-12-00-00-00A-040A-A,,,,,2.00,**Additional Fuel System Operational Check Required per Ref. DMC-407-A-28-00-00-00A-320A-A after completion.**,08/05/2026,5476.60,,,13512.00,,,300.00,,,,,,30.00,,,,,,5776.60,,,,,,,,,,,,201.60,,,,,,,,No,10+ Days,,12/16/2026,,,,,,,,,,RII,
N407ZM,IHC Health Services,10/04/2026,5575.00,1722,12 TBL 2,Airframe,5575.00,,1722,13725.00,INSPECTION,,,,300 HOUR TAIL ROTOR DRIVE SHAFT & OIL COOLER BEARING LUBRICATION,DMC-407-A-12-00-00-00A-040A-A Table 2,,,,,1.00,"Ref. DMC-407-A-12-00-00-00A-040A-A, Table 2.",08/05/2026,5476.60,,,13512.00,,,300.00,,,,,,30.00,,,,,,5776.60,,,,,,,,,,,,201.60,,,,,,,,No,10+ Days,,12/16/2026,,,,,,,,,,,
N407ZM,IHC Health Services,10/04/2026,5575.00,1722,12 TBL 3,Airframe,5575.00,,1722,13725.00,INSPECTION,,,,300 HOUR/12 MONTH MAIN ROTOR TRANSMISSION OIL & FILTER CHANGE,DMC-407-A-12-00-00-00A-040A-A Table 3,,,,,1.50,"Ref. DMC-407-A-12-00-00-00A-040A-A, Table 3.",08/05/2026,5476.60,,,13512.00,,12,300.00,,,,0,36,30.00,,,,08/31/2027,,5776.60,,,,,,,,26,,10,,201.60,,,,,,,,No,10+ Days,,12/16/2026,,,,,,,,,,,
N407ZM,IHC Health Services,10/04/2026,5575.00,1722,12 TBL 3,Airframe,5575.00,,1722,13725.00,INSPECTION,,,,300 HOUR/12 MONTH TAIL ROTOR GEARBOX OIL CHANGE,DMC-407-A-12-00-00-00A-040A-A Table 3,,,,,0.75,"Ref. DMC-407-A-12-00-00-00A-040A-A, Table 3.",08/05/2026,5476.60,,,13512.00,,12,300.00,,,,0,36,30.00,,,,08/31/2027,,5776.60,,,,,,,,26,,10,,201.60,,,,,,,,No,10+ Days,,12/16/2026,,,,,,,,,,,
N407ZM,IHC Health Services,10/04/2026,5575.00,1722,53 04-300,Airframe,5575.00,,1722,13725.00,INSPECTION,,AIRWORTHINESS,,300 HOUR TAILBOOM ASSEMBLY AIRWORTHINESS LIMITATIONS INSPECTION,DMC-407-A-04-00-00-00A-288A-A TABLE 2,,,,,1.00,"Ref. BHT-407-MPI, CH. 4 AIRWORTHINESS LIMITATIONS, DMC-407-A-04-00-00-00A-288A-A, Table 2 and Figure 5.",08/05/2026,5476.60,,,13512.00,,,300.00,,,,,,,,,,,,5776.60,,,,,,,,,,,,201.60,,,,,,,,No,10+ Days,,12/16/2026,,,,,,,,,,,
N407ZM,IHC Health Services,10/04/2026,5575.00,1722,72 72/300,Engine 1,4226.10,9084.00,,,INSPECTION,,INSPECT,CAE-848843,300 HOUR/12 MONTH ENGINE INSPECTION,RR M250-C47B OMM 72-00-00-200-801 TABLE 6,,,,,,"**USE TABLE 6 ONLY DUE TO SERVICE WITH MOBIL 254 OIL (3RD GENERATION OIL)** In addition to the 150 hour inspection items, perform the following: **SEE SUB ITEMS**",08/05/2026,4127.70,,8896.00,,,12,300.00,,,,,,,,,,08/31/2027,,4427.70,,,,,,,,26,,10,,201.60,,,,,,,,No,10+ Days,,12/16/2026,,,,,,,,,,,
N407ZM,IHC Health Services,10/04/2026,5575.00,1722,AD 2012-18-09 AMD 39-17185,Airframe,5575.00,,1722,13725.00,AD,,,,AD 2012-18-09 ROTORCRAFT TAILBOOM HARDWARE ATTACHMENT,"AD 2012-18-09, Amend. 39-17185",,,,,1.00,,08/05/2026,5476.60,,,13512.00,,,300.00,,,,,,,,,,,,5776.60,,,,,,,,,,,,201.60,,,,,,,,No,10+ Days,,12/16/2026,,,,,,,,,,,
N407ZM,IHC Health Services,10/04/2026,5575.00,1722,AD 2018-10-06 AMD 39-19281,Airframe,5575.00,,1722,13725.00,AD,,,,AD 2018-10-06 300 HOUR TAIL ROTOR DRIVE SHAFT,"AD 2018-10-06, Amend. 39-19281 Para. (e)(1)(3)",,,,,,Completed AD 2018-10-06 by inspecting each TR driveshaft segment assembly for rotational and axial play between the adapter and the TR driveshaft.,08/05/2026,5476.60,,,13512.00,,,300.00,0,0.00,,0,0,30.00,0,0.00,0.00,,,5776.60,,,,,,,,,,,,201.60,,,,,,,,No,10+ Days,,12/16/2026,,,,,,,,,,,
N407JM,IHC Health Services,10/04/2026,5829.10,0,72 72/300,Engine 1,5126.30,8563.00,,,INSPECTION,,INSPECT,848248,300 HOUR/12 MONTH ENGINE INSPECTION,"M250-C47B OMM 72-00-00-200-801, Table 6.",,,,,18.00,"**USE TABLE 6 ONLY DUE TO SERVICE WITH MOBIL 254 OIL (3RD GENERATION OIL)** In addition to the 150 hour inspection items, perform the following: **SEE SUB ITEMS**",02/16/2026,4952.50,,8297.00,,,12,300.00,,,,,,,,,,02/28/2027,,5252.50,,,,,,,,23,,4,,126.20,,,,,,,,No,10+ Days,,12/16/2026,,,,,,,,,,,
N407FC,IHC Health Services,10/05/2026,14985.10,0,25 AFS IBF 300HR/12M,Airframe,14985.10,,0,33090.00,INSPECTION,,ICA,IBF fc,(RII) 300 HOUR/12 MONTH DONALDSON IBF FILTER CLEANING AND INSPECTION,AFS-BH407-IBF-KIT-ICA,106201-103,2064,,,,"Ref. Donaldson Filtration Solutions ICA AFS-BH407-IBF-KIT-ICA, Table 1 and paragraph 7.3.",07/07/2026,14832.60,,,32770.00,,12,300.00,,,,,,,,,,07/07/2027,,15132.60,,,,,,,,2,,9,,147.50,,,,,,,,No,10+ Days,,12/17/2026,,,,,,,,,,RII,
N407FC,IHC Health Services,10/05/2026,14985.10,0,72 INSP 300HR/12M,Engine 1,13985.20,27327.00,,,INSPECTION,,INSPECT,,300 HOUR/12 MONTH ENGINE INSPECTION,RR M250-C47B OMM 72-00-00-200-801 TABLE 6,,,,,,"**USE TABLE 6 ONLY DUE TO SERVICE WITH MOBIL 254 OIL (3RD GENERATION OIL)** In addition to the 150 hour inspection items, perform the following: **SEE SUB ITEMS**",07/07/2026,13832.70,,27038.00,,,12,300.00,,,,,,,,,,07/31/2027,,14132.70,,,,,,,,26,,9,,147.50,,,,,,,,No,10+ Days,,12/17/2026,,,,,,,,,,,
N407FC,IHC Health Services,10/05/2026,14985.10,0,AD 2012-18-09 AMD 39-17185,Airframe,14985.10,,0,33090.00,AD,,,,AD 2012-18-09 ROTORCRAFT TAILBOOM HARDWARE ATTACHMENT,"AD 2012-18-09, Amend. 39-17185 (e)(3)",,,,,,,07/06/2026,14832.60,,,32770.00,,,300.00,,,,,,,,,,,,15132.60,,,,,,,,,,,,147.50,,,,,,,,No,10+ Days,,12/17/2026,,,,,,,,,,,
N407FC,IHC Health Services,10/05/2026,14985.10,0,AD 2018-10-06 AMD 39-19281,Airframe,14985.10,,0,33090.00,AD,,,,AD 2018-10-06 300 HOUR TAIL ROTOR DRIVE SHAFT,"AD 2018-10-06, Amend. 39-19281 Para. (e)(1)(3)",,,,,,,07/06/2026,14832.60,,,32770.00,,,300.00,,,,,,30.00,,,,,,15132.60,,,,,,,,,,,,147.50,,,,,,,,No,10+ Days,,12/17/2026,,,,,,,,,,,
N407TH,IHC Health Services,10/03/2026,8845.50,2,34 GARMIN GDL69A 2000HR/10Y,Airframe,8845.50,,2,20680.00,INSPECTION,,ICA,,2000 HOUR/10 YEAR GARMIN GDL69A WEATHER AUDIO RECEIVER INSPECTION,GARMIN DOC. 190-00355-00 REV. G,,,,,,,10/21/2022,6956.30,,,16751.00,,120,2000.00,,,,,,,,,,10/31/2032,,8956.30,,,,,,,,26,,72,,110.80,,,,,,,,No,10+ Days,,12/18/2026,,,,,,,,,,,
N407TH,IHC Health Services,10/03/2026,8845.50,2,34 GARMIN GTN650 2000HR/10Y,Airframe,8845.50,,2,20680.00,INSPECTION,,ICA,,2000 HOUR /10 YEAR GARMIN GTN 650 ELECTRICAL BONDING CHECK,GARMIN ICA -190-01007-K4 REV. 3.,,,,,,GARMIN ICA -190-01007-K4 REV. 3.,10/21/2022,6956.30,,,16751.00,,120,2000.00,,,,,,,,,,10/21/2032,,8956.30,,,,,,,,16,,72,,110.80,,,,,,,,No,10+ Days,,12/18/2026,,,,,,,,,,,
N407TH,IHC Health Services,10/03/2026,8845.50,2,34 GARMIN GTS800 2000HR/10Y,Airframe,8845.50,,2,20680.00,INSPECTION,,ICA,,2000 HOUR/10 YEAR GTS800 TAS INSPECTION,GARMIN DOC. 190-00993-01 REV. 3,,,,,,GARMIN GA 58 UPPER ANTENNA AND CI 105 LOWER ANTENNA INSTALLED. SEE 337 DATED 05/20/2014 FOR DETAILS.,10/21/2022,6956.30,,,16751.00,,120,2000.00,,,,,,,,,,10/31/2032,,8956.30,,,,,,,,26,,72,,110.80,,,,,,,,No,10+ Days,,12/18/2026,,,,,,,,,,,
N466GH,IHC Health Services,10/04/2026,3267.50,0,72 00-10,Engine 1,2722.50,4522.00,,,PART,Overhaul,RII,CAE-847339,(RII) COMPRESSOR   BLEED VALVE - OVERHAUL,,23073353,FF289030,,,,,11/11/2024,1769.10,,3252.00,,,,1500.00,,,,,,,,,,,,2870.40,,,,,,,,,,,,147.90,,,,,,,,No,10+ Days,,12/18/2026,,0,,,398.70,,,,,RII,
N407JM,IHC Health Services,10/04/2026,5829.10,0,12 TBL 2,Airframe,5829.10,,0,16558.00,INSPECTION,,,,300 HOUR TAIL ROTOR DRIVE SHAFT & OIL COOLER BEARING LUBRICATION,DMC-407-A-12-00-00-00A-040A-A Table 2,,,,,2.00,REF. BHT-407-MM CH. 12 SERVICING TABLE 2 DMC-407-A-12-00-00-00A-040A-A,03/04/2026,5659.50,,,15876.00,,,300.00,,,,,,30.00,,,,,,5959.50,,,,,,,,,,,,130.40,,,,,,,,No,10+ Days,,12/18/2026,,,,,,,,,,,
N407JM,IHC Health Services,10/04/2026,5829.10,0,25 337 EMS STRETCH-LOAD ASSIST,Airframe,5829.10,,0,16558.00,INSPECTION,,ICA,,300 HOUR HSI STRETCHER SUPPORT & LOADING ASSIST INSPECTION.,337 DTD 9/30/2014 HSI13114-0507-00,,,,,,337 DATED 9/30/2014,03/04/2026,5659.50,,,15876.00,,,300.00,,,,,,,,,,,,5959.50,,,,,,,,,,,,130.40,,,,,,,,No,10+ Days,,12/18/2026,,,,,,,,,,,
N407JM,IHC Health Services,10/04/2026,5829.10,0,25 337 SNAP VENT,Airframe,5829.10,,0,16558.00,INSPECTION,,ICA,,300 HOUR SNAP VENT WINDOW INSPECTION,FAA Form 337 Dated 24/SEP/2014,,,,,,Ref. FAA Form 337 Dated 24/SEP/2014.,03/04/2026,5659.50,,,15876.00,,,300.00,,,,,,,,,,,,5959.50,,,,,,,,,,,,130.40,,,,,,,,No,10+ Days,,12/18/2026,,,,,,,,,,,
N407JM,IHC Health Services,10/04/2026,5829.10,0,25 AFS IBF 300HR/12M,Airframe,5829.10,,0,16558.00,INSPECTION,,ICA,IBF - 0573,(RII) 300 HOUR/12 MONTH DONALDSON IBF FILTER CLEANING AND INSPECTION,AFS-BH407-IBF-KIT-ICA,,,,,,"ICA AFS-BH407-IBF-KIT-ICA, TABLE 1",03/04/2026,5659.50,,,15876.00,,12,300.00,,,,,,,,,,03/04/2027,,5959.50,,,,,,,,27,,4,,130.40,,,,,,,,No,10+ Days,,12/18/2026,,,,,,,,,,RII,
N407JM,IHC Health Services,10/04/2026,5829.10,0,25 AFS IVF 300HR/12M,Airframe,5829.10,,0,16558.00,INSPECTION,,ICA,IVF - 0063,300 HOUR/12 MONTH DONALDSON IVF FILTER CLEANING AND INSPECTION,AFS-BH407-IBF-KIT-ICA,,,,,,AFS-BH407-IBF-KIT-ICA.,03/04/2026,5659.50,,,15876.00,,12,300.00,,,,,,,,,,03/04/2027,,5959.50,,,,,,,,27,,4,,130.40,,,,,,,,No,10+ Days,,12/18/2026,,,,,,,,,,,
N407JM,IHC Health Services,10/04/2026,5829.10,0,25 PARAVION GPS RAM MNT-BRKT,Airframe,5829.10,,0,16558.00,INSPECTION,,ICA,,"300 HOUR PARAVION GPS RAM MOUNT & BRACKET INSPECTION. Ref. FAA Form 337 Dated Sept 30, 2014","FAA Form 337 Dated Sept 30, 2014",,,,,,,03/04/2026,5659.50,,,15876.00,,,300.00,,,,,,,,,,,,5959.50,,,,,,,,,,,,130.40,,,,,,,,No,10+ Days,,12/18/2026,,,,,,,,,,,
N407JM,IHC Health Services,10/04/2026,5829.10,0,53 04-300,Airframe,5829.10,,0,16558.00,INSPECTION,,AIRWORTHINESS,53732,300 HOUR TAILBOOM ASSEMBLY AIRWORTHINESS LIMITATIONS INSPECTION,DMC-407-A-04-00-00-00A-288A-A TABLE 2,,,,,2.00,"REF. BHT-407-MPI, CH. 4 AIRWORTHINESS LIMITATIONS TABLE 2 DMC-407-A-04-00-00-00A-288A-A.",03/04/2026,5659.50,,,15876.00,,,300.00,,,,,,,,,,,,5959.50,,,,,,,,,,,,130.40,,,,,,,,No,10+ Days,,12/18/2026,,,,,,,,,,,
N407JM,IHC Health Services,10/04/2026,5829.10,0,AD 2012-18-09 AMD 39-17185,Airframe,5829.10,,0,16558.00,AD,,,,AD 2012-18-09 ROTORCRAFT TAILBOOM HARDWARE ATTACHMENT,"AD 2012-18-09, Amend. 39-17185",,,,,1.50,,03/04/2026,5659.50,,,15876.00,,,300.00,,,,,,,,,,,,5959.50,,,,,,,,,,,,130.40,,,,,,,,No,10+ Days,,12/18/2026,,,,,,,,,,,
N407JM,IHC Health Services,10/04/2026,5829.10,0,AD 2018-10-06 AMD 39-19281,Airframe,5829.10,,0,16558.00,AD,,,,AD 2018-10-06 300 HOUR TAIL ROTOR DRIVE SHAFT,"AD 2018-10-06, Amend. 39-19281 Para. (e)(1)(3)",,,,,1.00,Completed AD 2018-10-06 by inspecting each TR driveshaft segment assembly for rotational and axial play between the adapter and the TR driveshaft.,03/04/2026,5659.50,,,15876.00,,,300.00,,,,,,30.00,,,,,,5959.50,,,,,,,,,,,,130.40,,,,,,,,No,10+ Days,,12/18/2026,,,,,,,,,,,
N407CN,IHC Health Services,10/02/2026,4963.50,0,62 04-10,Airframe,4963.50,,0,11871.00,INSPECTION,Overhaul,AIRWORTHINESS,MR HUB,100 HOUR MAIN ROTOR YOKE ASSEMBLY AIRWORTHINESS LIMITATIONS  INSPECTION,"BHT-407-MPI, Ch. 4 Airworthiness Limitations",,,,,,"REF. BHT-407-MPI, CH. 4 AIRWORTHINESS LIMITATIONS SCHEDULE TABLE 2 DMC-407-A-04-00-00-00A-288A-A",09/25/2026,4956.90,,,11835.00,,,100.00,,,,,,,,,,,,5056.90,,,,,,,,,,,,93.40,,,,,,,,No,10+ Days,,12/18/2026,,,,,,,,,,,
N862YB,IHC Health Services,10/04/2026,2591.10,0,62 00-00,Airframe,2591.10,,0,6688.00,PART,Overhaul,RII,,(RII) MAIN ROTOR HUB ASSEMBLY - OVERHAUL,"BHT-407-MPI, Ch. 5,  Component Overhaul Schedule",407-010-100-123,LK1499,,,,"Ref. DMC-407-A-05-10-00-02A-281A-A.
Perform 2500 Hour Overhaul per BHT-407-CR&O, Ch. 62.",10/11/2023,315.30,,,751.00,,,2500.00,,,,,,250.00,,,,,,2815.30,,,,,,,,,,,,224.20,,,,,,,,No,10+ Days,,12/18/2026,,,,,0.00,,,,,RII; Monthly Planning,
N862YB,IHC Health Services,10/04/2026,2591.10,0,62 00-02,Airframe,2591.10,,0,6688.00,PART,Life Limited,,HSU-4540,MAIN ROTOR UPPER PLATE - RETIRE,,406-010-115-127,AZ3497,,,,,09/19/2023,315.30,,,,,,2500.00,,,,,,,,,,,,2815.30,,,,,,,,,,,,224.20,,,,,,,,No,10+ Days,,12/18/2026,,,,0.00,,,,,,Monthly Planning,
N862YB,IHC Health Services,10/04/2026,2591.10,0,62 00-03,Airframe,2591.10,,0,6688.00,PART,Life Limited,,HSU-4540,MAIN ROTOR LOWER PLATE - RETIRE,,406-010-117-125,AZ3675,,,,,09/19/2023,315.30,,,,,,2500.00,,,,,,,,,,,,2815.30,,,,,,,,,,,,224.20,,,,,,,,No,10+ Days,,12/18/2026,,,,0.00,,,,,,Monthly Planning,
N862YB,IHC Health Services,10/04/2026,2591.10,0,63 11-10,Airframe,2591.10,,0,6688.00,PART,Overhaul,RII,,(RII) MAIN ROTOR MAST ASSEMBLY - OVERHAUL,"BHT-407-MPI, Ch. 5,  Component Overhaul Schedule",407-040-011-111,BP-00293,,,,,12/01/2023,315.30,,,,,,2500.00,,,,,,250.00,,,,,,2815.30,,,,,,,,,,,,224.20,,,,,,,,No,10+ Days,,12/18/2026,,,,315.30,0.00,,,,,RII; Monthly Planning,
N862YB,IHC Health Services,10/04/2026,2591.10,0,63 25-01,Airframe,2591.10,,0,6688.00,PART,Overhaul,RII,,(RII) INPUT DRIVESHAFT - OVERHAUL,,407-340-310-101,KC1936,,,,,10/12/2023,315.30,,,,,,2500.00,,,,,,,250,,,,,2815.30,,,,,,,,,,,,224.20,,,,,,,,No,10+ Days,,12/18/2026,,,,0.00,0.00,,,,,RII; Monthly Planning,
N862YB,IHC Health Services,10/04/2026,2591.10,0,67 13-20,Airframe,2591.10,,0,6688.00,PART,None,INSPECT,,(RII) MAIN ROTOR PITCH LINK ASSEMBLY (BLUE),BHT-407-MM Ch.5-24A,406-010-413-137,TI1534,,,,"For new and in-service pitch link assemblies, the first 2500-hour inspection occurs at 5000 hours of component operating time, and subsequent inspections occur every 2500 hours. BHT-407-MM Ch.5-24A",10/12/2023,315.30,,,,,,2500.00,,,,,,,,,,,,2815.30,,,,,,,,,,,,224.20,,,,,,,,No,10+ Days,,12/18/2026,,,,7423.90,,,,,,RII,
N862YB,IHC Health Services,10/04/2026,2591.10,0,67 13-25,Airframe,2591.10,,0,6688.00,PART,None,INSPECT,,(RII) MAIN ROTOR PITCH LINK ASSEMBLY (GREEEN),BHT-407-MM Ch.5-24A,406-010-413-137,TI4887,,,,"For new and in-service pitch link assemblies, the first 2500-hour inspection occurs at 5000 hours of component operating time, and subsequent inspections occur every 2500 hours. BHT-407-MM Ch.5-24A",10/12/2023,315.30,,,,,,2500.00,,,,,,,,,,,,2815.30,,,,,,,,,,,,224.20,,,,,,,,No,10+ Days,,12/18/2026,,,,3049.10,,,,,,RII,
N862YB,IHC Health Services,10/04/2026,2591.10,0,67 13-30,Airframe,2591.10,,0,6688.00,PART,None,INSPECT,,(RII) MAIN ROTOR PITCH LINK ASSEMBLY (ORANGE),BHT-407-MM Ch.5-24A,406-010-413-137,TI4895,,,,"For new and in-service pitch link assemblies, the first 2500-hour inspection occurs at 5000 hours of component operating time, and subsequent inspections occur every 2500 hours. BHT-407-MM Ch.5-24A",10/12/2023,315.30,,,,,,2500.00,,,,,,,,,,,,2815.30,,,,,,,,,,,,224.20,,,,,,,,No,10+ Days,,12/18/2026,,,,2463.70,,,,,,RII,
N862YB,IHC Health Services,10/04/2026,2591.10,0,67 13-35,Airframe,2591.10,,0,6688.00,PART,None,INSPECT,,(RII) MAIN ROTOR PITCH LINK ASSEMBLY (RED),BHT-407-MM Ch.5-24A,406-010-413-137,TI1563,,,,"For new and in-service pitch link assemblies, the first 2500-hour inspection occurs at 5000 hours of component operating time, and subsequent inspections occur every 2500 hours. BHT-407-MM Ch.5-24A",10/12/2023,315.30,,,,,,2500.00,,,,,,,,,,,,2815.30,,,,,,,,,,,,224.20,,,,,,,,No,10+ Days,,12/18/2026,,,,7995.00,,,,,,RII,
N862YB,IHC Health Services,10/04/2026,2591.10,0,67 30-01,Airframe,2591.10,,0,6688.00,PART,Overhaul,RII,,(RII) SWASHPLATE AND SUPPORT ASSEMBLY - OVERHAUL,"BHT-407-MPI, Ch. 5,  Component Overhaul Schedule",406-010-401-117,TI299,,,,"Ref. DMC-407-A-05-10-00-02A-281A-A.
Perform 2500 Hour Overhaul per BHT-407-CR&O, Ch. 67",09/18/2023,315.30,,,,,,2500.00,,,,,,250.00,,,,,,2815.30,,,,,,,,,,,,224.20,,,,,,,,No,10+ Days,,12/18/2026,,,,4881.40,0.00,,,,,RII; Monthly Planning,
N407FM,IHC Health Services,10/04/2026,2702.50,0,ASB 407-26-146,Airframe,2702.50,,0,6837.00,ASB,,,,"ALERT SERVICE BULLETIN - GARMIN G1000H NXI SOFTWARE 006-B1237-24, INTRODUCTION OF",,,,,,,,05/08/2026,2524.00,,,6376.00,,12,330.00,,,,,,,,,,05/31/2027,,2854.00,,,,,,,,26,,7,,151.50,,,,,,,,No,10+ Days,,12/19/2026,,,,,,,,,,,
N407FC,IHC Health Services,10/05/2026,14985.10,0,25 REBTECH  200HR/12M,Airframe,14985.10,,0,33090.00,INSPECTION,,ICA,,200 HOUR/12 MONTH REBTECH NIGHT VISION INSPECTION,Rebtech ICA Document 98020407-ICA REV. H,,,,,,,09/04/2026,14936.80,,,32993.00,0,12,200.00,0,0.00,0.00,0,0,,0,0.00,0.00,09/04/2027,,15136.80,,,,,,,,30,,10,,151.70,,,,,,,,No,10+ Days,,12/20/2026,,,,,,,,,,,
N466GH,IHC Health Services,10/04/2026,3267.50,0,AD 2018-10-06 AMD 39-19281,Airframe,3267.50,,0,7636.00,AD,,,,AD 2018-10-06 300 HOUR TAIL ROTOR DRIVE SHAFT,"AD 2018-10-06, Amend. 39-19281 Para. (e)(1)(3)",,,,,,Completed AD 2018-10-06 by inspecting each TR driveshaft segment assembly for rotational and axial play between the adapter and the TR driveshaft.,06/23/2026,3120.30,,,7432.00,,,300.00,,,,,,30.00,,,,,,3420.30,,,,,,,,,,,,152.80,,,,,,,,No,10+ Days,,12/20/2026,,,,,,,,,,,
N407TH,IHC Health Services,10/03/2026,8845.50,2,25 TANIS 1,Airframe,8845.50,,2,20680.00,INSPECTION,,ICA,,12 MONTH TANIS PRE-HEAT KIT INSPECTION,TANIS TCA1000 REV. D,,,,,,,12/22/2025,8415.50,,,19736.00,0,12,,0,0.00,0.00,0,0,,0,0.00,0.00,12/22/2026,,,,,,,,,,17,,2,,,,,,,,,,No,10+ Days,,12/22/2026,,,,,,,,,,,
N407CZ,IHC Health Services,10/04/2026,2432.60,0,25 AA TB RADAR ALT MNT KIT,Airframe,2432.60,,0,5400.00,INSPECTION,,ICA,,100 HOUR TAILBOOM RADAR ALTIMETER MOUNT KIT INSPECTION,Aeronautical Accessories ICA AA-TBA-16-008,,,,,,"Aeronautical Accessories ICA AA-TBA-16-008 REV. B

COMPLIED WITH 100 HOUR TAILBOOM RADAR ALTIMETER MOUNT KIT INSPECTION, REF. Aeronautical Accessories ICA AA-TBA-16-008 REV B",08/29/2026,2410.60,,,5346.00,,,100.00,,,,,,,,,,,,2510.60,,,,,,,,,,,,78.00,,,,,,,,No,10+ Days,,12/22/2026,,,,,,,,,,,
N407CZ,IHC Health Services,10/04/2026,2432.60,0,25 AFS IBF 100HR,Airframe,2432.60,,0,5400.00,INSPECTION,,ICA,,100 HOUR DONALDSON IBF VISUAL INSPECTION,AFS-BH407-IBF-KIT-ICA,,,,,,Complied with 100 HR. IBF VISUAL INSPECTION REF. AFS-BH407-IBF-KIT-ICA.,08/29/2026,2410.60,,,5346.00,,,100.00,,,,,,,,,,,,2510.60,,,,,,,,,,,,78.00,,,,,,,,No,10+ Days,,12/22/2026,,,,,,,,,,,
N407CZ,IHC Health Services,10/04/2026,2432.60,0,25 AFS IVF 100HR,Airframe,2432.60,,0,5400.00,INSPECTION,,ICA,,100 HOUR DONALDSON IVF INSPECTION,AFS-BH407-IBF-KIT-ICA,,,,,,"100 HOUR IVF INSPECTION Ref. Donaldson Filtration Solutions ICA AFS-BH407-IBF-KIT-ICA, Table 1.",08/29/2026,2410.60,,,5346.00,,,100.00,,,,,,,,,,,,2510.60,,,,,,,,,,,,78.00,,,,,,,,No,10+ Days,,12/22/2026,,,,,,,,,,,
N407CZ,IHC Health Services,10/04/2026,2432.60,0,25 HELIFAB 16 100HR,Airframe,2432.60,,0,5400.00,INSPECTION,,ICA,,100 HOUR HELIFAB ARTICULATING MEDICAL LITTER INSPECTION,HELIFAB HF-CA-7-16,,,,,,"COMPLIED WITH 100 HOUR HELIFAB ARTICULATING MEDICAL LITTER INSPECTION, REF. HELIFAB HF-CA-7-16.",08/29/2026,2410.60,,,5346.00,0,0,100.00,0,0.00,0.00,0,0,,0,0.00,0.00,,,2510.60,,,,,,,,,,,,78.00,,,,,,,,No,10+ Days,,12/22/2026,,,,,,,,,,,
N407CZ,IHC Health Services,10/04/2026,2432.60,0,25 HELIFAB 20 100HR/12M,Airframe,2432.60,,0,5400.00,INSPECTION,,ICA,,100 HOUR / 12 MONTH HELIFAB PATIENT OXYGEN SLED SYSTEM INSPECTION,HELIFAB HF-CA-7-20,,,,,,"COMPLIED WITH 100 HOUR / 12 MONTH HELIFAB PATIENT OXYGEN SLED SYSTEM INSPECTION, REF. HELIFAB HF-CA-7-20.",08/29/2026,2410.60,,,5346.00,0,12,100.00,0,0.00,0.00,0,0,,0,0.00,0.00,08/29/2027,,2510.60,,,,,,,,24,,10,,78.00,,,,,,,,No,10+ Days,,12/22/2026,,,,,,,,,,,
N407CZ,IHC Health Services,10/04/2026,2432.60,0,25 HELIFAB 206 100HR,Airframe,2432.60,,0,5400.00,INSPECTION,,ICA,,100 HOUR HELIFAB STORAGE BIN INSPECTION,HF-206-ICA-2500-0002,,,,,,"Ref. HF-206-ICA-2500-0002

COMPLIED WITH 100 HOUR HELIFAB STORAGE BIN INSPECTION, REF. HF-206-ICA-2500-0002.",08/29/2026,2410.60,,,5346.00,0,0,100.00,0,0.00,0.00,0,0,,0,0.00,0.00,,,2510.60,,,,,,,,,,,,78.00,,,,,,,,No,10+ Days,,12/22/2026,,,,,,,,,,,
N407CZ,IHC Health Services,10/04/2026,2432.60,0,25 HELIFAB BTL MNT 100HR,Airframe,2432.60,,0,5400.00,INSPECTION,,ICA,,100 HOUR HELIFAB PORTABLE OXYGEN BOTTLE MOUNT INSPECTION,HF-206-ICA-OXYGEN BOTTLE MOUNT-1,,,,,,,08/29/2026,2410.60,,,5346.00,0,0,100.00,0,0.00,0.00,0,0,,0,0.00,0.00,,,2510.60,,,,,,,,,,,,78.00,,,,,,,,No,10+ Days,,12/22/2026,,,,,,,,,,,
N407CZ,IHC Health Services,10/04/2026,2432.60,0,62 04-10,Airframe,2432.60,,0,5400.00,INSPECTION,Overhaul,AIRWORTHINESS,MR HUB,100 HOUR MAIN ROTOR YOKE ASSEMBLY AIRWORTHINESS LIMITATIONS  INSPECTION,"BHT-407-MPI, Ch. 4 Airworthiness Limitations",,,,,,"REF. HT-407-MPI, CH. 4 AIRWORTHINESS LIMITATIONS SCHEDULE TABLE 2 DMC-407-A-04-00-00-00A-288A-AB

COMPLIED WITH 100 HOUR MAIN ROTOR YOKE ASSEMBLY AIRWORTHINESS LIMITATIONS  INSPECTION, REF. BHT-407-MPI, CH. 4 AIRWORTHINESS LIMITATIONS SCHEDULE TABLE 2 DMC-407-A-04-00-00-00A-288A-AB.",08/29/2026,2410.60,,,5346.00,,,100.00,,,,,,,,,,,,2510.60,,,,,,,,,,,,78.00,,,,,,,,No,10+ Days,,12/22/2026,,,,,,,,,,,
N407TH,IHC Health Services,10/03/2026,8845.50,2,25 AIR COMM ENGINE BLEED,Airframe,8845.50,,2,20680.00,INSPECTION,,ICA,,12 MONTH AIR COMM ENGINE BLEED AIR SYSTEM INSPECTION,Air Comm ICA 407H-500M-1,,,,,,,12/23/2025,8415.50,,,19736.00,0,12,,0,0.00,0.00,0,0,,0,0.00,0.00,12/23/2026,,,,,,,,,,18,,2,,,,,,,,,,No,10+ Days,,12/23/2026,,,,,,,,,,,
N407LP,IHC Health Services,10/01/2026,4415.70,0,00,Airframe,4415.70,,0,11404.00,INSPECTION,,,,FAA QUARTERLY AIRWORTHINESS DIRECTIVE AUDIT REF. CLASSIC REQUIREMENT,SEE NOTES,,,,,,SEE TASK CARD FOR INSTRUCTIONS ON HOW TO COMPLETE THIS TASK.,09/24/2026,4411.40,,,11394.00,0,3,,0,0.00,0.00,0,10,,0,0.00,0.00,12/24/2026,,,,,,,,,,19,,2,,,,,,,,,,No,10+ Days,,12/24/2026,,,,,,,,,,,
N307KH,IHC Health Services,10/03/2026,23110.00,0,53 04-150,Airframe,23110.00,,0,81023.00,INSPECTION,,AIRWORTHINESS,,150 HOUR TAILBOOM ASSEMBLY INSPECTION,DMC-407-A-04-00-00-00A-288A-A note 9,,,,,,(After 6900 accumulated Hours) Ref. Airworthiness Limitation Schedule DMC-407-A-04-00-00-00A-288A-A note 9,07/16/2026,23040.30,,,80868.00,0,0,150.00,0,0.00,0.00,0,0,,0,0.00,0.00,,,23190.30,,,,,,,,,,,,80.30,,,,,,,,No,10+ Days,,12/24/2026,,,,,,,,,,,
N407ZM,IHC Health Services,10/04/2026,5575.00,1722,67 13-20,Airframe,5575.00,,1722,13725.00,PART,None,INSPECT,,(RII) MAIN ROTOR PITCH LINK ASSEMBLY (BLUE),DMC-407-A-67-13-04-00A-281A-A,406-010-413-131,A-9805,,,,"ONE TIME - USED THE INTERVAL ADJUSTMENT MINUS 1648.1 DUE TO TIME CONTINUED PC LINKS INSTALLED SN A-9805 CB 9/1/2026
For new and in-service pitch link assemblies, the first 2500-hour inspection occurs at 5000 hours of component operating time, and subsequent inspections occur every 2500 hours. BHT-407-MM Ch.5-24A",04/17/2025,4948.90,,,12266.00,,,2500.00,,,,,,,,,,,,5800.80,,,,,,,,,,,,225.80,,,,,,,,No,10+ Days,,12/24/2026,,,,6638.70,1648.10,1648.10,,,,RII,
N407ZM,IHC Health Services,10/04/2026,5575.00,1722,67 13-25,Airframe,5575.00,,1722,13725.00,PART,None,INSPECT,,(RII) MAIN ROTOR PITCH LINK ASSEMBLY (GREEEN),DMC-407-A-67-13-04-00A-281A-A,406-010-413-131,A-9816,,,,"ONE TIME - USED THE INTERVAL ADJUSTMENT MINUS 1648.1 DUE TO TIME CONTINUED PC LINKS INSTALLED SN A-9816 CB 9/1/2026
For new and in-service pitch link assemblies, the first 2500-hour inspection occurs at 5000 hours of component operating time, and subsequent inspections occur every 2500 hours. BHT-407-MM Ch.5-24A",04/17/2025,4948.90,,,12266.00,,,2500.00,,,,,,,,,,,,5800.80,,,,,,,,,,,,225.80,,,,,,,,No,10+ Days,,12/24/2026,,,,6638.70,1648.10,,,,,RII,
N407ZM,IHC Health Services,10/04/2026,5575.00,1722,67 13-30,Airframe,5575.00,,1722,13725.00,PART,None,INSPECT,,(RII) MAIN ROTOR PITCH LINK ASSEMBLY (ORANGE),DMC-407-A-67-13-04-00A-281A-A,406-010-413-131,A-9853,,,,"ONE TIME - USED THE INTERVAL ADJUSTMENT MINUS 1648.1 DUE TO TIME CONTINUED PC LINKS INSTALLED SN A-9853 CB 9/1/2026
For new and in-service pitch link assemblies, the first 2500-hour inspection occurs at 5000 hours of component operating time, and subsequent inspections occur every 2500 hours. BHT-407-MM Ch.5-24A",04/17/2025,4948.90,,,12266.00,,,2500.00,,,,,,,,,,,,5800.80,,,,,,,,,,,,225.80,,,,,,,,No,10+ Days,,12/24/2026,,,,6638.70,1648.10,,,,,RII,
N407ZM,IHC Health Services,10/04/2026,5575.00,1722,67 13-35,Airframe,5575.00,,1722,13725.00,PART,None,INSPECT,,(RII) MAIN ROTOR PITCH LINK ASSEMBLY  (RED),DMC-407-A-67-13-04-00A-281A-A,406-010-413-131,A-9817,,,,"ONE TIME - USED THE INTERVAL ADJUSTMENT MINUS 1648.1 DUE TO TIME CONTINUED PC LINKS INSTALLED SN A-9817 CB 9/1/2026
For new and in-service pitch link assemblies, the first 2500-hour inspection occurs at 5000 hours of component operating time, and subsequent inspections occur every 2500 hours. BHT-407-MM Ch.5-24A",04/17/2025,4948.90,,,12266.00,,,2500.00,,,,,,,,,,,,5800.80,,,,,,,,,,,,225.80,,,,,,,,No,10+ Days,,12/24/2026,,,,6638.70,1648.10,,,,,RII,
N862YB,IHC Health Services,10/04/2026,2591.10,0,AD 2026-14-07 AMD 39-23408,Airframe,2591.10,,0,6688.00,AD,,,,[RECURRING] THIS AD WAS PROMPTED BY A REPORT OF A FRACTURED PILOT CYCLIC STICK TUBE AND SUBSEQUENT FINDINGS OF OTHER PILOT CYCLIC STICK TUBES WITH FATIGUE CRACKING. THE FAA IS ISSUING THIS AD TO DETECT AND CORRECT A CRACK IN THE PILOT CYCLIC STICK ...,,,,,,,"INITIAL DUE DATE AND TME WILL BE DUE IN 100 HOURS OR NOVEMBER 19,2026 (90 DAYS AFTER AUGUST 21, 2026) - THEN AT ACTT 3600 HRS  AND RECURRING EVERY 300 HOURS OR 6 MONTHS THEREAFTER",08/25/2026,2533.50,,,6527.00,,6,300.00,,,,,,,,,,02/25/2027,,2833.50,,,,,,,,20,,4,,242.40,,,,,,,,No,10+ Days,,12/25/2026,,,,,,,,,,,
N7160V,IHC Health Services,10/04/2026,10771.90,0,25 AFS IBF 300HR/12M,Airframe,10771.90,,0,27183.00,INSPECTION,,ICA,0895,(RII) 300 HOUR/12 MONTH DONALDSON IBF FILTER CLEANING AND INSPECTION,AFS-BH407-IBF-KIT-ICA,,,,,0.20,"Ref. Donaldson Filtration Solutions ICA AFS-BH407-IBF-KIT-ICA, Table 1 and paragraph 7.3.",04/16/2026,10593.90,,,26746.00,,12,300.00,,,,,,,,,,04/30/2027,,10893.90,,,,,,,,25,,6,,122.00,,,,,,,,No,10+ Days,,12/25/2026,,,,,,,,,,RII,
N407SL,IHC Health Services,10/04/2026,2240.90,0,25 AA TB RADAR ALT MNT KIT,Airframe,2240.90,,0,5434.00,INSPECTION,,ICA,,100 HOUR TAILBOOM RADAR ALTIMETER MOUNT KIT INSPECTION,Aeronautical Accessories ICA AA-TBA-16-008,,,,,,Complied with 100 HOUR AERONAUTICAL ACCESSORIES RADAR ALTIMETER MOUNT KIT INSPECTION. Ref. Aeronautical Accessories ICA AA-TBA-16-008.,08/28/2026,2222.40,,,5395.00,,,100.00,,,,,,,,,,,,2322.40,,,,,,,,,,,,81.50,,,,,,,,No,10+ Days,,12/25/2026,,,,,,,,,,,
N407SL,IHC Health Services,10/04/2026,2240.90,0,25 AFS IBF 100HR,Airframe,2240.90,,0,5434.00,INSPECTION,,ICA,,100 HOUR DONALDSON IBF VISUAL INSPECTION,AFS-BH407-IBF-KIT-ICA,,,,,,"COMPLIED WITH 100 HOUR DONALDSON IBF VISUAL INSPECTION, REF. Donaldson Filtration Solutions ICA AFS-BH407-IBF-KIT-ICA, Table 1.",09/03/2026,2222.40,,,5395.00,,,100.00,,,,,,,,,,,,2322.40,,,,,,,,,,,,81.50,,,,,,,,No,10+ Days,,12/25/2026,,,,,,,,,,,
N407SL,IHC Health Services,10/04/2026,2240.90,0,25 AFS IVF 100HR,Airframe,2240.90,,0,5434.00,INSPECTION,,ICA,,100 HOUR DONALDSON IVF INSPECTION,AFS-BH407-IBF-KIT-ICA,,,,,,"COMPLIED WITH 100 HOUR DONALDSON IVF VISUAL INSPECTION, REF. Donaldson Filtration Solutions ICA AFS-BH407-IBF-KIT-ICA, Table 1.",09/03/2026,2222.40,,,5395.00,,,100.00,,,,,,,,,,,,2322.40,,,,,,,,,,,,81.50,,,,,,,,No,10+ Days,,12/25/2026,,,,,,,,,,,
N407SL,IHC Health Services,10/04/2026,2240.90,0,25 HELIFAB 16 100HR,Airframe,2240.90,,0,5434.00,INSPECTION,,ICA,,100 HOUR HELIFAB ARTICULATING MEDICAL LITTER INSPECTION,HELIFAB HF-CA-7-16,,,,,,"Complied with 100 HOUR HELIFAB MEDICAL LITTER INSPECTION, REF. Helifab ICA HF-CA-7-16.",09/03/2026,2222.40,,,5395.00,0,0,100.00,0,0.00,0.00,0,0,,0,0.00,0.00,,,2322.40,,,,,,,,,,,,81.50,,,,,,,,No,10+ Days,,12/25/2026,,,,,,,,,,,
N407SL,IHC Health Services,10/04/2026,2240.90,0,25 HELIFAB 20 100HR/12M,Airframe,2240.90,,0,5434.00,INSPECTION,,ICA,,100 HOUR / 12 MONTH HELIFAB PATIENT OXYGEN SLED SYSTEM INSPECTION,HF-CA-7-20,,,,,,"COMPLIED WITH 100 HOUR / 12 MONTH HELIFAB PATIENT OXYGEN SLED SYSTEM INSPECTION REF HELIFAB  ICA HF-CA-7-20.

REF HELIFAB  ICA HF-CA-7-20.",09/03/2026,2222.40,,,5395.00,0,12,100.00,0,0.00,0.00,0,0,,0,0.00,0.00,09/03/2027,,2322.40,,,,,,,,29,,10,,81.50,,,,,,,,No,10+ Days,,12/25/2026,,,,,,,,,,,
N407SL,IHC Health Services,10/04/2026,2240.90,0,25 HELIFAB 206 100HR,Airframe,2240.90,,0,5434.00,INSPECTION,,ICA,,100 HOUR HELIFAB STORAGE BIN INSPECTION,HF-206-ICA-2500-0002,,,,,,"COMPLIED WITH 100 HOUR HELIFAB STORAGE BIN INSPECTION Ref. Helifab ICA HF-206-ICA-2500-0002.

Ref. Helifab ICA HF-206-ICA-2500-0002",09/03/2026,2222.40,,,5395.00,0,0,100.00,0,0.00,0.00,0,0,,0,0.00,0.00,,,2322.40,,,,,,,,,,,,81.50,,,,,,,,No,10+ Days,,12/25/2026,,,,,,,,,,,
N407SL,IHC Health Services,10/04/2026,2240.90,0,25 HELIFAB BTL MNT 100HR,Airframe,2240.90,,0,5434.00,INSPECTION,,ICA,,100 HOUR HELIFAB PORTABLE OXYGEN BOTTLE MOUNT INSPECTION,HF-206-ICA-OXYGEN BOTTLE MOUNT-1,,,,,,COMPLIED WITH 100 HOUR HELIFAB PORTABLE OXYGEN BOTTLE MOUNT INSPECTION REF. HF-206-ICA-OXYGEN BOTTLE MOUNT-1.,09/03/2026,2222.40,,,5395.00,0,0,100.00,0,0.00,0.00,0,0,,0,0.00,0.00,,,2322.40,,,,,,,,,,,,81.50,,,,,,,,No,10+ Days,,12/25/2026,,,,,,,,,,,
N407SL,IHC Health Services,10/04/2026,2240.90,0,62 04-10,Airframe,2240.90,,0,5434.00,INSPECTION,Overhaul,AIRWORTHINESS,MR HUB,100 HOUR MAIN ROTOR YOKE ASSEMBLY AIRWORTHINESS LIMITATIONS  INSPECTION,"BHT-407-MPI, Ch. 4 Airworthiness Limitations",,,,,,"Complied with 100 HOUR MAIN ROTOR YOKE ASSEMBLY INSPECTION. Ref. BHT-407-MPI, Ch. 4 Airworthiness Limitations Schedule, Table 2, Figure 2.",09/03/2026,2222.40,,,5395.00,,,100.00,,,,,,,,,,,,2322.40,,,,,,,,,,,,81.50,,,,,,,,No,10+ Days,,12/25/2026,,,,,,,,,,,
N469JX,IHC Health Services,09/30/2026,3681.00,0,25 60.01,Airframe,3681.00,,0,9318.00,INSPECTION,,,,SWITLIK LIFE VEST 6 MONTH INSPECTION,GOM,,,,,,Refer to most recent GMM rev,06/26/2026,3489.20,,,9040.00,0,6,,0,0.00,0.00,0,0,,0,0.00,0.00,12/26/2026,,,,,,,,,,21,,2,,,,,,,,,,No,10+ Days,,12/26/2026,,,,,,,,,,Pilot Task; PILOT GOM,
N466GH,IHC Health Services,10/04/2026,3267.50,0,25 60.01,Airframe,3267.50,,0,7636.00,INSPECTION,,,,SWITLIK LIFE VEST 6 MONTH INSPECTION,GOM,,,,,,Refer to most recent GMM rev,06/26/2026,3121.20,,,7436.00,0,6,,0,0.00,0.00,0,0,,0,0.00,0.00,12/26/2026,,,,,,,,,,21,,2,,,,,,,,,,No,10+ Days,,12/26/2026,,,,,,,,,,Pilot Task; PILOT GOM,
N407LF,IHC Health Services,10/05/2026,5349.30,17156,25 60.01,Airframe,5349.30,,17156,13084.00,INSPECTION,,,,SWITLIK LIFE VEST 6 MONTH INSPECTION,GOM,,,,,,Refer to most recent GMM rev,06/26/2026,5245.10,,,12891.00,0,6,,0,0.00,0.00,0,0,,0,0.00,0.00,12/26/2026,,,,,,,,,,21,,2,,,,,,,,,,No,10+ Days,,12/26/2026,,,,,,,,,,Pilot Task; PILOT GOM,
N407FM,IHC Health Services,10/04/2026,2702.50,0,25 60.01,Airframe,2702.50,,0,6837.00,INSPECTION,,,,SWITLIK LIFE VEST 6 MONTH INSPECTION,GOM,,,,,,Refer to most recent GMM rev,06/26/2026,2590.00,,,6510.00,0,6,,0,0.00,0.00,0,0,,0,0.00,0.00,12/26/2026,,,,,,,,,,21,,2,,,,,,,,,,No,10+ Days,,12/26/2026,,,,,,,,,,Pilot Task; PILOT GOM,
N407CZ,IHC Health Services,10/04/2026,2432.60,0,25 60.01,Airframe,2432.60,,0,5400.00,INSPECTION,,,,SWITLIK LIFE VEST 6 MONTH INSPECTION,GOM,,,,,,Refer to most recent GMM rev,06/26/2026,2376.90,,,5276.00,0,6,,0,0.00,0.00,0,0,,0,0.00,0.00,12/26/2026,,,,,,,,,,21,,2,,,,,,,,,,No,10+ Days,,12/26/2026,,,,,,,,,,Pilot Task; PILOT GOM,
N407BY,IHC Health Services,10/04/2026,1229.40,0,25 60.01,Airframe,1229.40,,0,2649.00,INSPECTION,,,,SWITLIK LIFE VEST 6 MONTH INSPECTION,GOM,,,,,,Refer to most recent GMM rev,06/26/2026,1156.30,,,2511.00,0,6,,0,0.00,0.00,0,0,,0,0.00,0.00,12/26/2026,,,,,,,,,,21,,2,,,,,,,,,,No,10+ Days,,12/26/2026,,,,,,,,,,Pilot Task; PILOT GOM,
N307KH,IHC Health Services,10/03/2026,23110.00,0,72 72/150,Engine 1,7172.10,12338.00,,,INSPECTION,,INSPECT,CAE-848843,150 HOUR/ 12 MONTH ENGINE INSPECTION,RR-C47B-O&M 72-00-00-200-801 TABLE 6.,,,,,,"**USE TABLE 6 ONLY DUE TO SERVICE WITH MOBIL 254 OIL (3RD GENERATION OIL)** CAUTION: BEFORE YOU UNDERTAKE A INSPECTION OR MAINTENANCE ACTION, CONSULT THE REFERENCED PARAGRAPHS OF THE OPERATION AND MAINTENANCE MANUAL. FAILURE TO DO SO COULD RESULT IN EQUIPMENT DAMAGE OR DESTRUCTION AND POSSIBLY RESULT IN PERSONNEL DEATH OR INJURY. NOTE: Compliance to the 150 hour and 300 hour items in this table must be performed at least every 12 calendar months or by hours, whichever occurs first. This inspection checklist can only be used if the operator uses an approved third generation (hts) oil.",07/16/2026,7104.50,,12188.00,,,12,150.00,,,,,,,,,,07/16/2027,,7254.50,,,,,,,,11,,9,,82.40,,,,,,,,No,10+ Days,,12/26/2026,,,,,,,,,,,
N307KH,IHC Health Services,10/03/2026,23110.00,0,ASB 407-11-95 REV,Airframe,23110.00,,0,81023.00,SB,,,,ASB 407-11-95 UPPER LEFT LONGERON AND SPARE ASSEMBLY (AD2015-05-04 AMD 39-18114),,,,,,,Complied with ASB 407-11-95 UPPER LEFT LONGERON AND SPARE ASSEMBLY (AD2015-05-04 AMD 39-18114),07/17/2026,23042.40,,,80870.00,0,0,150.00,0,0.00,0.00,0,0,,0,0.00,0.00,,,23192.40,,,,,,,,,,,,82.40,,,,,,,,No,10+ Days,,12/26/2026,,,,,,,,,,,
N307KH,IHC Health Services,10/03/2026,23110.00,0,AD 2015-05-04,Airframe,23110.00,,0,81023.00,AD,,,,AD 2015-05-04  FUSELAGE MAIN AND LONGERON/STRINGER,,,,,,,Compiled with AD 2015-05-04  FUSELAGE MAIN AND LONGERON/STRINGER,07/17/2026,23042.40,,,80870.00,,,150.00,,,,,,,,,,,,23192.40,,,,,,,,,,,,82.40,,,,,,,,No,10+ Days,,12/26/2026,,,,,,,,,,,
N466GH,IHC Health Services,10/04/2026,3267.50,0,53 04-300,Airframe,3267.50,,0,7636.00,INSPECTION,,AIRWORTHINESS,TAILBOOM,300 HOUR TAILBOOM ASSEMBLY AIRWORTHINESS LIMITATIONS INSPECTION,"BHT-407-MM, Chapter 4, Airworthiness Limitations",407-030-801-205,54103,,,,"REF. BHT-407-MPI, CH. 4 AIRWORTHINESS LIMITATIONS TABLE 2 DMC-407-A-04-00-00-00A-288A-A.",07/03/2026,3132.80,,,7453.00,0,0,300.00,0,0.00,0.00,0,0,,0,0.00,0.00,,,3432.80,,,,,,,,,,,,165.30,,,,,,,,No,10+ Days,,12/26/2026,,,,,,,,,,,
N466GH,IHC Health Services,10/04/2026,3267.50,0,407-23-133,Airframe,3267.50,,0,7636.00,ASB,,,,HORIZONTAL STABILIZER AND CARGO HOOK FITTINGS - SELF LOCKING INSERTS INSPECTION,ASB 407-23-133,,,,,,300HR/12M RECURRING INSPECTION FOR AIRCRAFT AFFECTED.,07/03/2026,3132.80,,,7453.00,0,12,300.00,0,0.00,0.00,0,0,,0,0.00,0.00,07/03/2027,,3432.80,,,,,,,,28,,8,,165.30,,,,,,,,No,10+ Days,,12/26/2026,,,,,,,,,,,
N862YB,IHC Health Services,10/04/2026,2591.10,0,25 WYSONG T/R LIGHT 12M,Airframe,2591.10,,0,6688.00,INSPECTION,,ICA,,12 MONTH WYSONG TAIL ROTOR LIGHT KIT INSPECTION,WYSONG WE15010,,,,,,Performed 12 MONTH WYSONG TAIL ROTOR LIGHT KIT INSPECTION Ref. WYSONG WE15010,12/27/2025,1979.70,,,5242.00,0,12,,0,0.00,0.00,0,0,,0,0.00,0.00,12/27/2026,,,,,,,,,,22,,2,,,,,,,,,,No,10+ Days,,12/27/2026,,,,,,,,,,,
N7160V,IHC Health Services,10/04/2026,10771.90,0,05 1200HR,Airframe,10771.90,,0,27183.00,INSPECTION,,INSPECT,,1200 HOUR AIRFRAME INSPECTION,DMC-407-A-05-40-00-13A-281A-A,,,,,,Ref. DMC-407-A-05-40-00-13A-281A-A.,12/31/2022,9698.60,,,24525.00,0,0,1200.00,0,0.00,0.00,0,0,120.00,0,0.00,0.00,,,10898.60,,,,,,,,,,,,126.70,,,,,,,,No,10+ Days,,12/28/2026,,,,,,,,,,,
N407MZ,IHC Health Services,10/05/2026,2805.50,0,34 DATA LOG,Airframe,2805.50,,0,7326.00,INSPECTION,,,,12 MONTH DOWNLOAD (SAVE) AND DELETE DATA LOG FILES,DMC-407-A-95-64-08-02A-090A-A,,,,,,"CAUTION **DO NOT DELETE THE DATA_LOG FOLDER FROM THE MAINTENANCE SD CARD. THIS FOLDER IS REQUIRED IN ORDER FOR THE SYSTEM TO SAVE THE FLIGHT DATA INFORMATION FILES.**

ACCOMPLISHED 12 MONTH DOWNLOAD (SAVE) AND DELETE DATA LOG FILES IAW BHT 407 MM DMC-407-A-95-64-08-02A-090A-A",12/29/2025,2209.90,,,5848.00,0,12,,0,0.00,0.00,0,36,,0,0.00,0.00,12/29/2026,,,,,,,,,,24,,2,,,,,,,,,,No,10+ Days,,12/29/2026,,,,,,,,,,,
N469JX,IHC Health Services,09/30/2026,3681.00,0,12 TBL 2,Airframe,3681.00,,0,9318.00,INSPECTION,,RII,,(RII) 300 HOUR/3 MONTH TAIL ROTOR PITCH CHANGE MECHANISM LUBRICATION,DMC-407-A-12-00-00-00A-040A-A Table 2,,,,,1.00,REF. BHT-407-MM CH. 12 SERVICING TABLE 2 DMC-407-A-12-00-00-00A-040A-A,09/30/2026,3681.00,,,,,3,300.00,,,,0,9,30.00,,,,12/31/2026,,3981.00,,,,,,,,26,,2,,300.00,,,,,,,,No,10+ Days,,12/29/2026,,,,,,,,,,RII,
N407TH,IHC Health Services,10/03/2026,8845.50,2,53 04-150,Airframe,8845.50,,2,20680.00,INSPECTION,,AIRWORTHINESS,TAILBOOM,150 HOUR TAILBOOM ASSEMBLY INSPECTION,DMC-407-A-04-00-00-00A-288A-A note 9,407-030-801-205,53558,,,,(After 6900 accumulated Hours) Ref. Airworthiness Limitation Schedule DMC-407-A-04-00-00-00A-288A-A note 9,09/25/2026,8825.10,,,20642.00,,,150.00,,,,,,,,,,,,8975.10,,,,,,,,,,,,129.60,,,,,,,,No,10+ Days,,12/30/2026,,,,,,,,,,,
N407TH,IHC Health Services,10/03/2026,8845.50,2,72 INSP 150HR/12M,Engine 1,5215.20,8518.00,,,INSPECTION,,INSPECT,,150 HOUR/12 MONTH ENGINE INSPECTION,RR-C47B-O&M 72-00-00-200-801 TABLE 6.,,,,,8.00,"**USE TABLE 6 ONLY DUE TO SERVICE WITH MOBIL 254 OIL (3RD GENERATION OIL)** CAUTION: BEFORE YOU UNDERTAKE A INSPECTION OR MAINTENANCE ACTION, CONSULT THE REFERENCED PARAGRAPHS OF THE OPERATION AND MAINTENANCE MANUAL. FAILURE TO DO SO COULD RESULT IN EQUIPMENT DAMAGE OR DESTRUCTION AND POSSIBLY RESULT IN PERSONNEL DEATH OR INJURY. NOTE: Compliance to the 150 hour and 300 hour items in this table must be performed at least every 12 calendar months or by hours, whichever occurs first. This inspection checklist can only be used if the operator uses an approved third generation (hts) oil.",09/25/2026,5194.80,,8481.00,,,12,150.00,,,,,,,,,,09/30/2027,,5344.80,,,,,,,,25,,11,,129.60,,,,,,,,No,10+ Days,,12/30/2026,,,,,,,,,,,
N407TH,IHC Health Services,10/03/2026,8845.50,2,ASB 407-11-95 REV  D,Airframe,8845.50,,2,20680.00,ASB,,,,ASB 407-11-95 UPPER LEFT LONGERON AND SPARE ASSEMBLY (AD2015-05-04 AMD 39-18114),,,,,,,"EVERY 50 HOURS WHEN PART IV (4) IS COMPLIED WITH OR
EVERY 150 HOURS WHEN PART III IS ACCOMPLISHED",09/25/2026,8825.10,,,20642.00,0,0,150.00,0,0.00,0.00,0,0,,0,0.00,0.00,,,8975.10,,,,,,,,,,,,129.60,,,,,,,,No,10+ Days,,12/30/2026,,,,,,,,,,,
N407TH,IHC Health Services,10/03/2026,8845.50,2,AD 2015-05-04,Airframe,8845.50,,2,20680.00,AD,,,,AD 2015-05-04  FUSELAGE MAIN AND LONGERON/STRINGER,,,,,,,,09/25/2026,8825.10,,,20642.00,0,0,150.00,0,0.00,0.00,0,0,,0,0.00,0.00,,,8975.10,,,,,,,,,,,,129.60,,,,,,,,No,10+ Days,,12/30/2026,,,,,,,,,,,
N407LF,IHC Health Services,10/05/2026,5349.30,17156,407-23-133,Airframe,5349.30,,17156,13084.00,ASB,,,,HORIZONTAL STABILIZER AND CARGO HOOK FITTINGS - SELF LOCKING INSERTS INSPECTION,ASB 407-23-133,,,,,,300HR/12M RECURRING TO AIRCRAFT AFFECTED BY THIS ASB.,02/17/2026,5135.90,,,12681.00,0,12,300.00,0,0.00,0.00,0,0,,0,0.00,0.00,02/17/2027,,5435.90,,,,,,,,12,,4,,86.60,,,,,,,,No,10+ Days,,12/30/2026,,,,,,,,,,,
N407LP,IHC Health Services,10/01/2026,4415.70,0,03 00-01,Airframe,4415.70,,0,11404.00,INSPECTION,,CONDITION CHECK,,24 MONTH AIRCRAFT AIRWORTHINESS CERTIFICATE CONDITION CHECK PER CLASSIC RECOMMENDATION.,Classic Air Medical Recommendation,,,,,,,12/30/2024,3644.80,,,9473.00,,24,,,,,,,,,,,12/31/2026,,,,,,,,,,26,,2,,,,,,,,,,No,10+ Days,,12/31/2026,,,,,,,,,,,
N407FM,IHC Health Services,10/04/2026,2702.50,0,05 1200HR/24MO,Airframe,2702.50,,0,6837.00,INSPECTION,,INSPECT,,1200 HOUR/24 MONTH AIRFRAME INSPECTION,DMC-407-A-05-40-00-14A-281A-A,,,,,,"REF. BHT-407-MPI, CH. 5 DMC-407-A-05-40-00-14A-281A-A",12/14/2024,1968.30,,,5011.00,,24,1200.00,,,,,73,120.00,,,,12/31/2026,,3168.30,,,,,,,,26,,2,,465.80,,,,,,,,No,10+ Days,,12/31/2026,,,,,,,,,,Monthly Planning,
N39KM,IHC Health Services,10/03/2026,3577.00,0,05 1200HR/24MO,Airframe,3577.00,,0,8191.00,INSPECTION,,INSPECT,,1200 HOUR/24 MONTH AIRFRAME INSPECTION,DMC-407-A-05-40-00-14A-281A-A,,,,,,Ref. DMC-407-A-05-40-00-14A-281A-A.,12/06/2024,2727.50,,,,,24,1200.00,,,,,73,120.00,,,,12/31/2026,,3927.50,,,,,,,,26,,2,,350.50,,,,,,,,No,10+ Days,,12/31/2026,,,,,,,,,,,
N407MZ,IHC Health Services,10/05/2026,2805.50,0,05 12MO- INSPECTION,Airframe,2805.50,,0,7326.00,INSPECTION,,INSPECT,,12 MONTH AIRFRAME INSPECTION,DMC-407-A-05-40-00-11A-281A-A,,,,,,"Ref. DMC-407-A-05-40-00-11A-281A-A, Note When Last 300 Hour/12 Month Periodic Inspection was completed and Perform if Needed.",12/31/2025,2209.90,,,5848.00,,12,,,,,,36,,,,,12/31/2026,,,,,,,,,,26,,2,,,,,,,,,,No,10+ Days,,12/31/2026,,,,,,,,,,Monthly Planning,
N466GH,IHC Health Services,10/04/2026,3267.50,0,05 24MO. INSPECTION,Airframe,3267.50,,0,7636.00,INSPECTION,,,,24 MONTH AIRFRAME INSPECTION,"BHT-407-MPI, Chapter 5, Scheduled Inspections",,,,,,"REF. BHT-407-MPI, CH. 5 DMC-407-A-05-40-00-12A-281A-A",12/31/2024,2344.90,,,,,24,,,,,,73,,,,,12/31/2026,,,,,,,,,,26,,2,,,,,,,,,,No,10+ Days,,12/31/2026,,,,,,,,,,Monthly Planning,
N39KM,IHC Health Services,10/03/2026,3577.00,0,05 24MO. INSPECTION,Airframe,3577.00,,0,8191.00,INSPECTION,,INSPECT,,24 MONTH AIRFRAME INSPECTION,DMC-407-A-05-40-00-12A-281A-A,,,,,,"Ref.  DMC-407-A-05-40-00-12A-281A-A,  Additional Fuel System Operational Check Required per Ref. DMC-407-A-28-00-00-00A-320A-A after completion.",12/06/2024,2727.50,,,,,24,,,,,,73,,,,,12/31/2026,,,,,,,,,,26,,2,,,,,,,,,,No,10+ Days,,12/31/2026,,,,,,,,,,,
N407TK,IHC Health Services,10/04/2026,5381.40,0,05 600/12M,Airframe,5381.40,,0,15301.00,INSPECTION,,INSPECT,,600 HOUR/12 MONTH AIRFRAME INSPECTION,DMC-407-A-05-40-00-10A-281A-A,,,,,,Completed 600 Hr/12 M Airframe inspection.  Ref: DMC-407-A-05-40-00-10A-281A-A.Ref.,12/22/2025,5110.60,,,14646.00,,12,600.00,,,,,36,60.00,,,,12/31/2026,,5710.60,,,,,,,,26,,2,,329.20,,,,,,,,No,10+ Days,,12/31/2026,,,,,,,,,,Monthly Planning,
N407TH,IHC Health Services,10/03/2026,8845.50,2,05 600/12M,Airframe,8845.50,,2,20680.00,INSPECTION,,INSPECT,,600 HOUR/12 MONTH AIRFRAME INSPECTION,DMC-407-A-05-40-00-10A-281A-A,,,,,1.50,Ref. DMC-407-A-05-40-00-10A-281A-A.,12/24/2025,8415.50,,,19736.00,,12,600.00,,,,,,,,,,12/31/2026,,9015.50,,,,,,,,26,,2,,170.00,,,,,,,,No,10+ Days,,12/31/2026,,,,,,,,,,,
N407FM,IHC Health Services,10/04/2026,2702.50,0,05 600/12M,Airframe,2702.50,,0,6837.00,INSPECTION,,INSPECT,,600 HOUR/12 MONTH AIRFRAME INSPECTION,DMC-407-A-05-40-00-10A-281A-A,,,,,,REF: DMC-407-A-05-40-00-10A-281A-A,12/19/2025,2412.90,,,6153.00,,12,600.00,,,,,36,60.00,,,,12/31/2026,,3012.90,,,,,,,,26,,2,,310.40,,,,,,,,No,10+ Days,,12/31/2026,,,,,,,,,,Monthly Planning,
N862YB,IHC Health Services,10/04/2026,2591.10,0,12 TBL 2,Airframe,2591.10,,0,6688.00,INSPECTION,,RII,,(RII) 300 HOUR/3 MONTH TAIL ROTOR PITCH CHANGE MECHANISM LUBRICATION,DMC-407-A-12-00-00-00A-040A-A Table 2,,,,,,Complied with the 300 HOUR/3 MONTH TAIL ROTOR PITCH CHANGE MECHANISM LUBRICATION IAW REF. BHT-407-MM CH. 12 SERVICING TABLE 2 DMC-407-A-12-00-00-00A-040A-A,09/16/2026,2584.80,,,6661.00,,3,300.00,,,,0,9,30.00,,,,12/31/2026,,2884.80,,,,,,,,26,,2,,293.70,,,,,,,,No,10+ Days,,12/31/2026,,,,,,,,,,RII,
N407TH,IHC Health Services,10/03/2026,8845.50,2,12 TBL 2,Airframe,8845.50,,2,20680.00,INSPECTION,,RII,,(RII) 300 HOUR/3 MONTH TAIL ROTOR PITCH CHANGE MECHANISM LUBRICATION,DMC-407-A-12-00-00-00A-040A-A Table 2,,,,,1.00,REF. BHT-407-MM CH. 12 SERVICING TABLE 2 DMC-407-A-12-00-00-00A-040A-A,09/29/2026,8831.40,,,20658.00,0,3,300.00,0,0.00,0.00,0,9,30.00,0,0.00,0.00,12/31/2026,,9131.40,,,,,,,,26,,2,,285.90,,,,,,,,No,10+ Days,,12/31/2026,,,,,,,,,,RII,
N407FC,IHC Health Services,10/05/2026,14985.10,0,12 TBL 2,Airframe,14985.10,,0,33090.00,INSPECTION,,RII,,(RII) 300 HOUR/3 MONTH TAIL ROTOR PITCH CHANGE MECHANISM LUBRICATION,DMC-407-A-12-00-00-00A-040A-A Table 2,,,,,,"Ref. DMC-407-A-12-00-00-00A-040A-A, Table 2.",09/29/2026,14976.30,,,33074.00,0,3,300.00,0,0.00,0.00,0,9,30.00,0,0.00,0.00,12/31/2026,,15276.30,,,,,,,,26,,2,,291.20,,,,,,,,No,10+ Days,,12/31/2026,,,,,,,,,,RII,
N39KM,IHC Health Services,10/03/2026,3577.00,0,12 TBL 2,Airframe,3577.00,,0,8191.00,INSPECTION,,RII,,(RII) 300 HOUR/3 MONTH TAIL ROTOR PITCH CHANGE MECHANISM LUBRICATION,DMC-407-A-12-00-00-00A-040A-A Table 2,,,,,,"Ref. DMC-407-A-12-00-00-00A-040A-A, Table 2.",09/30/2026,3573.00,,,8183.00,,3,300.00,,,,0,9,30.00,,,,12/31/2026,,3873.00,,,,,,,,26,,2,,296.00,,,,,,,,No,10+ Days,,12/31/2026,,,,,,,,,,RII,
N407TK,IHC Health Services,10/04/2026,5381.40,0,22 04-10 FUNCT CK,Airframe,5381.40,,0,15301.00,INSPECTION,,AIRWORTHINESS,63639,600HR /12M CHAPTER 4 AFCS TRIM ACTUATOR FUNCT CK,Ref. DMC-407-A-22-00-04A-340A-A,418-00862-701,63639,,,,"Accomplished the 600HR /12M CHAPTER 4 AFCS TRIM ACTUATOR RELAY FUNCT CK  ALL work done IAW DMC-407-A-22-00-00-04A-340A-A, DMC-407-A-22-73-00-00-340A-A,(NO DEFECTS NOTED) (NEXT DUE: 31DEC2026 ACTT: 5710.6)
This specific inspection is found in the Airworthiness Limitations Schedule in Chapter 4.",12/22/2025,5110.60,,,14646.00,0,12,600.00,0,0.00,0.00,0,0,,0,0.00,0.00,12/31/2026,,5710.60,,,,,,,,26,,2,,329.20,,,,,,,,No,10+ Days,,12/31/2026,,,,,,,,,,,
N407TK,IHC Health Services,10/04/2026,5381.40,0,22 04-10 FUNCT CK,Airframe,5381.40,,0,15301.00,INSPECTION,,AIRWORTHINESS,65644,600HR /12M CHAPTER 4 AFCS TRIM ACTUATOR FUNCT CK,Ref. DMC-407-A-22-00-04A-340A-A,418-00862-701,65644,,,,"Accomplished the 600HR /12M CHAPTER 4 AFCS TRIM ACTUATOR RELAY FUNCT CK  ALL work done IAW DMC-407-A-22-00-00-04A-340A-A, DMC-407-A-22-73-00-00-340A-A,(NO DEFECTS NOTED) (NEXT DUE: 31DEC2026 ACTT: 5710.6)
This specific inspection is found in the Airworthiness Limitations Schedule in Chapter 4",12/22/2025,5110.60,,,14646.00,0,12,600.00,0,0.00,0.00,0,0,,0,0.00,0.00,12/31/2026,,5710.60,,,,,,,,26,,2,,329.20,,,,,,,,No,10+ Days,,12/31/2026,,,,,,,,,,,
N407CN,IHC Health Services,10/02/2026,4963.50,0,24 20-01,Airframe,4963.50,,0,11871.00,PART,Overhaul,ICA,,(RII) AIRCRAFT BATTERY - CAPACITY CHECK,CONCORDE DOC 5-0171 REV. Q,RG-407A1,41487701,,,,"After 1st Cap check, Inspection times change depending on the outcome of the Cap Check. Please See Concorde Manual for correct times.",12/15/2025,4821.90,,,11439.00,0,12,1000.00,0,0.00,0.00,0,0,,0,0.00,0.00,12/31/2026,,5821.90,,,,,,,,26,,2,,858.40,,,,,,,,No,10+ Days,,12/31/2026,,0,,,0.00,,,,,RII,
N407BY,IHC Health Services,10/04/2026,1229.40,0,24 20-01,Airframe,1229.40,,0,2649.00,PART,Overhaul,ICA,,(RII) AIRCRAFT BATTERY - CAPACITY CHECK,CONCORDE DOC 5-0171 REV. Q,RG-407A1,41460252,,,,"After 1st Cap check, Inspection times change depending on the outcome of the Cap Check. Please See Concorde Manual for correct times.",06/15/2026,1150.60,,,2501.00,0,6,500.00,0,0.00,0.00,1,0,100.00,0,0.00,0.00,12/31/2026,,1650.60,,,,,,,,26,,2,,421.20,,,,,,,,No,10+ Days,,12/31/2026,12,0,0,274.00,0.00,274.00,,,,RII,
N307KH,IHC Health Services,10/03/2026,23110.00,0,24 20-01,Airframe,23110.00,,0,81023.00,PART,Overhaul,ICA,,(RII) AIRCRAFT BATTERY - CAPACITY CHECK,CONCORDE DOC 5-0171 REV. Q,RG407A1,41487695,,,,"After 1st Cap check, Inspection times change depending on the outcome of the Cap Check. Please See Concorde Manual for correct times.",09/10/2026,23070.10,,,80936.00,0,12,1000.00,0,0.00,0.00,0,0,,0,0.00,0.00,12/31/2026,,23700.40,,,,,,,,26,,2,,590.40,,,,,,,,No,10+ Days,,12/31/2026,9,9,9,369.70,369.70,369.70,,,,,
N407FM,IHC Health Services,10/04/2026,2702.50,0,24 20-10,Airframe,2702.50,,0,6837.00,PART,Overhaul,ICA,,(RII) AIRCRAFT BATTERY - CAPACITY CHECK,CONCORDE DOC 5-0171 REV. Q,RG407A1,41364364,,,,,06/08/2026,2554.20,,,6437.00,0,6,500.00,0,0.00,0.00,0,0,,0,0.00,0.00,12/31/2026,,3054.20,,,,,,,,26,,2,,351.70,,,,,,,,No,10+ Days,,12/31/2026,12,0,0,719.60,0.00,0.00,,,,RII,
N407TH,IHC Health Services,10/03/2026,8845.50,2,25 00-52,Airframe,8845.50,,2,20680.00,INSPECTION,,INSPECT,ELT,12 MONTH ELT (FAR 91.207 (d)) INSPECTION,FAR 91.207 (d),453-6603,11568,,,0.50,,12/24/2025,8415.50,,,19736.00,,12,,,,,,,,,,,12/31/2026,,,,,,,,,,26,,2,,,,,,,,,,No,10+ Days,,12/31/2026,,,,,,,,,,,
N407MZ,IHC Health Services,10/05/2026,2805.50,0,25 00-52,Airframe,2805.50,,0,7326.00,INSPECTION,None,INSPECT,ELT,12 MONTH ELT (FAR 91.207 (d)) INSPECTION,(FAR 91.207 (d)),453-5061,252-06472,,,,ACCOMPLISHED 12 MONTH ELT (FAR 91.207 (d)) INSPECTION (1) Proper installation;(2) Battery corrosion;(3) Operation of the controls and crash sensor; and(4) The presence of a sufficient signal radiated from its antenna. NO DEFECTS FOUND.,12/29/2025,2209.90,,,5848.00,,12,,,,,,,,,,,12/31/2026,,,,,,,,,,26,,2,,,,,,,,,,No,10+ Days,,12/31/2026,,,,,,,,,,,
N307KH,IHC Health Services,10/03/2026,23110.00,0,25 00-56,Airframe,23110.00,,0,81023.00,INSPECTION,None,,ELT,ELT - REGISTRATION (NOAA WEBSITE),,453-6603,242-08637,,,,BEACON ID - ADCC4 086F4 003C9,12/04/2024,,,,,,24,,,,,,,,,,,12/31/2026,,,,,,,,,,26,,2,,,,,,,,,,No,10+ Days,,12/31/2026,,,,,,,,,,,
N466GH,IHC Health Services,10/04/2026,3267.50,0,25 AA DELUXE CONSOLE,Airframe,3267.50,,0,7636.00,INSPECTION,,ICA,,12 MONTH AERONAUTICAL ACCESSORIES DELUXE CONSOLE KIT,AERONAUTICAL ACESSORIES AA-00131 REV. D,,,,,,,12/16/2025,2930.90,,,7177.00,0,12,,0,0.00,0.00,0,0,,0,0.00,0.00,12/31/2026,,,,,,,,,,26,,2,,,,,,,,,,No,10+ Days,,12/31/2026,,,,,,,,,,,
N862YB,IHC Health Services,10/04/2026,2591.10,0,25 AA EDGE PROGECTOR 12M,Airframe,2591.10,,0,6688.00,INSPECTION,,ICA,,12 MONTH AERONAUTICAL ACCESSORIES BAGGAGE COMPARTMENT EDGE PROTECTOR INSPECTION,Aeronautical Accessories ICA AA-03089,,,,,,Performed 12 MONTH AERONAUTICAL ACCESSORIES BAGGAGE COMPARTMENT EDGE PROTECTOR INSPECTION Ref Aeronautical Accessories ICA AA-03089,12/27/2025,1979.70,,,5242.00,,12,,,,,,,,,,,12/31/2026,,,,,,,,,,26,,2,,,,,,,,,,No,10+ Days,,12/31/2026,,,,,,,,,,,
N466GH,IHC Health Services,10/04/2026,3267.50,0,25 AA EDGE PROGECTOR 12M,Airframe,3267.50,,0,7636.00,INSPECTION,,ICA,,12 MONTH AERONAUTICAL ACCESSORIES BAGGAGE COMPARTMENT EDGE PROTECTOR INSPECTION,Aeronautical Accessories ICA AA-03089,,,,,,Ref: Aeronautical Accessories ICA AA-03089,12/16/2025,2930.90,,,7177.00,,12,,,,,,,,,,,12/31/2026,,,,,,,,,,26,,2,,,,,,,,,,No,10+ Days,,12/31/2026,,,,,,,,,,,
N862YB,IHC Health Services,10/04/2026,2591.10,0,25 AA FOLD STEP 12M,Airframe,2591.10,,0,6688.00,INSPECTION,,ICA,,12 MONTH AERONAUTICAL ACCESSORIES FOLDING MAINTENANCE STEPS INSPECTION,Aeronautical Accessories ICA AA-00126,,,,,,Performed 12 MONTH AERONAUTICAL ACCESSORIES FOLDING MAINTENANCE STEPS INSPECTION Ref. Aeronautical Accessories ICA AA-00126,12/27/2025,1979.70,,,5242.00,,12,,,,,,,,,,,12/31/2026,,,,,,,,,,26,,2,,,,,,,,,,No,10+ Days,,12/31/2026,,,,,,,,,,,
N407MZ,IHC Health Services,10/05/2026,2805.50,0,25 AA FOLD STEP 12M,Airframe,2805.50,,0,7326.00,INSPECTION,,ICA,,12 MONTH AERONAUTICAL ACCESSORIES FOLDING MAINTENANCE STEPS INSPECTION,Aeronautical Accessories ICA AA-00126.,,,,,,Performed 12 MONTH AERONAUTICAL ACCESSORIES FOLDING MAINTENANCE STEPS INSPECTION,12/26/2025,2205.20,,,5836.00,,12,,,,,,,,,,,12/31/2026,,,,,,,,,,26,,2,,,,,,,,,,No,10+ Days,,12/31/2026,,,,,,,,,,,
N862YB,IHC Health Services,10/04/2026,2591.10,0,25 AA HIGH VIS DOORS 12M,Airframe,2591.10,,0,6688.00,INSPECTION,,ICA,,12 MONTH HIGH VISIBILITY CREW DOORS INSPECTION,Ref. Aeronautical Accessories AA-01072,,,,,,Performed 12 MONTH HIGH VISIBILITY CREW DOORS INSPECTION Ref. Aeronautical Accessories AA-01072,12/27/2025,1979.70,,,5242.00,0,12,,0,0.00,0.00,0,0,,0,0.00,0.00,12/31/2026,,,,,,,,,,26,,2,,,,,,,,,,No,10+ Days,,12/31/2026,,,,,,,,,,,
N407MZ,IHC Health Services,10/05/2026,2805.50,0,25 AA HIGH VIS DOORS 12M,Airframe,2805.50,,0,7326.00,INSPECTION,,ICA,,12 MONTH HIGH VISIBILITY CREW DOORS INSPECTION,Ref. Aeronautical Accessories AA-01072,,,,,,,12/26/2025,2205.20,,,5836.00,0,12,,0,0.00,0.00,0,0,,0,0.00,0.00,12/31/2026,,,,,,,,,,26,,2,,,,,,,,,,No,10+ Days,,12/31/2026,,,,,,,,,,,
N862YB,IHC Health Services,10/04/2026,2591.10,0,25 AA PRE-FLIGHT STEP/HANDLE 12M,Airframe,2591.10,,0,6688.00,INSPECTION,,ICA,,12 MONTH AERONAUTICAL ACCESSORIES PRE-FLIGHT STEP/HANDLE INSPECTION,Aeronautical Accessories ICA AA-00123,,,,,,Performed 12 MONTH AERONAUTICAL ACCESSORIES PRE-FLIGHT STEP/HANDLE INSPECTION Ref. Aeronautical Accessories ICA AA-00123.,12/27/2025,1979.70,,,5242.00,,12,,,,,,,,,,,12/31/2026,,,,,,,,,,26,,2,,,,,,,,,,No,10+ Days,,12/31/2026,,,,,,,,,,,
N407MZ,IHC Health Services,10/05/2026,2805.50,0,25 AA PRE-FLIGHT STEP/HANDLE 12M,Airframe,2805.50,,0,7326.00,INSPECTION,,ICA,,12 MONTH AERONAUTICAL ACCESSORIES PRE-FLIGHT STEP/HANDLE INSPECTION,Aeronautical Accessories ICA AA-00123,,,,,,Performed 12 MONTH AERONAUTICAL ACCESSORIES PRE-FLIGHT STEP/HANDLE INSPECTION,12/26/2025,2205.20,,,5836.00,,12,,,,,,,,,,,12/31/2026,,,,,,,,,,26,,2,,,,,,,,,,No,10+ Days,,12/31/2026,,,,,,,,,,,
N862YB,IHC Health Services,10/04/2026,2591.10,0,25 AA TR PEDAL L/O,Airframe,2591.10,,0,6688.00,INSPECTION,,ICA,,12 MONTH AERONAUTICAL ACCESSORIES TAIL ROTOR PEDAL LOCK-OUT KIT INSPECTION,Aeronautical Accessories ICA AA-99032,,,,,,Performed 12 MONTH AERONAUTICAL ACCESSORIES TAIL ROTOR PEDAL LOCK-OUT KIT INSPECTION Ref. Aeronautical Accessories ICA AA-99032.,12/27/2025,1979.70,,,5242.00,,12,,,,,,,,,,,12/31/2026,,,,,,,,,,26,,2,,,,,,,,,,No,10+ Days,,12/31/2026,,,,,,,,,,,
N407MZ,IHC Health Services,10/05/2026,2805.50,0,25 AA TR PEDAL L/O,Airframe,2805.50,,0,7326.00,INSPECTION,,ICA,,12 MONTH AERONAUTICAL ACCESSORIES TAIL ROTOR PEDAL LOCK-OUT KIT INSPECTION,Aeronautical Accessories ICA AA-99032,,,,,,ACCOMPLISHED 12 MONTH AERONAUTICAL ACCESSORIES TAIL ROTOR PEDAL LOCK-OUT KIT INSPECTION IAW Aeronautical Accessories ICA AA-99032. NO DEFECTS FOUND.,12/29/2025,2209.90,,,5848.00,,12,,,,,,,,,,,12/31/2026,,,,,,,,,,26,,2,,,,,,,,,,No,10+ Days,,12/31/2026,,,,,,,,,,,
N407LP,IHC Health Services,10/01/2026,4415.70,0,25 AERO DYNAMIX NVG 12M,Airframe,4415.70,,0,11404.00,INSPECTION,,ICA,,12 MONTH AERO DYNAMIX NVG INSPECTION,AERO DYNAMIX ICA-B407-01,,,,,,,12/29/2025,4012.50,,,10268.00,,12,,,,,,,,,,,12/31/2026,,,,,,,,,,26,,2,,,,,,,,,,No,10+ Days,,12/31/2026,,,,,,,,,,,
N407TH,IHC Health Services,10/03/2026,8845.50,2,25 AFS IBF 12M,Airframe,8845.50,,2,20680.00,INSPECTION,,ICA,,12 MONTH DONALDSON IBF INSPECTION AND FUNCTIONAL CHECK,AFS-BH407-IBF-KIT-ICA REV. G,,,,,1.50,"Perform Visual Inspection of Filter, Structure, Electrical Systems, and Functional check of Electrical System.",12/18/2025,8415.50,,,19736.00,,12,,,,,,,,,,,12/31/2026,,,,,,,,,,26,,2,,,,,,,,,,No,10+ Days,,12/31/2026,,,,,,,,,,,
N862YB,IHC Health Services,10/04/2026,2591.10,0,25 AFS IVF 12M,Airframe,2591.10,,0,6688.00,INSPECTION,,ICA,,12 MONTH DONALDSON IVF INSPECTION,AFS-BH407-IBF-KIT-ICA,,,,,,"Perform Visual Inspection of Filter and Structure. Ref. Donaldson Filtration Solutions ICA AFS-BH407-IBF-KIT-ICA, Table 1.",12/27/2025,1979.70,,,5242.00,,12,,,,,,,,,,,12/31/2026,,,,,,,,,,26,,2,,,,,,,,,,No,10+ Days,,12/31/2026,,,,,,,,,,,
N407TH,IHC Health Services,10/03/2026,8845.50,2,25 AFS IVF 12M,Airframe,8845.50,,2,20680.00,INSPECTION,,ICA,,12 MONTH DONALDSON IVF INSPECTION,AFS-BH407-IBF-KIT-ICA REV. G,,,,,0.10,Perform Visual Inspection of Filter and Structure.,12/23/2025,8415.50,,,19736.00,,12,,,,,,,,,,,12/31/2026,,,,,,,,,,26,,2,,,,,,,,,,No,10+ Days,,12/31/2026,,,,,,,,,,,
N862YB,IHC Health Services,10/04/2026,2591.10,0,25 AIR COMM AIR COND 12M,Airframe,2591.10,,0,6688.00,INSPECTION,,ICA,,12 MONTH AIR COMM AIR CONDITIONER INSPECTION,Air Comm 407-EC-200M-2 REV. 14,,,,,,"REF: 407EC-200M-2 *** USE CHAPTER 3  ITEM 1-""INSPECTION REQUIREMENTS"" AND CHAPTER 3 ITEM 3- ""INSPECTION PROCEDURES"" TO COMPLETE INSPECTIONS***",12/27/2025,1979.70,,,5242.00,0,12,,0,0.00,0.00,0,0,,0,0.00,0.00,12/31/2026,,,,,,,,,,26,,2,,,,,,,,,,No,10+ Days,,12/31/2026,,,,,,,,,,,
N407TH,IHC Health Services,10/03/2026,8845.50,2,25 AIR COMM CABIN HEAT,Airframe,8845.50,,2,20680.00,INSPECTION,,ICA,,12 MONTH AIR COMM BLEED AIR CABIN HEATER INSPECTION,Ref. Air Comm 407H-200M-1,,,,,1.00,Air Comm 407H-200M-1,12/23/2025,8415.50,,,19736.00,,12,,,,,,,,,,,12/31/2026,,,,,,,,,,26,,2,,,,,,,,,,No,10+ Days,,12/31/2026,,,,,,,,,,,
N407MZ,IHC Health Services,10/05/2026,2805.50,0,25 AIR COMM CABIN HEAT,Airframe,2805.50,,0,7326.00,INSPECTION,,ICA,,12 MONTH AIR COMM CABIN HEATER INSPECTION,Air Comm 407H-200M-1,,,,,,ACCOMPLISHED 12 MONTH AIR COMM CABIN HEATER INSPECTION IAW Air Comm 407H-200M-1. NO DEFECTS FOUND,12/29/2025,2209.90,,,5848.00,,12,,,,,,,,,,,12/31/2026,,,,,,,,,,26,,2,,,,,,,,,,No,10+ Days,,12/31/2026,,,,,,,,,,,
N407MZ,IHC Health Services,10/05/2026,2805.50,0,25 AIR COMM ENGINE BLEED,Airframe,2805.50,,0,7326.00,INSPECTION,,ICA,,12 MONTH AIR COMM ENGINE BLEED AIR SYSTEM INSPECTION,Air Comm ICA 407H-500M-1,,,,,,ACCOMPLISHED  12 MONTH AIR COMM ENGINE BLEED AIR SYSTEM INSPECTION IAW Air Comm ICA 407H-500M-1. NO DEFECTS FOUND.,12/29/2025,2209.90,,,5848.00,,12,,,,,,,,,,,12/31/2026,,,,,,,,,,26,,2,,,,,,,,,,No,10+ Days,,12/31/2026,,,,,,,,,,,
N407JM,IHC Health Services,10/04/2026,5829.10,0,25 GARMIN G500H 5Y,Airframe,5829.10,,0,16558.00,INSPECTION,,ICA,,5 YEAR GARMIN G500H EARTH MAGNETIC FIELD MOD UPDATE OR VERIFY UPDATED IN THE AVIATION DATABASE,Garmin ICA 190-01150-21.,,,,,,Ref. Garmin ICA 190-01150-21.,12/30/2021,4305.40,,,11576.00,,60,,,,,,,,,,,12/31/2026,,,,,,,,,,26,,2,,,,,,,,,,No,10+ Days,,12/31/2026,,,,,,,,,,,
N862YB,IHC Health Services,10/04/2026,2591.10,0,25 HELIFAB 1 12M,Airframe,2591.10,,0,6688.00,INSPECTION,,ICA,,12 MONTH HELIFAB PASSENGER FRAMELESS SEAT CUSHIONS INSPECTION,Ref. Helifab HF-CA-7-1 REV. C,,,,,,Performed 12 MONTH HELIFAB PASSENGER FRAMELESS SEAT CUSHIONS INSPECTION Ref. Helifab HF-CA-7-1 REV. C,12/27/2025,1979.70,,,5242.00,0,12,,0,0.00,0.00,0,0,,0,0.00,0.00,12/31/2026,,,,,,,,,,26,,2,,,,,,,,,,No,10+ Days,,12/31/2026,,,,,,,,,,,
N466GH,IHC Health Services,10/04/2026,3267.50,0,25 HELIFAB 1 12M,Airframe,3267.50,,0,7636.00,INSPECTION,,ICA,,12 MONTH HELIFAB PASSENGER FRAMELESS SEAT CUSHIONS INSPECTION,Ref. Helifab HF-CA-7-1 REV. C,,,,,,INSPECTION REF ICA HF-CA-7-1,12/16/2025,2930.90,,,7177.00,0,12,,0,0.00,0.00,0,0,,0,0.00,0.00,12/31/2026,,,,,,,,,,26,,2,,,,,,,,,,No,10+ Days,,12/31/2026,,,,,,,,,,,
N862YB,IHC Health Services,10/04/2026,2591.10,0,25 HELIFAB 1014 12M,Airframe,2591.10,,0,6688.00,INSPECTION,,ICA,,12 MONTH HELIFAB FRONT FRAMELESS SEATS INSPECTION,HELIFAB ICA-RH407-1014 REV. 5,,,,,,Performed 12 MONTH HELIFAB FRONT FRAMELESS SEATS INSPECTION Ref. HELIFAB ICA-RH407-1014 REV. 5,12/27/2025,1979.70,,,5242.00,0,12,,0,0.00,0.00,0,0,,0,0.00,0.00,12/31/2026,,,,,,,,,,26,,2,,,,,,,,,,No,10+ Days,,12/31/2026,,,,,,,,,,,
N466GH,IHC Health Services,10/04/2026,3267.50,0,25 HELIFAB 1014 12M,Airframe,3267.50,,0,7636.00,INSPECTION,,ICA,,12 MONTH HELIFAB FRONT FRAMELESS SEATS INSPECTION,HELIFAB ICA-RH407-1014 REV. 5,,,,,,This STC was purchased by Helifab from Ramm Aerospace.,12/16/2025,2930.90,,,7177.00,0,12,,0,0.00,0.00,0,0,,0,0.00,0.00,12/31/2026,,,,,,,,,,26,,2,,,,,,,,,,No,10+ Days,,12/31/2026,,,,,,,,,,,
N862YB,IHC Health Services,10/04/2026,2591.10,0,25 HELIFAB 16 12M/1200HR,Airframe,2591.10,,0,6688.00,INSPECTION,,ICA,,12 MONTH/ 1200 HOUR HELIFAB ARTICULATING MEDICAL LITTER INSPECTION,HELIFAB HF-CA-7-16,,,,,,Performed 12 MONTH/ 1200 HOUR HELIFAB ARTICULATING MEDICAL LITTER INSPECTION Ref HELIFAB HF-CA-7-16,12/27/2025,1979.70,,,5242.00,0,12,1200.00,0,0.00,0.00,0,0,,0,0.00,0.00,12/31/2026,,3179.70,,,,,,,,26,,2,,588.60,,,,,,,,No,10+ Days,,12/31/2026,,,,,,,,,,,
N407MZ,IHC Health Services,10/05/2026,2805.50,0,25 HELIFAB 16 12M/1200HR,Airframe,2805.50,,0,7326.00,INSPECTION,,ICA,,12 MONTH/ 1200 HOUR HELIFAB ARTICULATING MEDICAL LITTER INSPECTION,HELIFAB HF-CA-7-16,,,,,,Performed 12 MONTH/ 1200 HOUR HELIFAB ARTICULATING MEDICAL LITTER INSPECTION,12/26/2025,2205.20,,,5836.00,0,12,1200.00,0,0.00,0.00,0,0,,0,0.00,0.00,12/31/2026,,3405.20,,,,,,,,26,,2,,599.70,,,,,,,,No,10+ Days,,12/31/2026,,,,,,,,,,,
N466GH,IHC Health Services,10/04/2026,3267.50,0,25 HELIFAB 16 12MO/1200HR,Airframe,3267.50,,0,7636.00,INSPECTION,,ICA,,1200 HR / 12 MO  MEDICAL PATIENT LITTER SYSTEM,HF-CA-7-16,,,,,,HELIFAB ICA Ref; HF-CA-7-16.,12/16/2025,2930.90,,,7177.00,0,12,1200.00,0,0.00,0.00,0,0,,0,0.00,0.00,12/31/2026,,4130.90,,,,,,,,26,,2,,863.40,,,,,,,,No,10+ Days,,12/31/2026,,,,,,,,,,,
N466GH,IHC Health Services,10/04/2026,3267.50,0,25 HELIFAB 206 1200HR/12M,Airframe,3267.50,,0,7636.00,INSPECTION,,ICA,,1200 HOUR/ 12 MONTH HELIFAB STORAGE BIN INSPECTION,HF-206-ICA-2500-0002,,,,,,REF HELIFAB HF-206-ICA-2500-0002,12/16/2025,2930.90,,,7177.00,0,12,1200.00,0,0.00,0.00,0,0,,0,0.00,0.00,12/31/2026,,4130.90,,,,,,,,26,,2,,863.40,,,,,,,,No,10+ Days,,12/31/2026,,,,,,,,,,,
N407MZ,IHC Health Services,10/05/2026,2805.50,0,25 HELIFAB 206 1200HR/12M,Airframe,2805.50,,0,7326.00,INSPECTION,,ICA,,1200 HOUR/ 12 MONTH HELIFAB STORAGE BIN INSPECTION,HF-206-ICA-2500-0002,,,,,,Performed 1200 HOUR/ 12 MONTH HELIFAB STORAGE BIN INSPECTION,12/26/2025,2205.20,,,5836.00,0,12,1200.00,0,0.00,0.00,0,0,,0,0.00,0.00,12/31/2026,,3405.20,,,,,,,,26,,2,,599.70,,,,,,,,No,10+ Days,,12/31/2026,,,,,,,,,,,
N862YB,IHC Health Services,10/04/2026,2591.10,0,25 HELIFAB 206 1200HR/12M,Airframe,2591.10,,0,6688.00,INSPECTION,,ICA,,1200 HR/ 12 MONTH HELIFAB STORAGE BIN INSPECTION,HELIFAB HF-206-ICA-2500-0002,,,,,,Performed 1200 HR/ 12 MONTH HELIFAB STORAGE BIN INSPECTION Ref. HELIFAB HF-206-ICA-2500-0002,12/27/2025,1979.70,,,5242.00,0,12,1200.00,0,0.00,0.00,0,0,,0,0.00,0.00,12/31/2026,,3179.70,,,,,,,,26,,2,,588.60,,,,,,,,No,10+ Days,,12/31/2026,,,,,,,,,,,
N862YB,IHC Health Services,10/04/2026,2591.10,0,25 HELIFAB 3 12M,Airframe,2591.10,,0,6688.00,INSPECTION,,ICA,,12  MONTH HELIFAB FLOOR PROTECTORS INSPECTION,HELIFAB HF-CA-7-3,,,,,,Performed 12  MONTH HELIFAB FLOOR PROTECTORS INSPECTION Ref HELIFAB HF-CA-7-3,12/27/2025,1979.70,,,5242.00,0,12,,0,0.00,0.00,0,0,,0,0.00,0.00,12/31/2026,,,,,,,,,,26,,2,,,,,,,,,,No,10+ Days,,12/31/2026,,,,,,,,,,,
N407MZ,IHC Health Services,10/05/2026,2805.50,0,25 HELIFAB 3 12M,Airframe,2805.50,,0,7326.00,INSPECTION,,ICA,,12  MONTH HELIFAB FLOOR PROTECTORS INSPECTION,HELIFAB HF-CA-7-3,,,,,,PERFOREMD 12  MONTH HELIFAB FLOOR PROTECTORS INSPECTION,12/26/2025,2205.20,,,5836.00,0,12,,0,0.00,0.00,0,0,,0,0.00,0.00,12/31/2026,,,,,,,,,,26,,2,,,,,,,,,,No,10+ Days,,12/31/2026,,,,,,,,,,,
N862YB,IHC Health Services,10/04/2026,2591.10,0,25 HELIFAB BTL MNT 12M/1200HR,Airframe,2591.10,,0,6688.00,INSPECTION,,ICA,,12 MONTH/ 1200 HOUR HELIFAB PORTABLE OXYGEN BOTTLE MOUNT INSPECTION,HF-206-ICA-OXYGEN BOTTLE MOUNT-1,,,,,,Performed 12 MONTH/ 1200 HOUR HELIFAB PORTABLE OXYGEN BOTTLE MOUNT INSPECTION Ref HF-206-ICA-OXYGEN BOTTLE MOUNT-1,12/27/2025,1979.70,,,5242.00,0,12,1200.00,0,0.00,0.00,0,0,,0,0.00,0.00,12/31/2026,,3179.70,,,,,,,,26,,2,,588.60,,,,,,,,No,10+ Days,,12/31/2026,,,,,,,,,,,
N407MZ,IHC Health Services,10/05/2026,2805.50,0,25 HELIFAB BTL MNT 12M/1200HR,Airframe,2805.50,,0,7326.00,INSPECTION,,ICA,,12 MONTH/ 1200 HOUR HELIFAB PORTABLE OXYGEN BOTTLE MOUNT INSPECTION,HF-206-ICA-OXYGEN BOTTLE MOUNT-1,,,,,,Performed 12 MONTH/ 1200 HOUR HELIFAB PORTABLE OXYGEN BOTTLE MOUNT INSPECTION,12/26/2025,2205.20,,,5836.00,0,12,1200.00,0,0.00,0.00,0,0,,0,0.00,0.00,12/31/2026,,3405.20,,,,,,,,26,,2,,599.70,,,,,,,,No,10+ Days,,12/31/2026,,,,,,,,,,,
N407MZ,IHC Health Services,10/05/2026,2805.50,0,25 PULSELITE 12M,Airframe,2805.50,,0,7326.00,INSPECTION,,ICA,,12 MONTH PRECISE FLIGHT PULSELITE INSPECTION,Precise Flight Document 000PMAN0002,,,,,,ACCOMPLISHED 12 MONTH PRECISE FLIGHT PULSELITE INSPECTION IAW Precise Flight Document 000PMAN0002. NO DEFECTS FOUND.,12/29/2025,2209.90,,,5848.00,,12,,,,,,,,,,,12/31/2026,,,,,,,,,,26,,2,,,,,,,,,,No,10+ Days,,12/31/2026,,,,,,,,,,,
N862YB,IHC Health Services,10/04/2026,2591.10,0,25 TANIS 1,Airframe,2591.10,,0,6688.00,INSPECTION,,ICA,,12 MONTH TANIS PRE-HEAT KIT INSPECTION,Tanis TCA1000 REV. D,,,,,,Performed 12 MONTH TANIS PRE-HEAT KIT INSPECTION Ref. Tanis TCA1000 REV. D,12/28/2025,1979.70,,,5242.00,,12,,,,,,,,,,,12/31/2026,,,,,,,,,,26,,2,,,,,,,,,,No,10+ Days,,12/31/2026,,,,,,,,,,,
N407MZ,IHC Health Services,10/05/2026,2805.50,0,25 TANIS 1,Airframe,2805.50,,0,7326.00,INSPECTION,,ICA,,12 MONTH TANIS PRE-HEAT KIT INSPECTION,TANIS TCA1000 REV. D,,,,,,ACCOMPLISHED 12 MONTH TANIS PRE-HEAT KIT INSPECTION IAW TANIS TCA1000 REV. D. NO DEFECTS FOUND,12/29/2025,2209.90,,,5848.00,,12,,,,,,,,,,,12/31/2026,,,,,,,,,,26,,2,,,,,,,,,,No,10+ Days,,12/31/2026,,,,,,,,,,,
N862YB,IHC Health Services,10/04/2026,2591.10,0,25 WYSONG LIGHT BAR 12M,Airframe,2591.10,,0,6688.00,INSPECTION,,ICA,,12 MONTH WYSONG LIGHT BAR KIT INSPECTION,WYSONG WE15005,,,,,,Performed 12 MONTH WYSONG LIGHT BAR KIT INSPECTION Ref. WYSONG WE15005,12/27/2025,1979.70,,,5242.00,0,12,,0,0.00,0.00,0,0,,0,0.00,0.00,12/31/2026,,,,,,,,,,26,,2,,,,,,,,,,No,10+ Days,,12/31/2026,,,,,,,,,,,
N407MZ,IHC Health Services,10/05/2026,2805.50,0,25 WYSONG LIGHT BAR 12M,Airframe,2805.50,,0,7326.00,INSPECTION,,ICA,,12 MONTH WYSONG LIGHT BAR KIT INSPECTION,WYSONG WE15005,,,,,,ACCOMPLISHED 12 MONTH WYSONG LIGHT BAR KIT INSPECTION IAW WYSONG WE15005. NO DEFECTS FOUND.,12/30/2025,2209.90,,,5848.00,0,12,,0,0.00,0.00,0,0,,0,0.00,0.00,12/31/2026,,,,,,,,,,26,,2,,,,,,,,,,No,10+ Days,,12/31/2026,,,,,,,,,,,
N407MZ,IHC Health Services,10/05/2026,2805.50,0,25 WYSONG T/R LIGHT 12M,Airframe,2805.50,,0,7326.00,INSPECTION,,ICA,,12 MONTH WYSONG TAIL ROTOR LIGHT KIT INSPECTION,WYSONG WE15010,,,,,,ACCOMPLISHED 12 MONTH WYSONG TAIL ROTOR LIGHT KIT INSPECTION IAW WYSONG WE15010. NO DEFECTS NOTED.,12/30/2025,2209.90,,,5848.00,0,12,,0,0.00,0.00,0,0,,0,0.00,0.00,12/31/2026,,,,,,,,,,26,,2,,,,,,,,,,No,10+ Days,,12/31/2026,,,,,,,,,,,
N407CH,IHC Health Services,10/04/2026,17743.70,1,26 00-00,Airframe,17743.70,,1,43738.00,PART,Overhaul,HYDROSTATIC TEST,,COCKPIT FIRE EXTINGUISHER HYDROSTATIC TEST,NFPA 10 Ch. 8.3.1.,A344,A-35369669,,,,"HALON/ CLASS 2-B, C",04/25/2023,15027.10,,,,,144,,,,,,,,,,,12/31/2026,,,,,,,,,,26,,2,,,,,,,,,,No,10+ Days,,12/31/2026,46,46,46,2974.50,2974.50,2974.50,,,,,
N466GH,IHC Health Services,10/04/2026,3267.50,0,26 01-00,Airframe,3267.50,,0,7636.00,INSPECTION,,INSPECT,,12 MONTH FIRE EXTINGUISHER INSPECTION,NFPA 10 Ch. 7.3.2,,,,,,,12/17/2025,2930.90,,,7177.00,,12,,,,,,,,,,,12/31/2026,,,,,,,,,,26,,2,,,,,,,,,,No,10+ Days,,12/31/2026,,,,,,,,,,,
N407RU,IHC Health Services,09/23/2026,2043.40,0,26 01-00,Airframe,2043.40,,0,3639.00,INSPECTION,,INSPECT,Fire,12 MONTH FIRE EXTINGUISHER INSPECTION,NFPA 10 Ch. 7.3.2,A344,I57525086,,,,*SWAPPED FIRE EXTINGUISHER ON 12/7/2025.,12/07/2025,1654.00,,,2997.00,,12,,,,,,,,,,,12/31/2026,,,,,,,,,,26,,2,,,,,,,,,,No,10+ Days,,12/31/2026,,,,,,,,,,,
N407MZ,IHC Health Services,10/05/2026,2805.50,0,26 01-00,Airframe,2805.50,,0,7326.00,INSPECTION,,INSPECT,Fire,12 MONTH FIRE EXTINGUISHER INSPECTION,NFPA 10 Ch. 7.3.2,,,,,,,12/31/2025,2210.90,,,5850.00,,12,,,,,,,,,,,12/31/2026,,,,,,,,,,26,,2,,,,,,,,,,No,10+ Days,,12/31/2026,,,,,,,,,,,
N407LP,IHC Health Services,10/01/2026,4415.70,0,26 01-00,Airframe,4415.70,,0,11404.00,INSPECTION,,INSPECT,FIRE EXT,12 MONTH FIRE EXTINGUISHER INSPECTION,NFPA 10 Ch. 7.3.2,A344,I-10084782,,,,,12/29/2025,4012.50,,,10268.00,,12,,,,,,,,,,,12/31/2026,,,,,,,,,,26,,2,,,,,,,,,,No,10+ Days,,12/31/2026,,,,,,,,,,,
N407FC,IHC Health Services,10/05/2026,14985.10,0,26 01-00,Airframe,14985.10,,0,33090.00,INSPECTION,,INSPECT,FIRE EXTING,12 MONTH FIRE EXTINGUISHER INSPECTION,Ref. NFPA 10 Ch. 7.3.2.,A344,H-29719550,,,0.10,,12/02/2025,14543.80,,,32151.00,,12,,,,,,,,,,,12/31/2026,,,,,,,,,,26,,2,,,,,,,,,,No,10+ Days,,12/31/2026,,,,,,,,,,,
N466GH,IHC Health Services,10/04/2026,3267.50,0,34 91.411,Airframe,3267.50,,0,7636.00,INSPECTION,Life Limited,,,24 MONTH ALTIMETER TEST 91.411 PART 43 APPENDIX E,FAR 91.411 PART 43 APPENDIX E,,,,,,TEST AND CERTIFY,12/23/2024,2344.90,,,,,24,,,,,,,,,,,12/31/2026,,,,,,,,,,26,,2,,,,,,,,,,No,10+ Days,,12/31/2026,,,,,,,,,,,
N407MZ,IHC Health Services,10/05/2026,2805.50,0,34 91.411,Airframe,2805.50,,0,7326.00,INSPECTION,Life Limited,TEST,,24 MONTH ALTIMETER TEST 91.411 PART 43 APPENDIX E,FAR 91.411 PART 43 APPENDIX E,,,,,,TEST AND CERTIFY,12/23/2024,1337.80,,,,,24,,,,,,,,,,,12/31/2026,,,,,,,,,,26,,2,,,,,,,,,,No,10+ Days,,12/31/2026,,,,,,,,,,Monthly Planning,
N466GH,IHC Health Services,10/04/2026,3267.50,0,34 91.413,Airframe,3267.50,,0,7636.00,INSPECTION,Life Limited,,,24 MONTH TRANSPONDER TEST 14 CFR 91.413 PART 43 APPENDIX F,FAR 91.413 PART 43 APPENDIX F,,,,,,TEST AND CERTIFY,12/23/2024,2344.90,,,,,24,,,,,,,,,,,12/31/2026,,,,,,,,,,26,,2,,,,,,,,,,No,10+ Days,,12/31/2026,,,,,,,,,,Monthly Planning,
N407MZ,IHC Health Services,10/05/2026,2805.50,0,34 91.413,Airframe,2805.50,,0,7326.00,INSPECTION,Life Limited,TEST,,24 MONTH TRANSPONDER TEST 14 CFR 91.413 PART 43 APPENDIX F,FAR 91.413 PART 43 APPENDIX F,,,,,,"S/N: 3EH030625
TEST AND CERTIFY",12/23/2024,1337.80,,,,,24,,,,,,,,,,,12/31/2026,,,,,,,,,,26,,2,,,,,,,,,,No,10+ Days,,12/31/2026,,,,,,,,,,Monthly Planning,
N407TH,IHC Health Services,10/03/2026,8845.50,2,34 GARMIN GTX345R 12M,Airframe,8845.50,,2,20680.00,INSPECTION,,ICA,,12 MONTH GARMIN GTX 345R TRANSPONDER INSPECTION,GARMIN DOC. 190-00734-21 REV. 4,,,,,,REF.  GARMIN DOC. 190-00734-21 REV. 4,12/24/2025,8415.50,,,19736.00,0,12,,0,0.00,0.00,0,0,,0,0.00,0.00,12/31/2026,,,,,,,,,,26,,2,,,,,,,,,,No,10+ Days,,12/31/2026,,,,,,,,,,,
N7160V,IHC Health Services,10/04/2026,10771.90,0,25 AFS IVF 300HR/12M,Airframe,10771.90,,0,27183.00,INSPECTION,,ICA,0058,300 HOUR/12 MONTH DONALDSON IVF FILTER CLEANING AND INSPECTION,AFS-BH407-IBF-KIT-ICA,,,,,0.40,"Ref. Donaldson Filtration Solutions ICA AFS-BH407-IBF-KIT-ICA, Table 1 and paragraph 7.3.",04/21/2026,10602.10,,,26789.00,,12,300.00,,,,,,,,,,04/30/2027,,10902.10,,,,,,,,25,,6,,130.20,,,,,,,,No,10+ Days,,12/31/2026,,,,,,,,,,,
N7160V,IHC Health Services,10/04/2026,10771.90,0,72 50-11,Engine 1,3513.30,5819.00,,,PART,Life Limited,,turbine,1ST STAGE WHEEL,,M250-10227,X668784,,,,,09/10/2021,1794.10,,2994.00,,,,2025.00,,3000.00,,,,,,,,,,3819.10,,,,5994.00,,,,,,,,305.80,,,,175.00,,,,No,10+ Days,,12/31/2026,0,0,0,0.00,0.00,0.00,,,,Monthly Planning,
N7160V,IHC Health Services,10/04/2026,10771.90,0,72 50-12,Engine 1,3513.30,5819.00,,,PART,Life Limited,,turbine,2ND STAGE WHEEL,,M250-10658,X676309,,,,,09/10/2021,1794.10,,2994.00,,,,2025.00,,3000.00,,,,,,,,,,3819.10,,,,5994.00,,,,,,,,305.80,,,,175.00,,,,No,10+ Days,,12/31/2026,0,0,0,0.00,0.00,0.00,,,,Monthly Planning,
N407PW,IHC Health Services,10/04/2026,1441.00,0,25 60.01,Airframe,1441.00,,0,1740.00,INSPECTION,,,,SWITLIK LIFE VEST 6 MONTH INSPECTION,GOM,,,,,,Refer to most recent GMM rev,07/01/2026,1309.30,,,1567.00,0,6,,0,0.00,0.00,0,0,,0,0.00,0.00,01/01/2027,,,,,,,,,,27,,2,,,,,,,,,,No,10+ Days,,01/01/2027,,,,,,,,,,Pilot Task; PILOT GOM,
N862YB,IHC Health Services,10/04/2026,2591.10,0,26 01-00,Airframe,2591.10,,0,6688.00,INSPECTION,,INSPECT,FIRE EXT,12 MONTH FIRE EXTINGUISHER INSPECTION,NFPA 10 Ch. 7.3.2,600W,A25948701,,,,Complied with 12 MONTH FIRE EXTINGUISHER INSPECTION ref NFPA 10 Ch. 7.3.2,01/01/2026,1996.60,,,5274.00,,12,,,,,,,,,,,01/01/2027,,,,,,,,,,27,,2,,,,,,,,,,No,10+ Days,,01/01/2027,,,,,,,,,,,
N466GH,IHC Health Services,10/04/2026,3267.50,0,72 72/300,Engine 1,2722.50,4522.00,,,INSPECTION,,INSPECT,,300 HOUR/12 MONTH ENGINE INSPECTION,RR M250-C47B OMM 72-00-00-200-801 TABLE 6,,,,,,"**USE TABLE 6 ONLY DUE TO SERVICE WITH MOBIL 254 OIL (3RD GENERATION OIL)** In addition to the 150 hour inspection items, perform the following: **SEE SUB ITEMS**",07/11/2026,2599.70,,4357.00,,,12,300.00,,,,,,,,,,07/11/2027,,2899.70,,,,,,,,6,,9,,177.20,,,,,,,,No,10+ Days,,01/01/2027,,,,,,,,,,,
N407ZM,IHC Health Services,10/04/2026,5575.00,1722,25 PARAVION SNOW DEFL 300HR/12M,Airframe,5575.00,,1722,13725.00,INSPECTION,,ICA,,300 HOUR/12 MONTH PARAVION SNOW DEFLECTOR AND DZUS HARDWARE INSPECTION,Paravion PR-206/407SD-120M REV. 4,,,,,0.20,REF : Paravion PR-206/407SD-120M REV. 4,09/04/2026,5527.20,,,13614.00,,12,300.00,,,,,,,,,,09/30/2027,,5827.20,,,,,,,,25,,11,,252.20,,,,,,,,No,10+ Days,,01/03/2027,,,,,,,,,,,
N407CP,IHC Health Services,10/04/2026,10206.30,1,25 REBTECH  200HR/12M,Airframe,10206.30,,1,22355.00,INSPECTION,,ICA,,200 HOUR/12 MONTH REBTECH NIGHT VISION INSPECTION,Rebtech ICA Document 98020407-ICA REV. H,,,,,,,07/24/2026,10141.60,,,22203.00,0,12,200.00,0,0.00,0.00,0,0,,0,0.00,0.00,07/24/2027,,10341.60,,,,,,,,19,,9,,135.30,,,,,,,,No,10+ Days,,01/03/2027,,,,,,,,,,,
N7160V,IHC Health Services,10/04/2026,10771.90,0,25 REBTECH 12M/200HR,Airframe,10771.90,,0,27183.00,INSPECTION,,ICA,,200 HOUR/12 MONTH REBTECH NIGHT VISION INSPECTION,Rebtech ICA Document 98020407-ICA REV. H,,,,,,Visual Inspection of systems only.,08/13/2026,10707.30,,,27030.00,0,12,200.00,0,0.00,0.00,0,0,,0,0.00,0.00,08/13/2027,,10907.30,,,,,,,,8,,10,,135.40,,,,,,,,No,10+ Days,,01/03/2027,,,,,,,,,,,
N466GH,IHC Health Services,10/04/2026,3267.50,0,64 10-00,Airframe,3267.50,,0,7636.00,PART,Overhaul,RII,,(RII) TAIL ROTOR HUB ASSEMBLY - OVERHAUL,"BHT-407-MPI, Ch. 5,  Component Overhaul Schedule",407-012-101-113,HB1119,,,,"Ref. BHT-407-MPI, Ch. 5,  Component Overhaul Schedule, Table 1.Ref. DMC-407-A-05-10-00-02A-281A-A.",04/09/2025,2486.60,,,,,,2500.00,,,,,,,,,,,,3448.50,,,,,,,,,,,,181.00,,,,,,,,No,10+ Days,,01/03/2027,,,,3933.00,1538.10,1538.10,,,,RII; Monthly Planning,
N407ZM,IHC Health Services,10/04/2026,5575.00,1722,72 00-10,Engine 1,4226.10,9084.00,,,PART,Overhaul,RII,CAE-848843,(RII) COMPRESSOR  BLEED VALVE - OVERHAUL,Rolls-Royce Publication CSP21001,23073353,FF36000,,,,,12/17/2023,2979.80,,6861.00,,,,1500.00,,,,,,,,,,,,4479.80,,,,,,,,,,,,253.70,,,,,,,,No,10+ Days,,01/03/2027,19,0,19,492.70,0.00,492.70,,,,RII,
N407TH,IHC Health Services,10/03/2026,8845.50,2,24 20-01,Airframe,8845.50,,2,20680.00,PART,Overhaul,ICA,,(RII) AIRCRAFT BATTERY RECONDITION / CAPACITY CHECK,MARATHONNORCO AEROSPACE 24-34-00 REV. 19,31908-001,11400404,,,,,06/23/2026,8682.40,,,20307.00,,12,300.00,,,,,,,,,,06/30/2027,,8982.40,,,,,,,,25,,8,,136.90,,,,,,,,No,10+ Days,,01/04/2027,,0,,,0.00,,,,,RII,
N407LP,IHC Health Services,10/01/2026,4415.70,0,05 DOOR PIN CLASSIC RECOMMEND,Airframe,4415.70,,0,11404.00,INSPECTION,,ICA,,300 HOUR / 12 MONTH JETTISONABLE DOOR PIN INSPECTION - CLASSIC RECOMMENDATION,DMC-407-A-52-10-00-05A-280A-A,,,,,,REF: DMC-407-A-52-10-00-05A-280A-A,06/08/2026,4252.70,,,10964.00,0,12,300.00,0,0.00,0.00,0,0,,0,0.00,0.00,06/08/2027,,4552.70,,,,,,,,3,,8,,137.00,,,,,,,,No,10+ Days,,01/04/2027,,,,,,,,,,,
N407LP,IHC Health Services,10/01/2026,4415.70,0,25 337 SNAP VENT,Airframe,4415.70,,0,11404.00,INSPECTION,,ICA,,300 HOUR SNAP VENT WINDOW INSPECTION,FAA Form 337 Dated 12/05/2014,,,,,,FAA FORM 337 IN ATTACHMENTS DATED 12/05/2014,06/08/2026,4252.70,,,10964.00,,,300.00,,,,,,,,,,,,4552.70,,,,,,,,,,,,137.00,,,,,,,,No,10+ Days,,01/04/2027,,,,,,,,,,,
N407LP,IHC Health Services,10/01/2026,4415.70,0,25 337 WHELEN LOADING LIGHTS,Airframe,4415.70,,0,11404.00,INSPECTION,,ICA,,300 HOUR/12 MONTH WHELEN LOADING LIGHT INSPECTION,FAA FORM 337 DATED 11/04/2014,,,,,,FAA FORM 337 IN ATTACHMENTS DATED 11/04/2014,06/08/2026,4252.70,,,10964.00,,12,300.00,,,,,,,,,,06/30/2027,,4552.70,,,,,,,,25,,8,,137.00,,,,,,,,No,10+ Days,,01/04/2027,,,,,,,,,,,
N407LP,IHC Health Services,10/01/2026,4415.70,0,25 AA FLT/FLOAT STEP 300HR/12M,Airframe,4415.70,,0,11404.00,INSPECTION,,ICA,,300 HOUR/12 MONTH AERONAUTICAL ACCESSORIES FLIGHTSTEP/FLOATSTEP INSPECTION,AERONAUTICAL ACCESSORIES AA-01162 REV. J,,,,,,,06/08/2026,4252.70,,,10964.00,,12,300.00,,,,,,,,,,06/30/2027,,4552.70,,,,,,,,25,,8,,137.00,,,,,,,,No,10+ Days,,01/04/2027,,,,,,,,,,,
N407LP,IHC Health Services,10/01/2026,4415.70,0,25 DART BEARPAW,Airframe,4415.70,,0,11404.00,INSPECTION,,ICA,,300 HOUR/12 MONTH DART BEAR PAW INSPECTION,DART ICA-D206-559 REV. 5,,,,,,,06/08/2026,4252.70,,,10964.00,,12,300.00,,,,,,,,,,06/30/2027,,4552.70,,,,,,,,25,,8,,137.00,,,,,,,,No,10+ Days,,01/04/2027,,,,,,,,,,,
N407LP,IHC Health Services,10/01/2026,4415.70,0,25 PARAVION SNOW DEFL 300HR/12MO,Airframe,4415.70,,0,11404.00,INSPECTION,,ICA,,300 HOUR/12 MONTH PARAVION SNOW DEFLECTOR AND DZUS HARDWARE INSPECTION,Ref. Paravion PR-206/407SD-120M,,,,,,,06/08/2026,4252.70,,,10964.00,,12,300.00,,,,,,,,,,06/30/2027,,4552.70,,,,,,,,25,,8,,137.00,,,,,,,,No,10+ Days,,01/04/2027,,,,,,,,,,,
N407LP,IHC Health Services,10/01/2026,4415.70,0,407-23-133,Airframe,4415.70,,0,11404.00,ASB,,,,HORIZONTAL STABILIZER AND CARGO HOOK FITTINGS - SELF LOCKING INSERTS INSPECTION,ASB 407-23-133,,,,,,300HR/12M RECURRING INSPECTION FOR AIRCRAFT AFFECTED.,06/08/2026,4252.70,,,10964.00,0,12,300.00,0,0.00,0.00,0,0,,0,0.00,0.00,06/08/2027,,4552.70,,,,,,,,3,,8,,137.00,,,,,,,,No,10+ Days,,01/04/2027,,,,,,,,,,,
N862YB,IHC Health Services,10/04/2026,2591.10,0,25 GARMIN GTX335/345 12M,Airframe,2591.10,,0,6688.00,INSPECTION,,ICA,,12 MONTH GARMIN GTX335/345 TRANSPONDER VISUAL INSPECTION,GARMIN DOC. 190-00734-21 REV. 4,,,,,,GARMIN G100H NXI 190-02271-00 REV.2 TABLE 8-2   **MANUAL FOUND IN BELL 407 GXi COMPONENT MAINTENANCE MANUAL VENDOR DATA**,01/05/2026,1996.60,,,5274.00,0,12,,0,0.00,0.00,0,0,,0,0.00,0.00,01/05/2027,,,,,,,,,,0,,3,,,,,,,,,,No,10+ Days,,01/05/2027,,,,,,,,,,,
N407LP,IHC Health Services,10/01/2026,4415.70,0,25 AFS IBF 300HR/12M,Airframe,4415.70,,0,11404.00,INSPECTION,,ICA,0976,(RII) 300 HOUR/12 MONTH DONALDSON IBF FILTER CLEANING AND INSPECTION,AFS-BH407-IBF-KIT-ICA,,,,,,"Ref. Donaldson Filtration Solutions ICA AFS-BH407-IBF-KIT-ICA, Table 1 and paragraph 7.3.",06/10/2026,4253.60,,,10968.00,,12,300.00,,,,,,,,,,06/30/2027,,4553.60,,,,,,,,25,,8,,137.90,,,,,,,,No,10+ Days,,01/05/2027,,,,,,,,,,RII,
N407LP,IHC Health Services,10/01/2026,4415.70,0,63 11-10,Airframe,4415.70,,0,11404.00,PART,Overhaul,,,(RII) MAIN ROTOR MAST ASSEMBLY - OVERHAUL,DMC-407-A-05-10-00-02A-281A-A  Table 1.,407-040-011-107,53558,,,,,11/30/2021,2055.10,,,,,,2500.00,,,,,,250.00,,,,,,4555.10,,,,,,,,,,,,139.40,,,,,,,,No,10+ Days,,01/06/2027,0,0,0,5536.70,0.00,0.00,,,,RII; Monthly Planning,
N407PW,IHC Health Services,10/04/2026,1441.00,0,25 DART BEARPAW,Airframe,1441.00,,0,1740.00,INSPECTION,,ICA,,300 HOUR/12 MONTH DART BEAR PAW INSPECTION,Ref. DART ICA-D206-559,,,,,,,08/27/2026,1374.50,,,1647.00,0,12,300.00,0,0.00,0.00,0,0,,0,0.00,0.00,08/27/2027,,1674.50,,,,,,,,22,,10,,233.50,,,,,,,,No,10+ Days,,01/06/2027,,,,,,,,,,,
N407TH,IHC Health Services,10/03/2026,8845.50,2,34 GARMIN G500H 2000HR/10Y,Airframe,8845.50,,2,20680.00,INSPECTION,,ICA,,2000 HOUR /10 YEAR GARMIN G500H FLIGHT DISPLAY SYS ELECTRICAL BONDING TEST,GARMIN DOC 190-01150-21 REV. 5,,,,,,"GDU 620, GRS 77H, GDC 74H, GMU 44, GTP 59 are all installed see 337 dated 5/20/2014 for details.",11/12/2022,6985.60,,,16819.00,,120,2000.00,,,,,,,,,,11/12/2032,,8985.60,,,,,,,,7,,73,,140.10,,,,,,,,No,10+ Days,,01/06/2027,,,,,,,,,,,
N407LP,IHC Health Services,10/01/2026,4415.70,0,72 72/150,Engine 1,4216.70,8153.00,,,INSPECTION,,INSPECT,,150 HOUR/ 12 MONTH ENGINE INSPECTION,M250-C47B OMM   72-00-00-200-801 Table  6.,,,,,,"**USE TABLE 6 ONLY DUE TO SERVICE WITH MOBIL 254 OIL (3RD GENERATION OIL)** CAUTION: BEFORE YOU UNDERTAKE A INSPECTION OR MAINTENANCE ACTION, CONSULT THE REFERENCED PARAGRAPHS OF THE OPERATION AND MAINTENANCE MANUAL. FAILURE TO DO SO COULD RESULT IN EQUIPMENT DAMAGE OR DESTRUCTION AND POSSIBLY RESULT IN PERSONNEL DEATH OR INJURY. NOTE: Compliance to the 150 hour and 300 hour items in this table must be performed at least every 12 calendar months or by hours, whichever occurs first. This inspection checklist can only be used if the operator uses an approved third generation (hts) oil.",09/16/2026,4206.90,,8124.00,,,12,150.00,,,,,,,,,,09/30/2027,,4356.90,,,,,,,,25,,11,,140.20,,,,,,,,No,10+ Days,,01/06/2027,,,,,,,,,,,
N407PW,IHC Health Services,10/04/2026,1441.00,0,25 GARMIN GTX335/345 12M,Airframe,1441.00,,0,1740.00,INSPECTION,,ICA,,12 MONTH GARMIN GTX335/345 TRANSPONDER VISUAL INSPECTION,GARMIN G100H NXI 190-02271-00 REV.2,,,,,,GARMIN G1000H NXI 190-02271-00 REV.2 para 8.9.1 - MANUAL FOUND IN BELL 407 GXi COMPONENT MAINTENANCE MANUAL VENDOR DATA,01/07/2026,1056.40,,,1256.00,0,12,,0,0.00,0.00,0,0,,0,0.00,0.00,01/07/2027,,,,,,,,,,2,,3,,,,,,,,,,No,10+ Days,,01/07/2027,,,,,,,,,,,
N407CP,IHC Health Services,10/04/2026,10206.30,1,25 HELIFAB 16 12M/1200HR,Airframe,10206.30,,1,22355.00,INSPECTION,,ICA,,12 MONTH/ 1200 HOUR HELIFAB ARTICULATING MEDICAL LITTER INSPECTION,HELIFAB HF-CA-7-16,,,,,,,01/08/2026,9951.60,,,21734.00,0,12,1200.00,0,0.00,0.00,0,0,,0,0.00,0.00,01/08/2027,,11151.60,,,,,,,,3,,3,,945.30,,,,,,,,No,10+ Days,,01/08/2027,,,,,,,,,,,
N407CP,IHC Health Services,10/04/2026,10206.30,1,25 HELIFAB 206 1200HR/12M,Airframe,10206.30,,1,22355.00,INSPECTION,,ICA,,1200 HR/ 12 MONTH HELIFAB STORAGE BIN INSPECTION,HELIFAB HF-206-ICA-2500-0002,,,,,,,01/08/2026,9951.60,,,21734.00,0,12,1200.00,0,0.00,0.00,0,0,,0,0.00,0.00,01/08/2027,,11151.60,,,,,,,,3,,3,,945.30,,,,,,,,No,10+ Days,,01/08/2027,,,,,,,,,,,
N407CP,IHC Health Services,10/04/2026,10206.30,1,25 HELIFAB 3 12M,Airframe,10206.30,,1,22355.00,INSPECTION,,ICA,,12  MONTH HELIFAB FLOOR PROTECTORS INSPECTION,HELIFAB HF-CA-7-3,,,,,,,01/08/2026,9951.60,,,21734.00,0,12,,0,0.00,0.00,0,0,,0,0.00,0.00,01/08/2027,,,,,,,,,,3,,3,,,,,,,,,,No,10+ Days,,01/08/2027,,,,,,,,,,,
N407CP,IHC Health Services,10/04/2026,10206.30,1,25 HELIFAB BTL MNT 12M/1200HR,Airframe,10206.30,,1,22355.00,INSPECTION,,ICA,,12 MONTH/ 1200 HOUR HELIFAB PORTABLE OXYGEN BOTTLE MOUNT INSPECTION,HF-206-ICA-OXYGEN BOTTLE MOUNT-1,,,,,,,01/08/2026,9951.60,,,21734.00,0,12,1200.00,0,0.00,0.00,0,0,,0,0.00,0.00,01/08/2027,,11151.60,,,,,,,,3,,3,,945.30,,,,,,,,No,10+ Days,,01/08/2027,,,,,,,,,,,
N862YB,IHC Health Services,10/04/2026,2591.10,0,34 DATA LOG,Airframe,2591.10,,0,6688.00,INSPECTION,,,,12 MONTH DOWNLOAD (SAVE) AND DELETE DATA LOG FILES,DMC-407-A-95-64-08-02A-090A-A,,,,,,CAUTION **DO NOT DELETE THE DATA_LOG FOLDER FROM THE MAINTENANCE SD CARD. THIS FOLDER IS REQUIRED IN ORDER FOR THE SYSTEM TO SAVE THE FLIGHT DATA INFORMATION FILES.**,01/08/2026,1996.60,,,5274.00,0,12,,0,0.00,0.00,0,36,,0,0.00,0.00,01/08/2027,,,,,,,,,,3,,3,,,,,,,,,,No,10+ Days,,01/08/2027,,,,,,,,,,,
N407ZM,IHC Health Services,10/04/2026,5575.00,1722,63 22-11,Airframe,5575.00,,1722,13725.00,INSPECTION,,INSPECT,1258,(RII) ROTOR BRAKE DISC - INSPECTION,"BHT-407-CR&O-V, Chapter 63",,,,,,"Ref. Northwest Dynamics B0223-OM4, section 1.",07/13/2024,4641.00,,,11552.00,,,1200.00,,,,,,,,,,,,5841.00,,,,,,,,,,,,266.00,,,,,,,,No,10+ Days,,01/08/2027,,,,,,,,,,RII; Monthly Planning,
N407PW,IHC Health Services,10/04/2026,1441.00,0,72 INSP 600HR/12MO,Engine 1,1441.00,1542.00,,,INSPECTION,,RII,CAE-848668,(RII) 600 HOUR/ 12 MONTH ENGINE OIL & SCAVENGE OIL FILTER CHANGE,RR-M250-C47E/4 O&M Chapter 79-10-00,,,,,,"Ref. Rolls-Royce M250-C47E/4 O&M, Chapter 72-00-00 Table 606 and Chapter 79-10-00. Filter is replaced when oil is changed as a HSU recommended item.",01/27/2026,1079.20,,1135.00,,,12,600.00,,,,,,,,,,01/31/2027,,1679.20,,,,,,,,26,,3,,238.20,,,,,,,,No,10+ Days,,01/08/2027,,,,,,,,,,RII,
N407TK,IHC Health Services,10/04/2026,5381.40,0,25 AA TB RADAR ALT MNT KIT,Airframe,5381.40,,0,15301.00,INSPECTION,,ICA,,100 HOUR TAILBOOM RADAR ALTIMETER MOUNT KIT INSPECTION,Aeronautical Accessories ICA AA-TBA-16-008 REV. B,,,,,0.50,,10/03/2026,5377.80,,,15290.00,,,100.00,,,,,,,,,,,,5477.80,,,,,,,,,,,,96.40,,,,,,,,No,10+ Days,,01/09/2027,,,,,,,,,,,
N407TK,IHC Health Services,10/04/2026,5381.40,0,25 AFS IBF 100HR,Airframe,5381.40,,0,15301.00,INSPECTION,,ICA,,100 HOUR DONALDSON IBF VISUAL INSPECTION,REF. AFS-BH407-IBF-KIT-ICA,,,,,0.50,,10/03/2026,5377.80,,,15290.00,,,100.00,,,,,,,,,,,,5477.80,,,,,,,,,,,,96.40,,,,,,,,No,10+ Days,,01/09/2027,,,,,,,,,,,
N407TK,IHC Health Services,10/04/2026,5381.40,0,25 AFS IVF 100HR,Airframe,5381.40,,0,15301.00,INSPECTION,,ICA,,100 HOUR DONALDSON IVF INSPECTION,AFS-BH407-IBF-KIT-ICA,,,,,0.50,,10/03/2026,5377.80,,,15290.00,,,100.00,,,,,,,,,,,,5477.80,,,,,,,,,,,,96.40,,,,,,,,No,10+ Days,,01/09/2027,,,,,,,,,,,
N407TK,IHC Health Services,10/04/2026,5381.40,0,25 HELIFAB EQUIPMNET RACK 100HR,Airframe,5381.40,,0,15301.00,INSPECTION,,ICA,,100 HOUR HELIFAB EQUIPMENT RACK INSPECTION,DOC. HF-CA-7-16,,,,,,,10/03/2026,5377.80,,,15290.00,0,,100.00,0,0.00,0.00,0,0,,0,0.00,0.00,,,5477.80,,,,,,,,,,,,96.40,,,,,,,,No,10+ Days,,01/09/2027,,,,,,,,,,,
N407TK,IHC Health Services,10/04/2026,5381.40,0,25 LIFEPORT CARRIAGE 100HR,Airframe,5381.40,,0,15301.00,INSPECTION,,ICA,,100 HOUR LIFEPORT AIR MED CARRIAGE SYSTEM INSPECTION,LIFEPORT DOC. ERG-511-12,,,,,0.50,,10/03/2026,5377.80,,,15290.00,,,100.00,,,,,,,,,,,,5477.80,,,,,,,,,,,,96.40,,,,,,,,No,10+ Days,,01/09/2027,,,,,,,,,,,
N407TK,IHC Health Services,10/04/2026,5381.40,0,25 LIFEPORT MEDPAK 100HR/12M,Airframe,5381.40,,0,15301.00,INSPECTION,,ICA,,100 HOUR/12 MONTH LIFEPORT MEDPAK SYSTEM INSPECTION,LIFEPORT DOC. EGR-508-13,,,,,0.50,,10/03/2026,5377.80,,,15290.00,,12,100.00,,,,,,,,,,10/31/2027,,5477.80,,,,,,,,26,,12,,96.40,,,,,,,,No,10+ Days,,01/09/2027,,,,,,,,,,,
N407TK,IHC Health Services,10/04/2026,5381.40,0,62 04-10,Airframe,5381.40,,0,15301.00,INSPECTION,,AIRWORTHINESS,LK1139,100 HOUR MAIN ROTOR YOKE ASSEMBLY AIRWORTHINESS LIMITATIONS  INSPECTION,"BHT-407-MPI, Ch. 4 Airworthiness Limitations",,,,,1.00,,10/03/2026,5377.80,,,15290.00,,,100.00,,,,,,,,,,,,5477.80,,,,,,,,,,,,96.40,,,,,,,,No,10+ Days,,01/09/2027,,,,,,,,,,,
N407CP,IHC Health Services,10/04/2026,10206.30,1,ASB 407-26-146,Airframe,10206.30,,1,22355.00,ASB,,,,"ALERT SERVICE BULLETIN - GARMIN G1000H NXI SOFTWARE 006-B1237-24, INTRODUCTION OF",,,,,,,,05/08/2026,10021.10,,,21907.00,0,12,330.00,0,0.00,0.00,0,0,,0,0.00,0.00,05/31/2027,,10351.10,,,,,,,,26,,7,,144.80,,,,,,,,No,10+ Days,,01/09/2027,,,,,,,,,,,
N407CN,IHC Health Services,10/02/2026,4963.50,0,53 04-300,Airframe,4963.50,,0,11871.00,INSPECTION,,AIRWORTHINESS,,300 HOUR TAILBOOM ASSEMBLY AIRWORTHINESS LIMITATIONS INSPECTION,DMC-407-A-04-00-00-00A-288A-A TABLE 2,,,,,,"Ref. BHT-407-MPI, CH. 4 AIRWORTHINESS LIMITATIONS, DMC-407-A-04-00-00-00A-288A-A, Table 2 and Figure 5.",10/28/2025,4784.60,,,11359.00,0,0,300.00,0,0.00,0.00,0,0,,0,0.00,0.00,,,5084.60,,,,,,,,,,,,121.10,,,,,,,,No,10+ Days,,01/10/2027,,,,,,,,,,,
N407FC,IHC Health Services,10/05/2026,14985.10,0,407-23-133,Airframe,14985.10,,0,33090.00,ASB,,,,HORIZONTAL STABILIZER AND CARGO HOOK FITTINGS - SELF LOCKING INSERTS INSPECTION,ASB 407-23-133,,,,,,300HR/12M RECURRING INSPECTION FOR AIRCRAFT AFFECTED.,07/26/2026,14879.20,,,32868.00,0,12,300.00,0,0.00,0.00,0,0,,0,0.00,0.00,07/26/2027,,15179.20,,,,,,,,21,,9,,194.10,,,,,,,,No,10+ Days,,01/10/2027,,,,,,,,,,,
N469JX,IHC Health Services,09/30/2026,3681.00,0,72 00-10,Engine 1,13771.80,23334.00,,,PART,Overhaul,RII,847076,(RII)   COMPRESSOR  BLEED VALVE - OVERHAUL,,23073353,FF27697,,,,,09/16/2024,12612.50,,,,,,1500.00,,,,,,,,,,,,14112.50,,,,,,,,,,,,340.70,,,,,,,,No,10+ Days,,01/10/2027,,,,773.50,0.00,,,,,RII; Monthly Planning,
N407CH,IHC Health Services,10/04/2026,17743.70,1,25 AA TB RADAR ALT MNT KIT,Airframe,17743.70,,1,43738.00,INSPECTION,,ICA,,100 HOUR TAILBOOM RADAR ALTIMETER MOUNT KIT INSPECTION,Aeronautical Accessories ICA AA-TBA-16-008,,,,,,REF. AA-TBA-16-008,09/23/2026,17716.90,,,43696.00,0,0,100.00,0,0.00,0.00,0,0,,0,0.00,0.00,,,17816.90,,,,,,,,,,,,73.20,,,,,,,,No,10+ Days,,01/10/2027,,,,,,,,,,,
N407CH,IHC Health Services,10/04/2026,17743.70,1,25 AFS IBF 100HR,Airframe,17743.70,,1,43738.00,INSPECTION,,ICA,,100 HOUR DONALDSON IBF VISUAL INSPECTION,AFS-BH407-IBF-KIT-ICA,,,,,,REF. DONALDSON FILRTATION SOLUTIONS ICA AFS-BH407-IBF-KIT-ICA,09/23/2026,17716.90,,,43696.00,,,100.00,,,,,,,,,,,,17816.90,,,,,,,,,,,,73.20,,,,,,,,No,10+ Days,,01/10/2027,,,,,,,,,,,
N407CH,IHC Health Services,10/04/2026,17743.70,1,25 AFS IVF 100HR,Airframe,17743.70,,1,43738.00,INSPECTION,,ICA,,100 HOUR DONALDSON IVF INSPECTION,AFS-BH407-IBF-KIT-ICA,,,,,,ICA AFS-BH407-IBF-KIT-ICA,09/23/2026,17716.90,,,43696.00,0,0,100.00,0,0.00,0.00,0,0,,0,0.00,0.00,,,17816.90,,,,,,,,,,,,73.20,,,,,,,,No,10+ Days,,01/10/2027,,,,,,,,,,,
N407CH,IHC Health Services,10/04/2026,17743.70,1,25 HELIFAB 16 100HR,Airframe,17743.70,,1,43738.00,INSPECTION,,ICA,,100 HOUR HELIFAB ARTICULATING MEDICAL LITTER INSPECTION,HELIFAB HF-CA-7-16,,,,,,,09/23/2026,17716.90,,,43696.00,0,0,100.00,0,0.00,0.00,0,0,,0,0.00,0.00,,,17816.90,,,,,,,,,,,,73.20,,,,,,,,No,10+ Days,,01/10/2027,,,,,,,,,,,
N407CH,IHC Health Services,10/04/2026,17743.70,1,25 HELIFAB BTL MNT 100HR,Airframe,17743.70,,1,43738.00,INSPECTION,,ICA,,100 HOUR HELIFAB PORTABLE OXYGEN BOTTLE MOUNT INSPECTION,HF-206-ICA-OXYGEN BOTTLE MOUNT-1,,,,,,,09/23/2026,17716.90,,,43696.00,0,0,100.00,0,0.00,0.00,0,0,,0,0.00,0.00,,,17816.90,,,,,,,,,,,,73.20,,,,,,,,No,10+ Days,,01/10/2027,,,,,,,,,,,
N407CH,IHC Health Services,10/04/2026,17743.70,1,62 04-10,Airframe,17743.70,,1,43738.00,INSPECTION,None,AIRWORTHINESS,A-106,100 HOUR MAIN ROTOR YOKE ASSEMBLY AIRWORTHINESS LIMITATIONS  INSPECTION,DMC-407-A-04-00-00-00A-288A-A,407-010-100-115,LK312,,,,"REF. BHT-407-MPI, CH. 4 AIRWORTHINESS LIMITATIONS SCHEDULE TABLE 2Ref. DMC-407-A-04-00-00-00A-288A-A, Table 2, Figure 2.",09/23/2026,17716.90,,,43696.00,,,100.00,,,,,,,,,,,,17816.90,,,,,,,,,,,,73.20,,,,,,,,No,10+ Days,,01/10/2027,,,,,,,,,,,
N862YB,IHC Health Services,10/04/2026,2591.10,0,05 300HR- PERIODIC INSPECTION,Airframe,2591.10,,0,6688.00,INSPECTION,,INSPECT,,300 HOUR /12 MONTH PERIODIC AIRFRAME INSPECTION,DMC-407-A-05-40-00-06A-281A-A,,,,,,"1. Do this inspection every 12 calendar months or every 300 hours of operation. 2. Do all six events of the airframe progressive inspection. Ref. DMC-407-A-05-40-00-06A-281A-A, Complete all 6 Progressive Inspection Events: DMC-407-A-05-40-00-00A-281A-A, DMC-407-A-05-40-00-01A-281A-A,DMC-407-A-05-40-00-02A-281A-A, DMC-407-A-05-40-00-03A-281A-A, DMC-407-A-05-40-00-04A-281A-A, DMC-407-A-05-40-00-05A-281A-A.",09/30/2026,2584.80,,,6661.00,,12,300.00,,,,,36,30.00,,,,09/30/2027,,2884.80,,,,,,,,25,,11,,293.70,,,,,,,,No,10+ Days,,01/11/2027,,,,,,,,,,,
N862YB,IHC Health Services,10/04/2026,2591.10,0,05 40-00-08A,Airframe,2591.10,,0,6688.00,INSPECTION,,INSPECT,,300 HOUR OPTIONAL EQUIPMENT INSPECTION,DMC-407-A-05-40-00-08A-281A-A,,,,,,"Ref. DMC-407-A-05-40-00-08A-281A-A, Complete Inspection On All Currently Installed/Available Items.",09/16/2026,2584.80,,,6661.00,,,300.00,,,,,,30.00,,,,,,2884.80,,,,,,,,,,,,293.70,,,,,,,,No,10+ Days,,01/11/2027,,,,,,,,,,,
N862YB,IHC Health Services,10/04/2026,2591.10,0,12 HYD TBL 2,Airframe,2591.10,,0,6688.00,INSPECTION,,RII,,(RII) 300 HOUR/12 MONTH HYDRAULIC PUMP DRIVE SPLINE LUBRICATION,DMC-407-A-12-00-00-00A-040A-A Table 2,,,,,,REF. BHT-407-MM CH. 12 SERVICING TABLE 2 DMC-407-A-12-00-00-00A-040A-A,09/15/2026,2584.80,,,6661.00,,12,300.00,,,,0,36,30.00,,,,09/15/2027,,2884.80,,,,,,,,10,,11,,293.70,,,,,,,,No,10+ Days,,01/11/2027,,,,,,,,,,RII,
N862YB,IHC Health Services,10/04/2026,2591.10,0,12 HYD TBL 3,Airframe,2591.10,,0,6688.00,INSPECTION,,RII,,(RII) 300 HOUR/12 MONTH HYDRAULIC FILTER CLEANING AND INSPECTION,DMC-407-A-12-00-00-00A-040A-A Table 3,,,,,,"Ref. BHT-407-MM, Chapter 12, General, DMC-407-A-12-00-00-00A-040A-A Table 3.",09/14/2026,2584.80,,,6661.00,,12,300.00,,,,0,36,30.00,,,,09/14/2027,,2884.80,,,,,,,,9,,11,,293.70,,,,,,,,No,10+ Days,,01/11/2027,,,,,,,,,,RII,
N862YB,IHC Health Services,10/04/2026,2591.10,0,12 HYD TBL 3,Airframe,2591.10,,0,6688.00,INSPECTION,,,,300 HOUR/12 MONTH HYDRAULIC FLUID CHANGE,DMC-407-A-12-00-00-00A-040A-A Table 3,,,,,,"Ref.  BHT-407-MM, Chapter 12, General, DMC-407-A-12-00-00-00A-040A-A Table 3.",09/14/2026,2584.80,,,6661.00,,12,300.00,,,,0,36,30.00,,,,09/14/2027,,2884.80,,,,,,,,9,,11,,293.70,,,,,,,,No,10+ Days,,01/11/2027,,,,,,,,,,,
N862YB,IHC Health Services,10/04/2026,2591.10,0,12 TBL 2,Airframe,2591.10,,0,6688.00,INSPECTION,,,,300 HOUR TAIL ROTOR DRIVE SHAFT & OIL COOLER BEARING LUBRICATION,DMC-407-A-12-00-00-00A-040A-A Table 2,,,,,,REF. BHT-407-MM CH. 12 SERVICING TABLE 2 DMC-407-A-12-00-00-00A-040A-A,09/21/2026,2584.80,,,6661.00,,,300.00,,,,,,30.00,,,,,,2884.80,,,,,,,,,,,,293.70,,,,,,,,No,10+ Days,,01/11/2027,,,,,,,,,,,
N862YB,IHC Health Services,10/04/2026,2591.10,0,12 TBL 3,Airframe,2591.10,,0,6688.00,INSPECTION,,,,300 HOUR/12 MONTH MAIN ROTOR TRANSMISSION OIL & FILTER CHANGE,DMC-407-A-12-00-00-00A-040A-A Table 3,,,,,,"REF. BHT-407-MM, Chapter 12, General, Table 3, DMC-407-A-A-12-00-00-00A-040A-A.",09/15/2026,2584.80,,,6661.00,,12,300.00,,,,0,36,30.00,,,,09/15/2027,,2884.80,,,,,,,,10,,11,,293.70,,,,,,,,No,10+ Days,,01/11/2027,,,,,,,,,,,
N862YB,IHC Health Services,10/04/2026,2591.10,0,12 TBL 3,Airframe,2591.10,,0,6688.00,INSPECTION,,,,300 HOUR/12 MONTH TAIL ROTOR GEARBOX OIL CHANGE,DMC-407-A-12-00-00-00A-040A-A Table 3,,,,,,"Ref. BHT-407-MM, Chapter 12, General, Table 3 DMC-407-A-12-00-00-00A-040A-A Table 3.",09/15/2026,2584.80,,,6661.00,,12,300.00,,,,0,36,30.00,,,,09/15/2027,,2884.80,,,,,,,,10,,11,,293.70,,,,,,,,No,10+ Days,,01/11/2027,,,,,,,,,,,
N862YB,IHC Health Services,10/04/2026,2591.10,0,25 AA FLT/FLOAT STEP 300HR/12M,Airframe,2591.10,,0,6688.00,INSPECTION,,ICA,,300 HOUR/12 MONTH AERONAUTICAL ACCESSORIES FLIGHTSTEP/FLOATSTEP INSPECTION,Aeronautical Accessories ICA AA-01162,,,,,,"ref: Aeronautical Accessories ICA AA-01162
COMPLETED 300 HOUR/12 MONTH AERONAUTICAL ACCESSORIES FLIGHTSTEP/FLOATSTEP INSPECTION. NO DEFECT NOTED. 
REF: AA-01162",09/16/2026,2584.80,,,6661.00,,12,300.00,,,,,,,,,,09/16/2027,,2884.80,,,,,,,,11,,11,,293.70,,,,,,,,No,10+ Days,,01/11/2027,,,,,,,,,,,
N862YB,IHC Health Services,10/04/2026,2591.10,0,25 AA RUBBER CHIN WINDOW,Airframe,2591.10,,0,6688.00,INSPECTION,,ICA,,300 HOUR/ 12 MONTH AERONAUTICAL ACCESSORIES  RUBBER MOUNTED CHIN WINDOW INSPECTION,AERONAUTICAL ACCESSORIES AA-05051 REV. D,,,,,,,09/16/2026,2584.80,,,6661.00,0,12,300.00,0,0.00,0.00,0,0,,0,0.00,0.00,09/16/2027,,2884.80,,,,,,,,11,,11,,293.70,,,,,,,,No,10+ Days,,01/11/2027,,,,,,,,,,,
N862YB,IHC Health Services,10/04/2026,2591.10,0,25 AEROTECH BEARPAWS,Airframe,2591.10,,0,6688.00,INSPECTION,,ICA,,300 HOUR/ 12 MONTH ALPINE AEROTECH BEAR PAW INSPECTION,AEROTECH AAL-390-015-701 REV. D,,,,,,,09/16/2026,2584.80,,,6661.00,0,12,300.00,0,0.00,0.00,0,0,,0,0.00,0.00,09/16/2027,,2884.80,,,,,,,,11,,11,,293.70,,,,,,,,No,10+ Days,,01/11/2027,,,,,,,,,,,
N862YB,IHC Health Services,10/04/2026,2591.10,0,25 AFS IBF 300HR/12M,Airframe,2591.10,,0,6688.00,INSPECTION,,ICA,0976,(RII) 300 HOUR/12 MONTH DONALDSON IBF FILTER CLEANING AND INSPECTION,AFS-BH407-IBF-KIT-ICA,106201-103,2851,,,,"(7TH CLEANING AS OF 4/19/2025)
Ref. Donaldson Filtration Solutions ICA AFS-BH407-IBF-KIT-ICA, Table 1 and paragraph 7.3.",09/22/2026,2584.80,,,6661.00,,12,300.00,,,,,,,,,,09/22/2027,,2884.80,,,,,,,,17,,11,,293.70,,,,,,,,No,10+ Days,,01/11/2027,,,,,,,,,,RII,
N862YB,IHC Health Services,10/04/2026,2591.10,0,25 AFS IVF 300HR/12M,Airframe,2591.10,,0,6688.00,INSPECTION,,ICA,0210,300 HOUR/12 MONTH DONALDSON IVF FILTER CLEANING AND INSPECTION,AFS-BH407-IBF-KIT-ICA,,,,,,"Ref. Donaldson Filtration Solutions ICA AFS-BH407-IBF-KIT-ICA, Table 1 and paragraph 7.3.",09/30/2026,2584.80,,,6661.00,,12,300.00,,,,,,,,,,09/30/2027,,2884.80,,,,,,,,25,,11,,293.70,,,,,,,,No,10+ Days,,01/11/2027,,,,,,,,,,,
N862YB,IHC Health Services,10/04/2026,2591.10,0,25 DART CROSSTUBE 300HR,Airframe,2591.10,,0,6688.00,INSPECTION,,ICA,,300 HOUR DART CROSSTUBE INSPECTION,DART ICA-D206-667 REV. 3,,,,,,,09/16/2026,2584.80,,,6661.00,0,0,300.00,0,0.00,0.00,0,0,,0,0.00,0.00,,,2884.80,,,,,,,,,,,,293.70,,,,,,,,No,10+ Days,,01/11/2027,,,,,,,,,,,
N862YB,IHC Health Services,10/04/2026,2591.10,0,25 PARAVION BLEED AIR HEATER,Airframe,2591.10,,0,6688.00,INSPECTION,,ICA,,300 HOUR/ 12 MONTH PARAVION BLEED AIR HEATER INSPECTION,PARAVION PR-407H-120M REV. 4,,,,,,,09/16/2026,2584.80,,,6661.00,0,12,300.00,0,0.00,0.00,0,0,,0,0.00,0.00,09/16/2027,,2884.80,,,,,,,,11,,11,,293.70,,,,,,,,No,10+ Days,,01/11/2027,,,,,,,,,,,
N862YB,IHC Health Services,10/04/2026,2591.10,0,25 PARAVION SNOW DEFL 300HR/12M,Airframe,2591.10,,0,6688.00,INSPECTION,,ICA,,300 HOUR/12 MONTH PARAVION SNOW DEFLECTOR AND DZUS HARDWARE INSPECTION,Ref. Paravion PR-206/407SD-120M,,,,,,COMPLETED 300 HOUR/12 MONTH PARAVION SNOW DEFLECTOR AND DZUS HARDWARE INSPECTION. NO DEFECTS NOTED.  REF: PR-206/407SD-120M,09/16/2026,2584.80,,,6661.00,,12,300.00,,,,,,,,,,09/16/2027,,2884.80,,,,,,,,11,,11,,293.70,,,,,,,,No,10+ Days,,01/11/2027,,,,,,,,,,,
N862YB,IHC Health Services,10/04/2026,2591.10,0,53 04-300,Airframe,2591.10,,0,6688.00,INSPECTION,,AIRWORTHINESS,TALBOOM,300 HOUR TAILBOOM ASSEMBLY AIRWORTHINESS LIMITATIONS INSPECTION,DMC-407-A-04-00-00-00A-288A-A TABLE 2,407-030-801-221,VL00113094,,,,"Ref. BHT-407-MPI, CH. 4 AIRWORTHINESS LIMITATIONS, DMC-407-A-04-00-00-00A-288A-A, Table 2 and Figure 5.",09/16/2026,2584.80,,,6661.00,0,0,300.00,0,0.00,0.00,0,0,,0,0.00,0.00,,,2884.80,,,,,,,,,,,,293.70,,,,,,,,No,10+ Days,,01/11/2027,,,,,,,,,,,
N862YB,IHC Health Services,10/04/2026,2591.10,0,72 300HR SCAVENGE FILTER,Engine 1,2458.10,5199.00,,,MAINTENANCE,,RII,,(RII) 300 HOUR ENGINE SCAVENGE OIL FILTER CHANGE (OPERATOR'S REQUEST),RR-M250-C47E/4 O&M Chapter 79-10-00,,,,,,"**DO NOT CHANGE OIL AT THIS TIME IF NOT DUE**
REPLACED ENGINE SCAVENGE OIL FILTER. P/N: M250-10386 REF: 79-10-00-420-001",09/18/2026,2451.80,,5174.00,,0,0,300.00,0,0.00,0.00,0,0,,0,0.00,0.00,,,2751.80,,,,,,,,,,,,293.70,,,,,,,,No,10+ Days,,01/11/2027,,,,,,,,,,RII,
N862YB,IHC Health Services,10/04/2026,2591.10,0,72 72/300,Engine 1,2458.10,5199.00,,,INSPECTION,,INSPECT,CAE-848668,300 HOUR/12 MONTH ENGINE INSPECTION,RR-M250-C47E/4-O&M Ch. 72-00-00-200-801 Table 6,,,,,,"**USE TABLE 6 ONLY DUE TO SERVICE WITH MOBIL 254 OIL (3RD GENERATION OIL)** In addition to the 150 hour inspection items, perform the following: **SEE SUB ITEMS**",09/30/2026,2451.80,,5174.00,,,12,300.00,,,,,,,,,,09/30/2027,,2751.80,,,,,,,,25,,11,,293.70,,,,,,,,No,10+ Days,,01/11/2027,,,,,,,,,,,
N862YB,IHC Health Services,10/04/2026,2591.10,0,407-23-133,Airframe,2591.10,,0,6688.00,ASB,,,,HORIZONTAL STABILIZER AND CARGO HOOK FITTINGS - SELF LOCKING INSERTS INSPECTION OF,ASB 407-23-133,,,,,,300HR/12M RECURRING INSPECTION FOR AIRCRAFT AFFECTED.,09/16/2026,2584.80,,,6661.00,0,12,300.00,0,0.00,0.00,0,0,,0,0.00,0.00,09/16/2027,,2884.80,,,,,,,,11,,11,,293.70,,,,,,,,No,10+ Days,,01/11/2027,,,,,,,,,,,
N862YB,IHC Health Services,10/04/2026,2591.10,0,AD 2018-10-06 AMD 39-19281,Airframe,2591.10,,0,6688.00,AD,,,,AD 2018-10-06 300 HOUR TAIL ROTOR DRIVE SHAFT,"AD 2018-10-06, Amend. 39-19281 Para. (e)(1)(3)",,,,,,Completed AD 2018-10-06 by inspecting each TR driveshaft segment assembly for rotational and axial play between the adapter and the TR driveshaft.,09/16/2026,2584.80,,,6661.00,,,300.00,,,,,,30.00,,,,,,2884.80,,,,,,,,,,,,293.70,,,,,,,,No,10+ Days,,01/11/2027,,,,,,,,,,,
N407RU,IHC Health Services,09/23/2026,2043.40,0,25 GARMIN GTX335/345 12M,Airframe,2043.40,,0,3639.00,INSPECTION,,ICA,,12 MONTH GARMIN GTX335/345 TRANSPONDER VISUAL INSPECTION,GARMIN G100H NXI 190-02271-00 REV.2,,,,,,**MANUAL FOUND IN BELL 407 GXi COMPONENT MAINTENANCE MANUAL VENDOR DATA**,01/12/2026,1715.50,,,3096.00,0,12,,0,0.00,0.00,0,0,,0,0.00,0.00,01/12/2027,,,,,,,,,,7,,3,,,,,,,,,,No,10+ Days,,01/12/2027,,,,,,,,,,,
N407LP,IHC Health Services,10/01/2026,4415.70,0,53 04-300,Airframe,4415.70,,0,11404.00,INSPECTION,,AIRWORTHINESS,,300 HOUR TAILBOOM ASSEMBLY AIRWORTHINESS LIMITATIONS INSPECTION,DMC-407-A-04-00-00-00A-288A-A TABLE 2,,,,,,"Ref. BHT-407-MPI, CH. 4 AIRWORTHINESS LIMITATIONS, DMC-407-A-04-00-00-00A-288A-A, Table 2 and Figure 5.",06/19/2026,4264.00,,,11003.00,0,0,300.00,0,0.00,0.00,0,0,,0,0.00,0.00,,,4564.00,,,,,,,,,,,,148.30,,,,,,,,No,10+ Days,,01/12/2027,,,,,,,,,,,
N39KM,IHC Health Services,10/03/2026,3577.00,0,05 DOOR PIN CLASSIC RECOMMEND,Airframe,3577.00,,0,8191.00,INSPECTION,,,,300 HOUR / 12 MONTH JETTISONABLE DOOR PIN INSPECTION - CLASSIC RECOMMENDATION,DMC-407-A-52-10-00-05A-280A-A,,,,,,REF: DMC-407-A-52-10-00-05A-280A-A,07/05/2026,3425.50,,,7837.00,0,12,300.00,0,0.00,0.00,0,0,,0,0.00,0.00,07/05/2027,,3725.50,,,,,,,,0,,9,,148.50,,,,,,,,No,10+ Days,,01/12/2027,,,,,,,,,,,
N39KM,IHC Health Services,10/03/2026,3577.00,0,25 AA FLT/FLOAT STEP 300HR/12M,Airframe,3577.00,,0,8191.00,INSPECTION,,ICA,,300 HOUR/12 MONTH AERONAUTICAL ACCESSORIES FLIGHTSTEP/FLOATSTEP INSPECTION,AERONAUTICAL ACCESSORIES AA-01162 REV. J,,,,,,ref: Aeronautical Accessories ICA AA-01162,07/05/2026,3425.50,,,7837.00,,12,300.00,,,,,,,,,,07/31/2027,,3725.50,,,,,,,,26,,9,,148.50,,,,,,,,No,10+ Days,,01/12/2027,,,,,,,,,,,
N407CN,IHC Health Services,10/02/2026,4963.50,0,ASB 407-11-95 REV D,Airframe,4963.50,,0,11871.00,ASB,,,,ASB 407-11-95 UPPER LEFT LONGERON AND SPARE ASSEMBLY (AD2015-05-04 AMD 39-18114),,,,,,,"EVERY 50 HOURS WHEN PART IV (4) IS COMPLIED WITH OR
EVERY 150 HOURS WHEN PART III IS ACCOMPLISHED",08/07/2026,4937.50,,,11758.00,0,0,150.00,0,0.00,0.00,0,0,,0,0.00,0.00,,,5087.50,,,,,,,,,,,,124.00,,,,,,,,No,10+ Days,,01/12/2027,,,,,,,,,,,
N407CN,IHC Health Services,10/02/2026,4963.50,0,AD 2015-05-04,Airframe,4963.50,,0,11871.00,AD,,,,AD 2015-05-04  FUSELAGE MAIN AND LONGERON/STRINGER,,,,,,,,08/07/2026,4937.50,,,11758.00,,,150.00,,,,,,,,,,,,5087.50,,,,,,,,,,,,124.00,,,,,,,,No,10+ Days,,01/12/2027,,,,,,,,,,,
N862YB,IHC Health Services,10/04/2026,2591.10,0,24 20-10,Airframe,2591.10,,0,6688.00,PART,Overhaul,ICA,,(RII) AIRCRAFT BATTERY RECONDITION / CAPACITY CHECK,MARATHONNORCO AEROSPACE DOC 24-34-00,31908-001,9600054,,,,,10/03/2026,2590.40,,,6679.00,,12,300.00,,,,,,30.00,,,,10/31/2027,,2890.40,,,,,,,,26,,12,,299.30,,,,,,,,No,10+ Days,,01/12/2027,,0,,,0.00,,,,,RII,
N862YB,IHC Health Services,10/04/2026,2591.10,0,72 INSP 600HR/12MO,Engine 1,2458.10,5199.00,,,INSPECTION,,RII,CAE-848668,(RII) 600 HOUR/ 12 MONTH ENGINE OIL & SCAVENGE OIL FILTER CHANGE,RR-M250-C47E/4 O&M Chapter 79-10-00,,,,,,"Ref. Rolls-Royce M250-C47E/4 O&M, Chapter 72-00-00 Table 606 and Chapter 79-10-00. Filter is replaced when oil is changed as a HSU recommended item.",05/22/2026,2158.10,,4586.00,,,12,600.00,,,,,,,,,,05/22/2027,,2758.10,,,,,,,,17,,7,,300.00,,,,,,,,No,10+ Days,,01/13/2027,,,,,,,,,,RII,
N407TH,IHC Health Services,10/03/2026,8845.50,2,34 91.411,Airframe,8845.50,,2,20680.00,INSPECTION,,,,24 MONTH ALTIMETER TEST 91.411 PART 43 APPENDIX E,FAR 91.411 PART 43 APPENDIX E,,,,,,TEST AND CERTIFY,01/14/2025,7845.00,,,18627.00,0,24,,0,0.00,0.00,0,0,,0,0.00,0.00,01/14/2027,,,,,,,,,,9,,3,,,,,,,,,,No,10+ Days,,01/14/2027,,,,,,,,,,Monthly Planning,
N407TH,IHC Health Services,10/03/2026,8845.50,2,34 91.413,Airframe,8845.50,,2,20680.00,INSPECTION,,,,24 MONTH TRANSPONDER TEST 14 CFR 91.413 PART 43 APPENDIX F,FAR 91.413 PART 43 APPENDIX F,,,,,,TEST AND CERTIFY,01/14/2025,7845.00,,,18627.00,0,24,,0,0.00,0.00,0,0,,0,0.00,0.00,01/14/2027,,,,,,,,,,9,,3,,,,,,,,,,No,10+ Days,,01/14/2027,,,,,,,,,,Monthly Planning,
N407MZ,IHC Health Services,10/05/2026,2805.50,0,22 04-10 FUNCT CK,Airframe,2805.50,,0,7326.00,INSPECTION,,AIRWORTHINESS,66087,600HR /12M CHAPTER 4 AFCS TRIM ACTUATOR FUNCT CK,Ref. DMC-407-A-22-00-04A-340A-A,418-00862-701,66087,,,,Complied with 600 HOUR / 12 MONTH TRIM ACTUATOR INSPECTION IRT DMC-407-A-22-00-00-04A-340A-A,07/15/2026,2587.10,,,6756.00,0,12,600.00,0,0.00,0.00,0,0,,0,0.00,0.00,07/31/2027,,3187.10,,,,,,,,26,,9,,381.60,,,,,,,,No,10+ Days,,01/14/2027,,,,,,,,,,,
N407MZ,IHC Health Services,10/05/2026,2805.50,0,22 04-10 FUNCT CK,Airframe,2805.50,,0,7326.00,INSPECTION,,AIRWORTHINESS,66137,600HR /12M CHAPTER 4 AFCS TRIM ACTUATOR FUNCT CK,Ref. DMC-407-A-22-00-04A-340A-A,418-00862-701,66137,,,,Complied with 600 HOUR / 12 MONTH TRIM ACTUATOR INSPECTION IRT DMC-407-A-22-00-00-04A-340A-A,07/15/2026,2587.10,,,6756.00,0,12,600.00,0,0.00,0.00,0,0,,0,0.00,0.00,07/31/2027,,3187.10,,,,,,,,26,,9,,381.60,,,,,,,,No,10+ Days,,01/14/2027,,,,,,,,,,,
N407CP,IHC Health Services,10/04/2026,10206.30,1,25 HELISAS AUTOPILOT,Airframe,10206.30,,1,22355.00,INSPECTION,,ICA,,12 MONTH HELISAS AUTO PILOT INSPECTION,S-TEC CORPORATION AA-09109,,,,,,,01/15/2026,9951.60,,,21734.00,0,12,,0,0.00,0.00,0,0,,0,0.00,0.00,01/15/2027,,,,,,,,,,10,,3,,,,,,,,,,No,10+ Days,,01/15/2027,,,,,,,,,,,
N407LP,IHC Health Services,10/01/2026,4415.70,0,05 300HR- PERIODIC INSPECTION,Airframe,4415.70,,0,11404.00,INSPECTION,,INSPECT,,300 HOUR /12 MONTH PERIODIC AIRFRAME INSPECTION,DMC-407-A-05-40-00-06A-281A-A,,,,,,"1. Do this inspection every 12 calendar months or every 300 hours of operation. 2. Do all six events of the airframe progressive inspection. Ref. DMC-407-A-05-40-00-06A-281A-A, Complete all 6 Progressive Inspection Events: DMC-407-A-05-40-00-00A-281A-A, DMC-407-A-05-40-00-01A-281A-A,DMC-407-A-05-40-00-02A-281A-A, DMC-407-A-05-40-00-03A-281A-A, DMC-407-A-05-40-00-04A-281A-A, DMC-407-A-05-40-00-05A-281A-A.",06/26/2026,4269.30,,,11017.00,,12,300.00,,,,,36,30.00,,,,06/30/2027,,4569.30,,,,,,,,25,,8,,153.60,,,,,,,,No,10+ Days,,01/15/2027,,,,,,,,,,,
N407LP,IHC Health Services,10/01/2026,4415.70,0,05 40-00-08A,Airframe,4415.70,,0,11404.00,INSPECTION,,INSPECT,,300 HOUR OPTIONAL EQUIPMENT INSPECTION,DMC-407-A-05-40-00-08A-281A-A,,,,,,"Ref. DMC-407-A-05-40-00-08A-281A-A, Complete Inspection On All Currently Installed/Available Items.
ACCOMPLISHED 300 HOUR OPTIONAL EQUIPMENT INSPECTION IAW BHT-407-MPI, Chapter 5, Scheduled Inspections. NO DEFECTS FOUND.",06/26/2026,4269.30,,,11017.00,,,300.00,,,,,,30.00,,,,,,4569.30,,,,,,,,,,,,153.60,,,,,,,,No,10+ Days,,01/15/2027,,,,,,,,,,,
N407LP,IHC Health Services,10/01/2026,4415.70,0,12 HYD TBL 2,Airframe,4415.70,,0,11404.00,INSPECTION,,RII,,(RII) 300 HOUR/12 MONTH HYDRAULIC PUMP DRIVE SPLINE LUBRICATION,DMC-407-A-12-00-00-00A-040A-A Table 2,,,,,,"Ref. DMC-407-A-12-00-00-00A-040A-A, Table 2.",06/26/2026,4269.30,,,11017.00,,12,300.00,,,,0,36,30.00,,,,06/30/2027,,4569.30,,,,,,,,25,,8,,153.60,,,,,,,,No,10+ Days,,01/15/2027,,,,,,,,,,RII,
N407LP,IHC Health Services,10/01/2026,4415.70,0,12 HYD TBL 3,Airframe,4415.70,,0,11404.00,INSPECTION,,RII,,(RII) 300 HOUR/12 MONTH HYDRAULIC FILTER CLEANING AND INSPECTION,DMC-407-A-12-00-00-00A-040A-A Table 3,,,,,,"Ref. DMC-407-A-12-00-00-00A-040A-A, Table 3.",06/26/2026,4269.30,,,11017.00,,12,300.00,,,,0,36,30.00,,,,06/30/2027,,4569.30,,,,,,,,25,,8,,153.60,,,,,,,,No,10+ Days,,01/15/2027,,,,,,,,,,RII,
N407LP,IHC Health Services,10/01/2026,4415.70,0,12 HYD TBL 3,Airframe,4415.70,,0,11404.00,INSPECTION,,,,300 HOUR/12 MONTH HYDRAULIC FLUID CHANGE,DMC-407-A-12-00-00-00A-040A-A Table 3,,,,,,"Ref. DMC-407-A-12-00-00-00A-040A-A, Table 3.",06/26/2026,4269.30,,,11017.00,,12,300.00,,,,0,36,30.00,,,,06/30/2027,,4569.30,,,,,,,,25,,8,,153.60,,,,,,,,No,10+ Days,,01/15/2027,,,,,,,,,,,
N407LP,IHC Health Services,10/01/2026,4415.70,0,12 TBL 1,Airframe,4415.70,,0,11404.00,INSPECTION,,RII,,(RII) 300 HOUR AIRFRAME FUEL FILTER INSPECTION AND CHANGE,DMC-407-A-12-00-00-00A-040A-A,,,,,,**Additional Fuel System Operational Check Required per Ref. DMC-407-A-28-00-00-00A-320A-A after completion.**,06/26/2026,4269.30,,,11017.00,,,300.00,,,,,,30.00,,,,,,4569.30,,,,,,,,,,,,153.60,,,,,,,,No,10+ Days,,01/15/2027,,,,,,,,,,RII,
N407LP,IHC Health Services,10/01/2026,4415.70,0,12 TBL 2,Airframe,4415.70,,0,11404.00,INSPECTION,,,,300 HOUR TAIL ROTOR DRIVE SHAFT & OIL COOLER BEARING LUBRICATION,DMC-407-A-12-00-00-00A-040A-A Table 2,,,,,,,06/26/2026,4269.30,,,11017.00,,,300.00,,,,,,30.00,,,,,,4569.30,,,,,,,,,,,,153.60,,,,,,,,No,10+ Days,,01/15/2027,,,,,,,,,,,
N407LP,IHC Health Services,10/01/2026,4415.70,0,12 TBL 3,Airframe,4415.70,,0,11404.00,INSPECTION,,,,300 HOUR/12 MONTH MAIN ROTOR TRANSMISSION OIL & FILTER CHANGE,DMC-407-A-12-00-00-00A-040A-A Table 3,,,,,,"Ref. DMC-407-A-12-00-00-00A-040A-A, Table 3.",06/26/2026,4269.30,,,11017.00,,12,300.00,,,,0,36,30.00,,,,06/30/2027,,4569.30,,,,,,,,25,,8,,153.60,,,,,,,,No,10+ Days,,01/15/2027,,,,,,,,,,,
N407LP,IHC Health Services,10/01/2026,4415.70,0,12 TBL 3,Airframe,4415.70,,0,11404.00,INSPECTION,,,,300 HOUR/12 MONTH TAIL ROTOR GEARBOX OIL CHANGE,DMC-407-A-12-00-00-00A-040A-A Table 3,,,,,,"Ref. DMC-407-A-12-00-00-00A-040A-A, Table 3.",06/26/2026,4269.30,,,11017.00,,12,300.00,,,,0,36,30.00,,,,06/30/2027,,4569.30,,,,,,,,25,,8,,153.60,,,,,,,,No,10+ Days,,01/15/2027,,,,,,,,,,,
N7160V,IHC Health Services,10/04/2026,10771.90,0,67 30-01,Airframe,10771.90,,0,27183.00,PART,Overhaul,RII,,(RII) SWASHPLATE AND SUPPORT ASSEMBLY - OVERHAUL,"BHT-407-MPI, Ch. 5,  Component Overhaul Schedule",406-010-401-117,TI721,,,,"Ref. DMC-407-A-05-10-00-02A-281A-A.
Perform 2500 Hour Overhaul per BHT-407-CR&O, Ch. 67",05/30/2024,10162.30,,,25469.00,,,2500.00,,,,,,250.00,,,,,,10925.50,,,,,,,,,,,,153.60,,,,,,,,No,10+ Days,,01/15/2027,,,,1736.80,1736.80,1736.80,,,,RII,
N407LP,IHC Health Services,10/01/2026,4415.70,0,AD 2018-10-06 AMD 39-19281,Airframe,4415.70,,0,11404.00,AD,,,,AD 2018-10-06 300 HOUR TAIL ROTOR DRIVE SHAFT,"AD 2018-10-06, Amend. 39-19281 Para. (e)(1)(3)",,,,,,Completed AD 2018-10-06 by inspecting each TR driveshaft segment assembly for rotational and axial play between the adapter and the TR driveshaft.,06/26/2026,4269.30,,,11017.00,,,300.00,,,,,,30.00,,,,,,4569.30,,,,,,,,,,,,153.60,,,,,,,,No,10+ Days,,01/15/2027,,,,,,,,,,,
N407ZM,IHC Health Services,10/04/2026,5575.00,1722,AD 2026-14-07 AMD 39-23408,Airframe,5575.00,,1722,13725.00,AD,,,,[RECURRING] THIS AD WAS PROMPTED BY A REPORT OF A FRACTURED PILOT CYCLIC STICK TUBE AND SUBSEQUENT FINDINGS OF OTHER PILOT CYCLIC STICK TUBES WITH FATIGUE CRACKING. THE FAA IS ISSUING THIS AD TO DETECT AND CORRECT A CRACK IN THE PILOT CYCLIC STICK ...,,,,,,,"INITIAL DUE DATE AND TIME WILL BE DUE IN 100 HOURS OR NOVEMBER 19,2026 (90 DAYS AFTER AUGUST 21, 2026) - THEN RECURRING EVERY 300 HOURS OR 6 MONTHS THEREAFTER",09/25/2026,5562.80,,,13697.00,,6,300.00,,,,,,,,,,03/25/2027,,5862.80,,,,,,,,20,,5,,287.80,,,,,,,,No,10+ Days,,01/16/2027,,,,,,,,,,,
N407CH,IHC Health Services,10/04/2026,17743.70,1,67 30-01,Airframe,17743.70,,1,43738.00,PART,Overhaul,RII,,(RII) SWASHPLATE AND SUPPORT ASSEMBLY - OVERHAUL,"BHT-407-MPI, CH. 5 COMPONENT OVERHAUL TABLE 1",406-010-401-117,A-913,,,,,11/27/2024,16515.70,,,41678.00,,,2500.00,,,,,,250.00,,,,,,17821.10,,,,,,,,,,,,77.40,,,,,,,,No,10+ Days,,01/16/2027,29,29,29,6115.20,1194.60,1194.60,,,,RII; Monthly Planning,
N407CZ,IHC Health Services,10/04/2026,2432.60,0,12 HYD TBL 2,Airframe,2432.60,,0,5400.00,INSPECTION,,RII,,(RII) 300 HOUR/12 MONTH HYDRAULIC PUMP DRIVE SPLINE LUBRICATION,DMC-407-A-12-00-00-00A-040A-A Table 2,,,,,,REF. BHT-407-MM CH. 12 SERVICING TABLE 2 DMC-407-A-12-00-00-00A-040A-A,01/18/2026,2254.90,,,5035.00,,12,300.00,,,,0,36,30.00,,,,01/18/2027,,2554.90,,,,,,,,13,,3,,122.30,,,,,,,,No,10+ Days,,01/18/2027,,,,,,,,,,RII,
N407CZ,IHC Health Services,10/04/2026,2432.60,0,12 HYD TBL 3,Airframe,2432.60,,0,5400.00,INSPECTION,,RII,,(RII) 300 HOUR/12 MONTH HYDRAULIC FILTER CLEANING AND INSPECTION,DMC-407-A-12-00-00-00A-040A-A Table 3,,,,,,"Ref. BHT-407-MM, Chapter 12, General, DMC-407-A-12-00-00-00A-040A-A Table 3.",01/18/2026,2254.90,,,5035.00,,12,300.00,,,,0,36,30.00,,,,01/18/2027,,2554.90,,,,,,,,13,,3,,122.30,,,,,,,,No,10+ Days,,01/18/2027,,,,,,,,,,RII,
N407CZ,IHC Health Services,10/04/2026,2432.60,0,12 HYD TBL 3,Airframe,2432.60,,0,5400.00,INSPECTION,,,,300 HOUR/12 MONTH HYDRAULIC FLUID CHANGE,DMC-407-A-12-00-00-00A-040A-A Table 3,,,,,,"Ref.  BHT-407-MM, Chapter 12, General, DMC-407-A-12-00-00-00A-040A-A Table 3.",01/18/2026,2254.90,,,5035.00,,12,300.00,,,,0,36,30.00,,,,01/18/2027,,2554.90,,,,,,,,13,,3,,122.30,,,,,,,,No,10+ Days,,01/18/2027,,,,,,,,,,,
N407CZ,IHC Health Services,10/04/2026,2432.60,0,12 TBL 3,Airframe,2432.60,,0,5400.00,INSPECTION,,,,300 HOUR/12 MONTH MAIN ROTOR TRANSMISSION OIL & FILTER CHANGE,DMC-407-A-12-00-00-00A-040A-A Table 3,,,,,,"REF. BHT-407-MM, Chapter 12, General, Table 3, DMC-407-A-A-12-00-00-00A-040A-A.",01/18/2026,2254.90,,,5035.00,,12,300.00,,,,0,36,30.00,,,,01/18/2027,,2554.90,,,,,,,,13,,3,,122.30,,,,,,,,No,10+ Days,,01/18/2027,,,,,,,,,,,
N407CZ,IHC Health Services,10/04/2026,2432.60,0,12 TBL 3,Airframe,2432.60,,0,5400.00,INSPECTION,,,,300 HOUR/12 MONTH TAIL ROTOR GEARBOX OIL CHANGE,DMC-407-A-12-00-00-00A-040A-A Table 3,,,,,,"Ref. BHT-407-MM, Chapter 12, General, Table 3 DMC-407-A-12-00-00-00A-040A-A Table 3.",01/18/2026,2254.90,,,5035.00,,12,300.00,,,,0,36,30.00,,,,01/18/2027,,2554.90,,,,,,,,13,,3,,122.30,,,,,,,,No,10+ Days,,01/18/2027,,,,,,,,,,,
N407SL,IHC Health Services,10/04/2026,2240.90,0,12 TBL 2,Airframe,2240.90,,0,5434.00,INSPECTION,,RII,,(RII) 150 HOUR TAIL ROTOR DRIVE SHAFT SPLINE ADAPTER LUBRICATION,DMC-407-A-12-00-00-00A-040A-A Table 2,,,,,,"RII - TAIL ROTOR DRIVE SHAFT SPLINE ADAPTER LUBE (2 ADAPTERS) INSURE THAT WASHER STACK UP IS CORRECT, GAPS IN DISC PACKS ARE IN ALLOWABLE LIMITS AND TORQUE STRIPE IS ON ALL NUTS AFTER TORQUE IS COMPLETED.",08/04/2026,2198.00,,,5344.00,0,0,150.00,0,0.00,0.00,0,0,15.00,0,0.00,0.00,,,2348.00,,,,,,,,,,,,107.10,,,,,,,,No,10+ Days,,01/20/2027,,,,,,,,,,RII,
N407CZ,IHC Health Services,10/04/2026,2432.60,0,25 AA FLT/FLOAT STEP 300H/12MO,Airframe,2432.60,,0,5400.00,INSPECTION,,ICA,,300 HOUR/12 MONTH AERONAUTICAL ACCESSORIES FLIGHTSTEP/FLOATSTEP INSPECTION,autical Accessories ICA AA-01162,,,,,,ref: Aeronautical Accessories ICA AA-01162,01/21/2026,2254.90,,,5035.00,,12,300.00,,,,,,,,,,01/21/2027,,2554.90,,,,,,,,16,,3,,122.30,,,,,,,,No,10+ Days,,01/21/2027,,,,,,,,,,,
N407CZ,IHC Health Services,10/04/2026,2432.60,0,25 AFS IBF 300HR/12M,Airframe,2432.60,,0,5400.00,INSPECTION,,ICA,IBFILTER,(RII) 300 HOUR/12 MONTH DONALDSON IBF FILTER CLEANING AND INSPECTION,AFS-BH407-IBF-KIT-ICA,106201-103,2390,,,,"ICA AFS-BH407-IBF-KIT-ICA, TABLE 1",01/21/2026,2254.90,,,5035.00,,12,300.00,,,,,,10.00,,,,01/21/2027,,2554.90,,,,,,,,16,,3,,122.30,,,,,,,,No,10+ Days,,01/21/2027,,,,,,,,,,,
N407CZ,IHC Health Services,10/04/2026,2432.60,0,25 AFS IVF 300HR/12M,Airframe,2432.60,,0,5400.00,INSPECTION,,ICA,IVFILTER,300 HOUR/12 MONTH DONALDSON IVF FILTER CLEANING AND INSPECTION,AFS-BH407-IBF-KIT-ICA,106251-101,0347,,,,"Ref. Donaldson Filtration Solutions ICA AFS-BH407-IBF-KIT-ICA, Table 1 and paragraph 7.3.",01/21/2026,2254.90,,,5035.00,,12,300.00,,,,,,10.00,,,,01/21/2027,,2554.90,,,,,,,,16,,3,,122.30,,,,,,,,No,10+ Days,,01/21/2027,,,,,,,,,,,
N407CZ,IHC Health Services,10/04/2026,2432.60,0,25 PARAVION SNOW DEFL 300HR/12M,Airframe,2432.60,,0,5400.00,INSPECTION,,ICA,,300 HOUR/12 MONTH PARAVION SNOW DEFLECTOR AND DZUS HARDWARE INSPECTION,Ref. Paravion PR-206/407SD-120M,,,,,,,01/21/2026,2254.90,,,5035.00,,12,300.00,,,,,,,,,,01/21/2027,,2554.90,,,,,,,,16,,3,,122.30,,,,,,,,No,10+ Days,,01/21/2027,,,,,,,,,,,
N407BY,IHC Health Services,10/04/2026,1229.40,0,26 01-00,Airframe,1229.40,,0,2649.00,INSPECTION,,INSPECT,Fire,12 MONTH FIRE EXTINGUISHER INSPECTION,NFPA 10 Ch. 7.3.2,A344,H-29719553,,,,,01/21/2026,1047.70,,,2302.00,,12,,,,,,,,,,,01/21/2027,,,,,,,,,,16,,3,,,,,,,,,,No,10+ Days,,01/21/2027,,,,,,,,,,,
N407PW,IHC Health Services,10/04/2026,1441.00,0,25 AFS IBF 300HR/12M,Airframe,1441.00,,0,1740.00,INSPECTION,,ICA,0976,(RII) 300 HOUR/12 MONTH DONALDSON IBF FILTER CLEANING AND INSPECTION,AFS-BH407-IBF-KIT-ICA,,,,,,"Ref. Donaldson Filtration Solutions ICA AFS-BH407-IBF-KIT-ICA, Table 1 and paragraph 7.3.",09/10/2026,1412.90,,,1714.00,,12,300.00,,,,,,,,,,09/30/2027,,1712.90,,,,,,,,25,,11,,271.90,,,,,,,,No,10+ Days,,01/21/2027,,,,,,,,,,RII,
N407TH,IHC Health Services,10/03/2026,8845.50,2,25 337 PARAVION GPS RAM MOUNT,Airframe,8845.50,,2,20680.00,INSPECTION,,ICA,,300 HOUR PARAVION GPS RAM MOUNT & BRACKET INSPECTION,FAA Form 337 Dated 06/02/2014,,,,,,FAA 337 FORM ATTACHED DATED  06/02/2014,07/15/2026,8708.80,,,20355.00,,,300.00,,,,,,,,,,,,9008.80,,,,,,,,,,,,163.30,,,,,,,,No,10+ Days,,01/22/2027,,,,,,,,,,,
N407TH,IHC Health Services,10/03/2026,8845.50,2,25 337 T/R RECOG LIGHT,Airframe,8845.50,,2,20680.00,INSPECTION,,ICA,,300 HOUR/12 MONTH TAIL ROTOR RECOGNITION LIGHT INSPECTION,FAA Form 337 Dated  6/02/2014,,,,,,"337 AND INSPECTION INFORMATION FOUND IN ATTACHMENTS
FAA Form 337 Dated  6/02/2014",07/15/2026,8708.80,,,20355.00,,12,300.00,,,,,,,,,,07/15/2027,,9008.80,,,,,,,,10,,9,,163.30,,,,,,,,No,10+ Days,,01/22/2027,,,,,,,,,,,
N407TH,IHC Health Services,10/03/2026,8845.50,2,25 AA CROSSTUBE 300HR/12M,Airframe,8845.50,,2,20680.00,INSPECTION,,ICA,,300 HOUR/ 12 MONTH AERONAUTICAL ACCESSORIES CROSSTUBE INSPECTION,AERONAUTICAL ACCESSORIES AA-00061 REV. E,,,,,,AERONAUTICAL ACCESSORIES AA-00061 REV. E,07/15/2026,8708.80,,,20355.00,,12,300.00,,,,,,,,,,07/31/2027,,9008.80,,,,,,,,26,,9,,163.30,,,,,,,,No,10+ Days,,01/22/2027,,,,,,,,,,,
N407TH,IHC Health Services,10/03/2026,8845.50,2,25 AA FLT/FLOAT STEP 300HR/12M,Airframe,8845.50,,2,20680.00,INSPECTION,,ICA,,300 HOUR/12 MONTH AERONAUTICAL ACCESSORIES FLIGHTSTEP/FLOATSTEP INSPECTION,AERONAUTICAL ACCESSORIES AA-01162 REV. J,,,,,,,07/15/2026,8708.80,,,20355.00,,12,300.00,,,,,,,,,,07/31/2027,,9008.80,,,,,,,,26,,9,,163.30,,,,,,,,No,10+ Days,,01/22/2027,,,,,,,,,,,
N407TH,IHC Health Services,10/03/2026,8845.50,2,25 AA SKID TUBE 300HR/12M,Airframe,8845.50,,2,20680.00,INSPECTION,,ICA,,300 HOUR/ 12 MONTH AERONAUTICAL ACCESSORIES SKID TUBE INSPECTION,AERONAUTICAL ACCESSORIES AA-01141 REV. E.,,,,,,,07/15/2026,8708.80,,,20355.00,,12,300.00,,,,,,,,,,07/31/2027,,9008.80,,,,,,,,26,,9,,163.30,,,,,,,,No,10+ Days,,01/22/2027,,,,,,,,,,,
N407TH,IHC Health Services,10/03/2026,8845.50,2,25 AFS IVF 300HR/12M,Airframe,8845.50,,2,20680.00,INSPECTION,,ICA,IVF,300 HOUR/12 MONTH DONALDSON IVF FILTER CLEANING AND INSPECTION,AFS-BH407-IBF-KIT-ICA REV. G,,,,,,,07/15/2026,8708.80,,,20355.00,,12,300.00,,,,,,,,,,07/31/2027,,9008.80,,,,,,,,26,,9,,163.30,,,,,,,,No,10+ Days,,01/22/2027,,,,,,,,,,,
N407TH,IHC Health Services,10/03/2026,8845.50,2,25 DART AVIONICS CONSOLE,Airframe,8845.50,,2,20680.00,INSPECTION,,ICA,,300 HOUR DART AVIONICS HIGH SLOPE CONSOLE INSPECTION,DART ICA-D206-549 REV. 0,,,,,,REF. ICA-D206-549,07/15/2026,8708.80,,,20355.00,,,300.00,,,,,,,,,,,,9008.80,,,,,,,,,,,,163.30,,,,,,,,No,10+ Days,,01/22/2027,,,,,,,,,,,
N407TH,IHC Health Services,10/03/2026,8845.50,2,25 DART BEARPAW,Airframe,8845.50,,2,20680.00,INSPECTION,,ICA,,300 HOUR/12 MONTH DART BEAR PAW INSPECTION,DART ICA-D206-559 REV. 5,,,,,,DART ICA-D206-559 REV. 5,07/15/2026,8708.80,,,20355.00,,12,300.00,,,,,,,,,,07/31/2027,,9008.80,,,,,,,,26,,9,,163.30,,,,,,,,No,10+ Days,,01/22/2027,,,,,,,,,,,
N407TH,IHC Health Services,10/03/2026,8845.50,2,25 TRUE BLUE 300 HR/12MO,Airframe,8845.50,,2,20680.00,INSPECTION,,ICA,,300 HOUR/12 MONTH TRUE BLUE 115V STATIC ELECTRICAL POWER INVERTER INSPECTION,337 DATED 5/2/2018,,,,,,"LOCATED IN THE AFT AVIONICS BAY
REF. FAA 337 DATED 5/2/2018",07/15/2026,8708.80,,,20355.00,0,12,300.00,0,0.00,0.00,0,0,,0,0.00,0.00,07/15/2027,,9008.80,,,,,,,,10,,9,,163.30,,,,,,,,No,10+ Days,,01/22/2027,,,,,,,,,,,
N407TH,IHC Health Services,10/03/2026,8845.50,2,53 04-300,Airframe,8845.50,,2,20680.00,INSPECTION,,AIRWORTHINESS,TAILBOOM,300 HOUR TAILBOOM ASSEMBLY AIRWORTHINESS LIMITATIONS INSPECTION,DMC-407-A-04-00-00-00A-288A-A TABLE 2,407-030-801-205,53558,,,,"Ref. BHT-407-MPI, CH. 4 AIRWORTHINESS LIMITATIONS, DMC-407-A-04-00-00-00A-288A-A, Table 2 and Figure 5.",07/15/2026,8708.80,,,20355.00,0,0,300.00,0,0.00,0.00,0,0,,0,0.00,0.00,,,9008.80,,,,,,,,,,,,163.30,,,,,,,,No,10+ Days,,01/22/2027,,,,,,,,,,,
N407TH,IHC Health Services,10/03/2026,8845.50,2,407-23-133,Airframe,8845.50,,2,20680.00,ASB,,,,HORIZONTAL STABILIZER AND CARGO HOOK FITTINGS - SELF LOCKING INSERTS INSPECTION,ASB 407-23-133,,,,,,300HR/12M RECURRING INSPECTION FOR AIRCRAFT AFFECTED.,07/15/2026,8708.80,,,20355.00,0,12,300.00,0,0.00,0.00,0,0,,0,0.00,0.00,07/15/2027,,9008.80,,,,,,,,10,,9,,163.30,,,,,,,,No,10+ Days,,01/22/2027,,,,,,,,,,,
N407CP,IHC Health Services,10/04/2026,10206.30,1,25 AA EDGE PROGECTOR 12M,Airframe,10206.30,,1,22355.00,INSPECTION,,ICA,,12 MONTH AERONAUTICAL ACCESSORIES BAGGAGE COMPARTMENT EDGE PROTECTOR INSPECTION,Aeronautical Accessories ICA AA-03089,,,,,,,01/23/2026,9951.60,,,21734.00,0,12,,0,0.00,0.00,0,0,,0,0.00,0.00,01/23/2027,,,,,,,,,,18,,3,,,,,,,,,,No,10+ Days,,01/23/2027,,,,,,,,,,,
N407JM,IHC Health Services,10/04/2026,5829.10,0,25 AA FLT/FLOAT STEP 300H/12MO,Airframe,5829.10,,0,16558.00,INSPECTION,,ICA,,300 HOUR/12 MONTH AERONAUTICAL ACCESSORIES FLIGHTSTEP/FLOATSTEP INSPECTION,autical Accessories ICA AA-01162,,,,,,Ref. Aeronautical Accessories ICA AA-01162.,04/27/2026,5722.50,,,16198.00,,12,300.00,,,,,,,,,,04/30/2027,,6022.50,,,,,,,,25,,6,,193.40,,,,,,,,No,10+ Days,,01/23/2027,,,,,,,,,,,
N407JM,IHC Health Services,10/04/2026,5829.10,0,25 TRU BLU337  300HR/12MO,Airframe,5829.10,,0,16558.00,INSPECTION,,ICA,,300 HR/12 MO. TRUE BLUE TI250 POWER INVERTER INSPECTION,337 DATED 3/16/18,,,,,6.00,REF. 337 DATED 3/16/18,04/27/2026,5722.50,,,16198.00,0,12,300.00,0,0.00,0.00,0,0,,0,0.00,0.00,04/27/2027,,6022.50,,,,,,,,22,,6,,193.40,,,,,,,,No,10+ Days,,01/23/2027,,,,,,,,,,,
N307KH,IHC Health Services,10/03/2026,23110.00,0,63 13-10,Airframe,23110.00,,0,81023.00,PART,Overhaul,RII,,(RII) FREEWHEEL ASSEMBLY - OVERHAUL,"BHT-407-MPI, Ch. 5,  Component Overhaul Schedule",406-040-500-147FM,A-4942,,,,"Ref. DMC-407-A-05-10-00-02A-281A-A.
Perform 3000 Hour Overhaul per BHT-407-CR&O, Ch. 65.",06/28/2024,22208.10,,,79166.00,,,3000.00,,,,,,,,,,,,23220.70,,,,,,,,,,,,110.70,,,,,,,,No,10+ Days,,01/23/2027,,,,11912.00,1987.40,,,,,RII; Monthly Planning,
N407CZ,IHC Health Services,10/04/2026,2432.60,0,25 DART BEARPAW,Airframe,2432.60,,0,5400.00,INSPECTION,,ICA,,300 HOUR/12 MONTH DART BEAR PAW INSPECTION,Ref. DART ICA-D206-559,,,,,,,01/24/2026,2254.90,,,5035.00,0,12,300.00,0,0.00,0.00,0,0,,0,0.00,0.00,01/24/2027,,2554.90,,,,,,,,19,,3,,122.30,,,,,,,,No,10+ Days,,01/24/2027,,,,,,,,,,,
N407CZ,IHC Health Services,10/04/2026,2432.60,0,25 PARAVION 300HR/12M,Airframe,2432.60,,0,5400.00,INSPECTION,,ICA,,300 HOUR / 12 MONTH PARAVION AIR CONDITIONING SYSTEM,Ref. PR-407AC-120M,,,,,,,01/24/2026,2254.90,,,5035.00,0,12,300.00,0,0.00,0.00,0,0,,0,0.00,0.00,01/24/2027,,2554.90,,,,,,,,19,,3,,122.30,,,,,,,,No,10+ Days,,01/24/2027,,,,,,,,,,,
N7160V,IHC Health Services,10/04/2026,10771.90,0,24 TRUE BLUE 300 HR/12MO,Airframe,10771.90,,0,27183.00,INSPECTION,,ICA,,300 HOUR/12 MONTH TRUE BLUE 115V STATIC ELECTRICAL POWER INVERTER INSPECTION,337 DATED 08/09/2018,,,,,,AT 12 MO. AND 300 HR.,06/09/2026,10640.10,,,26904.00,,12,300.00,,,,,,,,,,06/09/2027,,10940.10,,,,,,,,4,,8,,168.20,,,,,,,,No,10+ Days,,01/25/2027,,,,,,,,,,,
N407FC,IHC Health Services,10/05/2026,14985.10,0,24 25-01,Airframe,14985.10,,0,33090.00,PART,Overhaul,,,(RII) STARTER GENERATOR - OVERHAUL,DMC-407-A-05-10-00-02A-281A-A,23081-018,3502,,,,"REF. BHT-407-MPI, CH. 5 COMPONENT OVERHAUL TABLE 1 DMC-407-A-05-10-00-02A-281A-A",05/15/2025,14209.50,,,31432.00,,,1000.00,,,,,,100.00,,,,,,15209.50,,,,,,,,,,,,224.40,,,,,,,,No,10+ Days,,01/25/2027,,,,,0.00,,,,,RII; Monthly Planning,
N407CN,IHC Health Services,10/02/2026,4963.50,0,34 GARMIN GTN650 250HR/12M,Airframe,4963.50,,0,11871.00,INSPECTION,,ICA,,250 HOUR/12 MONTH GARMIN GTN 650 INSPECTION,GARMIN ICA -190-01007-K4 REV. 3.,,,,,0.30,,04/08/2026,4854.10,,,11491.00,,12,250.00,,,,,,,,,,04/30/2027,,5104.10,,,,,,,,25,,6,,140.60,,,,,,,,No,10+ Days,,01/25/2027,,,,,,,,,,,
N862YB,IHC Health Services,10/04/2026,2591.10,0,05 1200HR,Airframe,2591.10,,0,6688.00,INSPECTION,,INSPECT,,1200 HOUR AIRFRAME INSPECTION,DMC-407-A-05-40-00-13A-281A-A,,,,,,"REF. BHT-407-MPI, CH. 5 DMC-407-A-05-40-00-13A-281A-A",09/06/2025,1728.70,,,4603.00,,,1200.00,,,,,,120.00,,,,,,2928.70,,,,,,,,,,,,337.60,,,,,,,,No,10+ Days,,01/25/2027,,,,,,,,,,Monthly Planning,
N407MZ,IHC Health Services,10/05/2026,2805.50,0,72 30-00,Engine 1,3228.10,6303.00,,,PART,None,INSPECT,CAE-847339,ENGINE - COMPRESSOR,M250-C47E/4  OMM 72-00-00-800-801  Table 6.,M250-10559,CAC-46955,,,,,08/29/2024,1650.40,,2982.00,,,,2000.00,,,,,,,,,,,,3650.40,,,,,,,,,,,,422.30,,,,,,,,No,10+ Days,,01/25/2027,,,,1650.40,,,,,,,
N407MZ,IHC Health Services,10/05/2026,2805.50,0,72 INSP 2000HR,Engine 1,3228.10,6303.00,,,INSPECTION,,INSPECT,CAE-847339,2000 HOUR ENGINE INSPECTION,RR-M250-C47E/4-O&M Ch. 72-00-00-200-801 Table 6.,,,,,,This inspection is typically completed at an Overhaul facility.,09/16/2024,1650.40,,2982.00,,,,2000.00,,,,,,,,,,,,3650.40,,,,,,,,,,,,422.30,,,,,,,,No,10+ Days,,01/25/2027,,,,,,,,,,,
N407JM,IHC Health Services,10/04/2026,5829.10,0,25 FUELING PORT PNL GUARD,Airframe,5829.10,,0,16558.00,INSPECTION,,,,ALPINE AEROTECH FUELING PORT PANEL GUARD,ALPINE AEROTACH AAL-312-015-001,,,,,,INITIAL INSTALLED MAY 2026 AT A/CTT  5726.4 HSUWO 6877,05/28/2026,5726.40,,,16204.00,0,12,300.00,0,0.00,0.00,0,0,,0,0.00,0.00,05/28/2027,,6026.40,,,,,,,,23,,7,,197.30,,,,,,,,No,10+ Days,,01/25/2027,,,,,,,,,,,
N407CP,IHC Health Services,10/04/2026,10206.30,1,34 FLTCELL 12MO,Airframe,10206.30,,1,22355.00,INSPECTION,,ICA,,12 MONTH FLIGHTCELL SMARTHUB INSPECTION,FLT CELL SMARTHUB IM 117-00016,,,,,,,01/26/2026,9951.60,1,,21734.00,0,12,,0,0.00,0.00,0,0,,0,0.00,0.00,01/26/2027,,,,,,,,,,21,,3,,,,,,,,,,No,10+ Days,,01/26/2027,,,,,,,,,,,
N407FC,IHC Health Services,10/05/2026,14985.10,0,05 600/12M,Airframe,14985.10,,0,33090.00,INSPECTION,,INSPECT,,600 HOUR/12 MONTH AIRFRAME INSPECTION,DMC-407-A-05-40-00-10A-281A-A,,,,,3.00,Ref. DMC-407-A-05-40-00-10A-281A-A.,03/10/2026,14611.70,,,32298.00,,12,600.00,,,,,36,60.00,,,,03/31/2027,,15211.70,,,,,,,,26,,5,,226.60,,,,,,,,No,10+ Days,,01/26/2027,,,,,,,,,,Monthly Planning,
N407TH,IHC Health Services,10/03/2026,8845.50,2,63 22-02,Airframe,8845.50,,2,20680.00,INSPECTION,None,INSPECT,CALIPER 1,(RII) ROTOR BRAKE CALIPER INSPECTION - 600 HOUR AIRFRAME INSPECTION,"BHT-407-CR&O-V, Chapter 63",407-540-304-101FM,964,,,,"Ref. Northwest Dynamics B0223-OM4, section 1.",12/24/2025,8415.50,,,19736.00,,,600.00,,,,,,60.00,,,,,,9015.50,,,,,,,,,,,,170.00,,,,,,,,No,10+ Days,,01/26/2027,,,,,,,,,,RII,
N407TH,IHC Health Services,10/03/2026,8845.50,2,63 22-06,Airframe,8845.50,,2,20680.00,INSPECTION,None,INSPECT,CALIPER 2,(RII) ROTOR BRAKE CALIPER INSPECTION - 600 HOUR AIRFRAME INSPECTION,"BHT-407-CR&O-V, Chapter 63",407-540-304-101FM,988,,,,"Ref. Northwest Dynamics B0223-OM4, section 1.",12/24/2025,8415.50,,,19736.00,,,600.00,,,,,,60.00,,,,,,9015.50,,,,,,,,,,,,170.00,,,,,,,,No,10+ Days,,01/26/2027,,,,,,,,,,RII; Monthly Planning,
N407CZ,IHC Health Services,10/04/2026,2432.60,0,05 300HR- PERIODIC INSPECTION,Airframe,2432.60,,0,5400.00,INSPECTION,,INSPECT,,300 HOUR /12 MONTH PERIODIC AIRFRAME INSPECTION,DMC-407-A-05-40-00-06A-281A-A,,,,,,"1. Do this inspection every 12 calendar months or every 300 hours of operation. 2. Do all six events of the airframe progressive inspection. Ref. DMC-407-A-05-40-00-06A-281A-A, Complete all 6 Progressive Inspection Events: DMC-407-A-05-40-00-00A-281A-A, DMC-407-A-05-40-00-01A-281A-A,DMC-407-A-05-40-00-02A-281A-A, DMC-407-A-05-40-00-03A-281A-A, DMC-407-A-05-40-00-04A-281A-A, DMC-407-A-05-40-00-05A-281A-A.",01/27/2026,2254.90,,,5035.00,,12,300.00,,,,,36,30.00,,,,01/27/2027,,2554.90,,,,,,,,22,,3,,122.30,,,,,,,,No,10+ Days,,01/27/2027,,,,,,,,,,,
N407CN,IHC Health Services,10/02/2026,4963.50,0,12 TBL 2,Airframe,4963.50,,0,11871.00,INSPECTION,,RII,,(RII) 150 HOUR TAIL ROTOR DRIVE SHAFT SPLINE ADAPTER LUBRICATION,DMC-407-A-12-00-00-00A-040A-A Table 2,,,,,,"RII - TAIL ROTOR DRIVE SHAFT SPLINE ADAPTER LUBE (2 ADAPTERS) INSURE THAT WASHER STACK UP IS CORRECT, GAPS IN DISC PACKS ARE IN ALLOWABLE LIMITS AND TORQUE STRIPE IS ON ALL NUTS AFTER TORQUE IS COMPLETED.",09/25/2026,4956.90,,,11835.00,,,150.00,,,,,,15.00,,,,,,5106.90,,,,,,,,,,,,143.40,,,,,,,,No,10+ Days,,01/27/2027,,,,,,,,,,RII,
N407CN,IHC Health Services,10/02/2026,4963.50,0,72 72/150,Engine 1,9052.70,12677.00,,,INSPECTION,,INSPECT,CAE-847115,150 HOUR/ 12 MONTH ENGINE INSPECTION,RR-C47B-O&M 72-00-00-200-801 TABLE 6.,,,,,,"**USE TABLE 6 ONLY DUE TO SERVICE WITH MOBIL 254 OIL (3RD GENERATION OIL)** CAUTION: BEFORE YOU UNDERTAKE A INSPECTION OR MAINTENANCE ACTION, CONSULT THE REFERENCED PARAGRAPHS OF THE OPERATION AND MAINTENANCE MANUAL. FAILURE TO DO SO COULD RESULT IN EQUIPMENT DAMAGE OR DESTRUCTION AND POSSIBLY RESULT IN PERSONNEL DEATH OR INJURY. NOTE: Compliance to the 150 hour and 300 hour items in this table must be performed at least every 12 calendar months or by hours, whichever occurs first. This inspection checklist can only be used if the operator uses an approved third generation (hts) oil.",09/25/2026,9046.10,,12658.00,,,12,150.00,,,,,,,,,,09/30/2027,,9196.10,,,,,,,,25,,11,,143.40,,,,,,,,No,10+ Days,,01/27/2027,,,,,,,,,,,
N407CZ,IHC Health Services,10/04/2026,2432.60,0,12 TBL 2,Airframe,2432.60,,0,5400.00,INSPECTION,,RII,,(RII) 150 HOUR TAIL ROTOR DRIVE SHAFT SPLINE ADAPTER LUBRICATION,DMC-407-A-12-00-00-00A-040A-A Table 2,,,,,,"RII - TAIL ROTOR DRIVE SHAFT SPLINE ADAPTER LUBE (2 ADAPTERS) INSURE THAT WASHER STACK UP IS CORRECT, GAPS IN DISC PACKS ARE IN ALLOWABLE LIMITS AND TORQUE STRIPE IS ON ALL NUTS AFTER TORQUE IS COMPLETED.",08/11/2026,2397.60,,,5313.00,0,0,150.00,0,0.00,0.00,0,0,15.00,0,0.00,0.00,,,2547.60,,,,,,,,,,,,115.00,,,,,,,,No,10+ Days,,01/28/2027,,,,,,,,,,RII,
N407CZ,IHC Health Services,10/04/2026,2432.60,0,72 INSP 150HR 12MO,Engine 1,1305.00,2172.00,,,INSPECTION,,,,150 HOUR/12 MONTH ENGINE INSPECTION,RR-M250-C47E/4-O&M Ch. 72-00-00 Table 606.,,,,,,"RR-M250-C47E/4-O&M Ch. 72-00-00-200-801 Table 6. BEFORE YOU UNDERTAKE A INSPECTION OR MAINTENANCE ACTION, CONSULT THE REFERENCED PARAGRAPHS OF THE OPERATION AND MAINTENANCE MANUAL. FAILURE TO DO SO COULD RESULT IN EQUIPMENT DAMAGE OR DESTRUCTION AND POSSIBLY RESULT IN PERSONNEL DEATH OR INJURY . Note: Compliance to the 150 hour and 300 hour items in this table must be performed at least every 12 calendar months or by hours, whichever occurs first. This inspection checklist can only be used if the operator uses an approved third generation (hts) oil",08/11/2026,1270.00,,2089.00,,,12,150.00,,,,,,,,,,08/11/2027,,1420.00,,,,,,,,6,,10,,115.00,,,,,,,,No,10+ Days,,01/28/2027,,,,,,,,,,,
N407FC,IHC Health Services,10/05/2026,14985.10,0,05 300HR- PERIODIC INSPECTION,Airframe,14985.10,,0,33090.00,INSPECTION,,INSPECT,,300 HOUR /12 MONTH PERIODIC AIRFRAME INSPECTION,DMC-407-A-05-40-00-06A-281A-A,,,,,45.00,"1. Do this inspection every 12 calendar months or every 300 hours of operation. 2. Do all six events of the airframe progressive inspection. Ref. DMC-407-A-05-40-00-06A-281A-A, Complete all 6 Progressive Inspection Events: DMC-407-A-05-40-00-00A-281A-A, DMC-407-A-05-40-00-01A-281A-A,DMC-407-A-05-40-00-02A-281A-A, DMC-407-A-05-40-00-03A-281A-A, DMC-407-A-05-40-00-04A-281A-A, DMC-407-A-05-40-00-05A-281A-A.",08/20/2026,14915.60,,,32943.00,,12,300.00,,,,,36,30.00,,,,08/20/2027,,15215.60,,,,,,,,15,,10,,230.50,,,,,,,,No,10+ Days,,01/28/2027,,,,,,,,,,,
N407FC,IHC Health Services,10/05/2026,14985.10,0,05 40-00-08A,Airframe,14985.10,,0,33090.00,INSPECTION,,INSPECT,,300 HOUR OPTIONAL EQUIPMENT INSPECTION,DMC-407-A-05-40-00-08A-281A-A,,,,,1.50,"Ref. DMC-407-A-05-40-00-08A-281A-A, Complete Inspection On All Currently Installed/Available Items.",08/20/2026,14915.60,,,32943.00,,,300.00,,,,,,30.00,,,,,,15215.60,,,,,,,,,,,,230.50,,,,,,,,No,10+ Days,,01/28/2027,,,,,,,,,,,
N407FC,IHC Health Services,10/05/2026,14985.10,0,12 HYD TBL 2,Airframe,14985.10,,0,33090.00,INSPECTION,,RII,,(RII) 300 HOUR/12 MONTH HYDRAULIC PUMP DRIVE SPLINE LUBRICATION,DMC-407-A-12-00-00-00A-040A-A Table 2,,,,,1.00,REF. BHT-407-MM CH. 12 SERVICING TABLE 2 DMC-407-A-12-00-00-00A-040A-A,08/20/2026,14915.60,,,32943.00,,12,300.00,,,,0,36,30.00,,,,08/31/2027,,15215.60,,,,,,,,26,,10,,230.50,,,,,,,,No,10+ Days,,01/28/2027,,,,,,,,,,RII,
N407FC,IHC Health Services,10/05/2026,14985.10,0,12 HYD TBL 3,Airframe,14985.10,,0,33090.00,INSPECTION,,RII,,(RII) 300 HOUR/12 MONTH HYDRAULIC FILTER CLEANING AND INSPECTION,DMC-407-A-12-00-00-00A-040A-A Table 3,,,,,0.50,"Ref. BHT-407-MM, Chapter 12, General, DMC-407-A-12-00-00-00A-040A-A Table 3.",08/20/2026,14915.60,,,32943.00,,12,300.00,,,,0,36,30.00,,,,08/31/2027,,15215.60,,,,,,,,26,,10,,230.50,,,,,,,,No,10+ Days,,01/28/2027,,,,,,,,,,RII,
N407FC,IHC Health Services,10/05/2026,14985.10,0,12 HYD TBL 3,Airframe,14985.10,,0,33090.00,INSPECTION,,,,300 HOUR/12 MONTH HYDRAULIC FLUID CHANGE,DMC-407-A-12-00-00-00A-040A-A Table 3,,,,,0.20,"Ref.  BHT-407-MM, Chapter 12, General, DMC-407-A-12-00-00-00A-040A-A Table 3.",08/20/2026,14915.60,,,32943.00,,12,300.00,,,,0,36,30.00,,,,08/31/2027,,15215.60,,,,,,,,26,,10,,230.50,,,,,,,,No,10+ Days,,01/28/2027,,,,,,,,,,,
N407FC,IHC Health Services,10/05/2026,14985.10,0,12 TBL 1,Airframe,14985.10,,0,33090.00,INSPECTION,,RII,,(RII) 300 HOUR AIRFRAME FUEL FILTER INSPECTION AND CHANGE,DMC-407-A-12-00-00-00A-040A-A,,,,,0.50,**Additional Fuel System Operational Check Required per Ref. DMC-407-A-28-00-00-00A-320A-A after completion.**,08/20/2026,14915.60,,,32943.00,,,300.00,,,,,,30.00,,,,,,15215.60,,,,,,,,,,,,230.50,,,,,,,,No,10+ Days,,01/28/2027,,,,,,,,,,RII,
N407FC,IHC Health Services,10/05/2026,14985.10,0,12 TBL 2,Airframe,14985.10,,0,33090.00,INSPECTION,,,,300 HOUR TAIL ROTOR DRIVE SHAFT & OIL COOLER BEARING LUBRICATION,DMC-407-A-12-00-00-00A-040A-A Table 2,,,,,0.50,REF. BHT-407-MM CH. 12 SERVICING TABLE 2 DMC-407-A-12-00-00-00A-040A-A,08/20/2026,14915.60,,,32943.00,,,300.00,,,,,,30.00,,,,,,15215.60,,,,,,,,,,,,230.50,,,,,,,,No,10+ Days,,01/28/2027,,,,,,,,,,,
N407FC,IHC Health Services,10/05/2026,14985.10,0,12 TBL 3,Airframe,14985.10,,0,33090.00,INSPECTION,,,,300 HOUR/12 MONTH MAIN ROTOR TRANSMISSION OIL & FILTER CHANGE,DMC-407-A-12-00-00-00A-040A-A Table 3,,,,,1.00,"REF. BHT-407-MM, Chapter 12, General, Table 3, DMC-407-A-A-12-00-00-00A-040A-A.",08/20/2026,14915.60,,,32943.00,,12,300.00,,,,0,36,30.00,,,,08/31/2027,,15215.60,,,,,,,,26,,10,,230.50,,,,,,,,No,10+ Days,,01/28/2027,,,,,,,,,,,
N407FC,IHC Health Services,10/05/2026,14985.10,0,12 TBL 3,Airframe,14985.10,,0,33090.00,INSPECTION,,,,300 HOUR/12 MONTH TAIL ROTOR GEARBOX OIL CHANGE,DMC-407-A-12-00-00-00A-040A-A Table 3,,,,,0.20,"Ref. BHT-407-MM, Chapter 12, General,  DMC-407-A-12-00-00-00A-040A-A Table 3.",08/20/2026,14915.60,,,32943.00,,12,300.00,,,,0,36,30.00,,,,08/31/2027,,15215.60,,,,,,,,26,,10,,230.50,,,,,,,,No,10+ Days,,01/28/2027,,,,,,,,,,,
N407CP,IHC Health Services,10/04/2026,10206.30,1,25 REBTECH 12M,Airframe,10206.30,,1,22355.00,INSPECTION,,ICA,,12 MONTH REBTECH NIGHT VISION INSPECTION,Rebtech ICA Document 98020407-ICA REV. H,,,,,,Rebtech ICA Document 98020407-ICA REV. H,01/29/2026,9951.60,1,,21734.00,0,12,,0,0.00,0.00,0,0,,0,0.00,0.00,01/29/2027,,,,,,,,,,24,,3,,,,,,,,,,No,10+ Days,,01/29/2027,,,,,,,,,,,
N407RU,IHC Health Services,09/23/2026,2043.40,0,34 DATA LOG,Airframe,2043.40,,0,3639.00,INSPECTION,,,,12 MONTH DOWNLOAD (SAVE) AND DELETE DATA LOG FILES,DMC-407-A-95-64-08-02A-090A-A,,,,,,CAUTION **DO NOT DELETE THE DATA_LOG FOLDER FROM THE MAINTENANCE SD CARD. THIS FOLDER IS REQUIRED IN ORDER FOR THE SYSTEM TO SAVE THE FLIGHT DATA INFORMATION FILES.**,01/29/2026,1727.70,,,3115.00,0,12,,0,0.00,0.00,0,36,,0,0.00,0.00,01/29/2027,,,,,,,,,,24,,3,,,,,,,,,,No,10+ Days,,01/29/2027,,,,,,,,,,,
N407CP,IHC Health Services,10/04/2026,10206.30,1,25 GARMIN G500H TXi 12M,Airframe,10206.30,,1,22355.00,INSPECTION,,ICA,,12 MONTH GARMIN G500H TXI VISUAL INSPECTION,GARMIN 190-02401-01 REV. 3,,,,,,,01/30/2026,9951.60,1,,21734.00,0,12,,0,0.00,0.00,0,0,,0,0.00,0.00,01/30/2027,,,,,,,,,,25,,3,,,,,,,,,,No,10+ Days,,01/30/2027,,,,,,,,,,,
N407CZ,IHC Health Services,10/04/2026,2432.60,0,05 600/12M,Airframe,2432.60,,0,5400.00,INSPECTION,,INSPECT,,600 HOUR/12 MONTH AIRFRAME INSPECTION,DMC-407-A-05-40-00-10A-281A-A,,,,,,ACCOMPLISHED 600 HOUR/12 MONTH AIRFRAME INSPECTION IAW DMC-407-A-05-40-00-10A-281A-A. NO DEFECTS FOUND.,01/27/2026,2254.90,,,5035.00,,12,600.00,,,,,36,60.00,,,,01/31/2027,,2854.90,,,,,,,,26,,3,,422.30,,,,,,,,No,10+ Days,,01/31/2027,,,,,,,,,,Monthly Planning,
N407LP,IHC Health Services,10/01/2026,4415.70,0,12 TBL 2,Airframe,4415.70,,0,11404.00,INSPECTION,,RII,,(RII) 300 HOUR/3 MONTH TAIL ROTOR PITCH CHANGE MECHANISM LUBRICATION,DMC-407-A-12-00-00-00A-040A-A Table 2,,,,,,"Ref. DMC-407-A-12-00-00-00A-040A-A, Table 2.",10/01/2026,4415.70,,,11404.00,,3,300.00,,,,0,9,30.00,,,,01/31/2027,,4715.70,,,,,,,,26,,3,,300.00,,,,,,,,No,10+ Days,,01/31/2027,,,,,,,,,,RII,
N407CH,IHC Health Services,10/04/2026,17743.70,1,24 20-01,Airframe,17743.70,,1,43738.00,PART,Overhaul,ICA,,(RII) AIRCRAFT BATTERY - CAPACITY CHECK,CONCORDE DOC 5-0171 REV. Q,RG407A1,41418906,,,,"After 1st Cap check, Inspection times change depending on the outcome of the Cap Check. Please See Concorde Manual for correct times.",01/31/2026,17343.10,,,,,12,1000.00,,,,,,,,,,01/31/2027,,18343.10,,,,,,,,26,,3,,599.40,,,,,,,,No,10+ Days,,01/31/2027,0,0,0,0.00,0.00,0.00,,,,RII,
N407CZ,IHC Health Services,10/04/2026,2432.60,0,72 72/300,Engine 1,1305.00,2172.00,,,INSPECTION,,,CAE-848668,300 HOUR/12 MONTH ENGINE INSPECTION,RR-M250-C47E/4-O&M Ch. 72-00-00 Table 606.,,,,,,ACCOMPLISHED 300 HOUR/12 MONTH ENGINE INSPECTION IAW RR-M250-C47E/4-O&M Ch. 72-00-00 Table 606. NO DEFECTS FOUND.,01/27/2026,1127.30,,1822.00,,,12,300.00,,,,,,,,,,01/31/2027,,1427.30,,,,,,,,26,,3,,122.30,,,,,,,,No,10+ Days,,01/31/2027,,,,,,,,,,,
N407TK,IHC Health Services,10/04/2026,5381.40,0,72 INSP 600HR/12MO,Engine 1,2979.30,6058.00,,,INSPECTION,,RII,CAE-848672,(RII) 600 HOUR/ 12 MONTH ENGINE OIL & SCAVENGE OIL FILTER CHANGE,"RR-C47B-O&M, 72-00-00 TBL 6 & 73-10-02",,,,,,"C/W 600 HOUR/ 12 MONTH ENGINE OIL & SCAVENGE OIL FILTER CHANGE (REMOVED OLD CEFA OIL FILTER  P/N 7593359 S/N N/A) AND (INSTALLED A NEW CEFA OIL FILTER P/N 7593359 S/N N/A), (REMOVED OLD Engine oil Filter P/N 6870032 S/N N/A and installed a NEW  Engine oil Filter P/N 6870032 S/N N/A) drained oil and then ADDED 5 QUARTS of MOBIL JET 254 oil to the OIL TANK, Removed the oil strut cleaned and reinstalled.  ALL WORK DONE IAW THE Ref. Rolls-Royce M250-C47B-O&M, Chapter 72-00-00 Table 6 and Chapter 73-10-02.",01/27/2026,2738.30,,5619.00,,,12,600.00,,,,,,,,,,01/31/2027,,3338.30,,,,,,,,26,,3,,359.00,,,,,,,,No,10+ Days,,01/31/2027,,,,,,,,,,,
N407CZ,IHC Health Services,10/04/2026,2432.60,0,72 INSP 600HR/12MO,Engine 1,1305.00,2172.00,,,INSPECTION,,RII,CAE-848668,(RII) 600 HOUR/12 MONTH ENGINE OIL & SCAVENGE OIL FILTER CHANGE,Rolls-Royce Publication CSP21001,,,,,,"Ref. Rolls-Royce M250-C47E/4 O&M, Chapter 72-00-00 Table 606 and Chapter 79-10-00.
Filter is replaced when oil is changed as a HSU recommended item.",01/27/2026,1127.30,,1822.00,,,12,600.00,,,,,,,,,,01/31/2027,,1727.30,,,,,,,,26,,3,,422.30,,,,,,,,No,10+ Days,,01/31/2027,,,,,,,,,,RII,
N469JX,IHC Health Services,09/30/2026,3681.00,0,34 GARMIN G500H TXi 2000HR/10Y,Airframe,3681.00,,0,9318.00,INSPECTION,,ICA,,2000 HOUR /10 YEAR GARMIN G500H TXi FLIGHT DISPLAY SYS ELECTRICAL BONDING TEST,GARMIN 190-02401-01 REV. 4,,,,,1.50,,03/15/2024,2094.60,,,,0,120,2000.00,0,0.00,0.00,0,0,,0,0.00,0.00,03/31/2034,,4094.60,,,,,,,,26,,89,,413.60,,,,,,,,No,10+ Days,,01/31/2027,,,,,,,,,,,
N469JX,IHC Health Services,09/30/2026,3681.00,0,34 GARMIN GRA55 RADAR ALT 10Y/2000H,Airframe,3681.00,,0,9318.00,INSPECTION,,ICA,,2000 HOUR / 10 YEAR GARMIN GRA 55 RADAR ALTIMITERBONDING CHECK,190-01277-A3 REV. 1,,,,,1.50,REF. GARMIN 190-01277-A3 REV. 1 - 337 DATED 1/12/2021,03/15/2024,2094.60,,,,0,120,2000.00,0,0.00,0.00,0,0,,0,0.00,0.00,03/31/2034,,4094.60,,,,,,,,26,,89,,413.60,,,,,,,,No,10+ Days,,01/31/2027,,,,,,,,,,,
N469JX,IHC Health Services,09/30/2026,3681.00,0,34 GARMIN GTN650XI 2000HR/10Y,Airframe,3681.00,,0,9318.00,INSPECTION,,ICA,,2000 HOUR/10 YEAR GARMIN GTN 650XI ELECTRICAL BONDING CHECK,GARMIN ICA 190-01007-D1 REV. 2,,,,,1.50,,03/15/2024,2094.60,,,,0,120,2000.00,0,0.00,0.00,0,0,,0,0.00,0.00,03/31/2034,,4094.60,,,,,,,,26,,89,,413.60,,,,,,,,No,10+ Days,,01/31/2027,,,,,,,,,,,
N469JX,IHC Health Services,09/30/2026,3681.00,0,34 GARMIN XPOND GTX345R 10YR/2000HR,Airframe,3681.00,,0,9318.00,INSPECTION,,ICA,,2000 HR / 10 YR GARMIN  GTX 345R ELECTRICAL BONDING TEST,190-00734021 REV.4,,,,,0.75,REF. GARMIN ICA 190-00734021 REV.4,03/15/2024,2094.60,,,,0,120,2000.00,0,0.00,0.00,0,0,,0,0.00,0.00,03/31/2034,,4094.60,,,,,,,,26,,89,,413.60,,,,,,,,No,10+ Days,,01/31/2027,,,,,,,,,,,
N469JX,IHC Health Services,09/30/2026,3681.00,0,34 GDL69A 2000H/10Y,Airframe,3681.00,,0,9318.00,INSPECTION,,ICA,,2000 HR / 10 YR GARMIN GDL 69A ELECTRICAL BONDING CHECK,190-00355-00 REV. G,,,,,0.50,REF. GARMIN ICA 190-00355-00 REV. G,03/15/2024,2094.60,,,,0,120,2000.00,0,0.00,0.00,0,0,,0,0.00,0.00,03/31/2034,,4094.60,,,,,,,,26,,89,,413.60,,,,,,,,No,10+ Days,,01/31/2027,,,,,,,,,,,
N407TH,IHC Health Services,10/03/2026,8845.50,2,05 40-00-08A,Airframe,8845.50,,2,20680.00,INSPECTION,,INSPECT,,300 HOUR OPTIONAL EQUIPMENT INSPECTION,DMC-407-A-05-40-00-08A-281A-A,,,,,,"Ref. DMC-407-A-05-40-00-08A-281A-A, Complete Inspection On All Currently Installed/Available Items.",07/29/2026,8725.60,,,20410.00,,,300.00,,,,,,30.00,,,,,,9025.60,,,,,,,,,,,,180.10,,,,,,,,No,10+ Days,,02/02/2027,,,,,,,,,,,
N407TH,IHC Health Services,10/03/2026,8845.50,2,12 HYD TBL 2,Airframe,8845.50,,2,20680.00,INSPECTION,,RII,,(RII) 300 HOUR/12 MONTH HYDRAULIC PUMP DRIVE SPLINE LUBRICATION,DMC-407-A-12-00-00-00A-040A-A Table 2,,,,,,"Ref. DMC-407-A-12-00-00-00A-040A-A, Table 2.",07/29/2026,8725.60,,,20410.00,,12,300.00,,,,0,36,30.00,,,,07/31/2027,,9025.60,,,,,,,,26,,9,,180.10,,,,,,,,No,10+ Days,,02/02/2027,,,,,,,,,,RII,
N407TH,IHC Health Services,10/03/2026,8845.50,2,12 HYD TBL 3,Airframe,8845.50,,2,20680.00,INSPECTION,,RII,,(RII) 300 HOUR/12 MONTH HYDRAULIC FILTER CLEANING AND INSPECTION,DMC-407-A-12-00-00-00A-040A-A Table 3,,,,,,"Ref. DMC-407-A-12-00-00-00A-040A-A, Table 3.",07/29/2026,8725.60,,,20410.00,,12,300.00,,,,0,36,30.00,,,,07/31/2027,,9025.60,,,,,,,,26,,9,,180.10,,,,,,,,No,10+ Days,,02/02/2027,,,,,,,,,,RII,
N407TH,IHC Health Services,10/03/2026,8845.50,2,12 HYD TBL 3,Airframe,8845.50,,2,20680.00,INSPECTION,,,,300 HOUR/12 MONTH HYDRAULIC FLUID CHANGE,DMC-407-A-12-00-00-00A-040A-A Table 3,,,,,,"Ref. DMC-407-A-12-00-00-00A-040A-A, Table 3.",07/29/2026,8725.60,,,20410.00,,12,300.00,,,,0,36,30.00,,,,07/31/2027,,9025.60,,,,,,,,26,,9,,180.10,,,,,,,,No,10+ Days,,02/02/2027,,,,,,,,,,,
N407TH,IHC Health Services,10/03/2026,8845.50,2,12 TBL 1,Airframe,8845.50,,2,20680.00,INSPECTION,,RII,,(RII) 300 HOUR AIRFRAME FUEL FILTER INSPECTION AND CHANGE,DMC-407-A-12-00-00-00A-040A-A,,,,,,**Additional Fuel System Operational Check Required per Ref. DMC-407-A-28-00-00-00A-320A-A after completion.**,07/26/2026,8725.60,,,20410.00,,,300.00,,,,,,30.00,,,,,,9025.60,,,,,,,,,,,,180.10,,,,,,,,No,10+ Days,,02/02/2027,,,,,,,,,,RII,
N407TH,IHC Health Services,10/03/2026,8845.50,2,12 TBL 2,Airframe,8845.50,,2,20680.00,INSPECTION,,,,300 HOUR TAIL ROTOR DRIVE SHAFT & OIL COOLER BEARING LUBRICATION,DMC-407-A-12-00-00-00A-040A-A Table 2,,,,,,"Ref. DMC-407-A-12-00-00-00A-040A-A, Table 2.",07/27/2026,8725.60,,,20410.00,,,300.00,,,,,,30.00,,,,,,9025.60,,,,,,,,,,,,180.10,,,,,,,,No,10+ Days,,02/02/2027,,,,,,,,,,,
N407TH,IHC Health Services,10/03/2026,8845.50,2,12 TBL 3,Airframe,8845.50,,2,20680.00,INSPECTION,,,,300 HOUR/12 MONTH MAIN ROTOR TRANSMISSION OIL & FILTER CHANGE,DMC-407-A-12-00-00-00A-040A-A Table 3,,,,,,"Ref. DMC-407-A-12-00-00-00A-040A-A, Table 3.",07/29/2026,8725.60,,,20410.00,,12,300.00,,,,0,36,30.00,,,,07/31/2027,,9025.60,,,,,,,,26,,9,,180.10,,,,,,,,No,10+ Days,,02/02/2027,,,,,,,,,,,
N407TH,IHC Health Services,10/03/2026,8845.50,2,12 TBL 3,Airframe,8845.50,,2,20680.00,INSPECTION,,,,300 HOUR/12 MONTH TAIL ROTOR GEARBOX OIL CHANGE,DMC-407-A-12-00-00-00A-040A-A Table 3,,,,,,"Ref. DMC-407-A-12-00-00-00A-040A-A, Table 3.",07/27/2026,8725.60,,,20410.00,,12,300.00,,,,0,36,30.00,,,,07/31/2027,,9025.60,,,,,,,,26,,9,,180.10,,,,,,,,No,10+ Days,,02/02/2027,,,,,,,,,,,
N407TH,IHC Health Services,10/03/2026,8845.50,2,AD 2012-18-09 AMD 39-17185,Airframe,8845.50,,2,20680.00,AD,,,TAILBOOM,AD 2012-18-09 ROTORCRAFT TAILBOOM HARDWARE ATTACHMENT,"AD 2012-18-09, Amend. 39-17185",,,,,,"C/W AD 2012-18-09 ROTORCRAFT TAILBOOM HARDWARE ATTACHMENT TORQUE CHECK IAW PARA. (e) (3), NO MOVEMENT, NEXT DUE              ACTT.",07/27/2026,8725.60,,,20410.00,,,300.00,,,,,,,,,,,,9025.60,,,,,,,,,,,,180.10,,,,,,,,No,10+ Days,,02/02/2027,,,,,,,,,,,
N407TH,IHC Health Services,10/03/2026,8845.50,2,AD 2018-10-06 AMD 39-19281,Airframe,8845.50,,2,20680.00,AD,,,,AD 2018-10-06 300 HOUR TAIL ROTOR DRIVE SHAFT,"AD 2018-10-06, Amend. 39-19281 Para. (e)(1)(3)",,,,,,"Completed AD 2018-10-06 by inspecting each TR driveshaft segment assembly for rotational and axial play between the adapter and the TR driveshaft.

C/W AD 2018-10-06 300 HOUR TAIL ROTOR DRIVE SHAFT Inspected each TR driveshaft segment assembly for rotational and axial play IAW Para. (e)(1)(3)AND Figure 1 of Bell Alert Service Bulletin (ASB) 407-16-113, NO DEFECTS FOUND, NEXT DUE 8715.5 ACTT.",07/27/2026,8725.60,,,20410.00,,,300.00,,,,,,30.00,,,,,,9025.60,,,,,,,,,,,,180.10,,,,,,,,No,10+ Days,,02/02/2027,,,,,,,,,,,
N407TH,IHC Health Services,10/03/2026,8845.50,2,05 300HR- PERIODIC INSPECTION,Airframe,8845.50,,2,20680.00,INSPECTION,,INSPECT,,300 HOUR /12 MONTH PERIODIC AIRFRAME INSPECTION,DMC-407-A-05-40-00-06A-281A-A,,,,,,"1. Do this inspection every 12 calendar months or every 300 hours of operation. 2. Do all six events of the airframe progressive inspection. Ref. DMC-407-A-05-40-00-06A-281A-A, Complete all 6 Progressive Inspection Events: DMC-407-A-05-40-00-00A-281A-A, DMC-407-A-05-40-00-01A-281A-A,DMC-407-A-05-40-00-02A-281A-A, DMC-407-A-05-40-00-03A-281A-A, DMC-407-A-05-40-00-04A-281A-A, DMC-407-A-05-40-00-05A-281A-A.",07/31/2026,8725.90,,,20411.00,,12,300.00,,,,,36,30.00,,,,07/31/2027,,9025.90,,,,,,,,26,,9,,180.40,,,,,,,,No,10+ Days,,02/02/2027,,,,,,,,,,,
N407TK,IHC Health Services,10/04/2026,5381.40,0,12 TBL 2,Airframe,5381.40,,0,15301.00,INSPECTION,,RII,,(RII) 150 HOUR TAIL ROTOR DRIVE SHAFT SPLINE ADAPTER LUBRICATION,DMC-407-A-12-00-00-00A-040A-A Table 2,,,,,,"COMPLIED WITH THE 150 HOUR TAIL ROTOR DRIVE SHAFT SPLINE ADAPTER LUBRICATION. REF DMC-407-A-12-00-00-00A-040A-A Table 2. (NEXT DUE ACTT 5246.7)
RII - TAIL ROTOR DRIVE SHAFT SPLINE ADAPTER LUBE (2 ADAPTERS) INSURE THAT WASHER STACK UP IS CORRECT, GAPS IN DISC PACKS ARE IN ALLOWABLE LIMITS AND TORQUE STRIPE IS ON ALL NUTS AFTER TORQUE IS COMPLETED.",09/04/2026,5352.00,,,15229.00,,,150.00,,,,,,15.00,,,,,,5502.00,,,,,,,,,,,,120.60,,,,,,,,No,10+ Days,,02/02/2027,,,,,,,,,,RII,
N407TK,IHC Health Services,10/04/2026,5381.40,0,72 72/150,Engine 1,2979.30,6058.00,,,INSPECTION,,INSPECT,CAE-848672,150 HOUR/ 12 MONTH ENGINE INSPECTION,RR-C47B-O&M 72-00-00-200-801 TABLE 6.,,,,,5.00,"**USE TABLE 6 ONLY DUE TO SERVICE WITH MOBIL 254 OIL (3RD GENERATION OIL)** CAUTION: BEFORE YOU UNDERTAKE A INSPECTION OR MAINTENANCE ACTION, CONSULT THE REFERENCED PARAGRAPHS OF THE OPERATION AND MAINTENANCE MANUAL. FAILURE TO DO SO COULD RESULT IN EQUIPMENT DAMAGE OR DESTRUCTION AND POSSIBLY RESULT IN PERSONNEL DEATH OR INJURY. NOTE: Compliance to the 150 hour and 300 hour items in this table must be performed at least every 12 calendar months or by hours, whichever occurs first. This inspection checklist can only be used if the operator uses an approved third generation (hts) oil.",09/04/2026,2949.90,,6000.00,,,12,150.00,,,,,,,,,,09/30/2027,,3099.90,,,,,,,,25,,11,,120.60,,,,,,,,No,10+ Days,,02/02/2027,,,,,,,,,,,
N407BY,IHC Health Services,10/04/2026,1229.40,0,25 REBTECH  200HR/12M,Airframe,1229.40,,0,2649.00,INSPECTION,,ICA,,200 HOUR/12 MONTH REBTECH NIGHT VISION INSPECTION,Rebtech ICA Document 98020407-ICA REV. H,,,,,,,06/13/2026,1150.60,,,2501.00,0,12,200.00,0,0.00,0.00,0,0,,0,0.00,0.00,06/30/2027,,1350.60,,,,,,,,25,,8,,121.20,,,,,,,,No,10+ Days,,02/03/2027,,,,,,,,,,,
N407JM,IHC Health Services,10/04/2026,5829.10,0,72 00-10,Engine 1,5126.30,8563.00,,,PART,Overhaul,RII,848248,(RII) COMPRESSOR  BLEED VALVE - OVERHAUL,"M250-C47B OMM 72-00-00-800-801, Para K, Table 6.",23073353,FF58593,,,,,10/30/2022,3839.30,,6462.00,,,,1500.00,,,,,,,,,,,,5339.30,,,,,,,,,,,,213.00,,,,,,,,No,10+ Days,,02/03/2027,0,0,,7984.20,0.00,,,,,,
N407CZ,IHC Health Services,10/04/2026,2432.60,0,05 40-00-08A,Airframe,2432.60,,0,5400.00,INSPECTION,,INSPECT,,300 HOUR OPTIONAL EQUIPMENT INSPECTION,DMC-407-A-05-40-00-08A-281A-A,,,,,,"Ref. DMC-407-A-05-40-00-08A-281A-A, Complete Inspection On All Currently Installed/Available Items.",01/23/2026,2254.90,,,5035.00,,,300.00,,,,,,30.00,,,,,,2554.90,,,,,,,,,,,,122.30,,,,,,,,No,10+ Days,,02/04/2027,,,,,,,,,,,
N407CZ,IHC Health Services,10/04/2026,2432.60,0,12 TBL 2,Airframe,2432.60,,0,5400.00,INSPECTION,,,,300 HOUR TAIL ROTOR DRIVE SHAFT & OIL COOLER BEARING LUBRICATION,DMC-407-A-12-00-00-00A-040A-A Table 2,,,,,,REF. BHT-407-MM CH. 12 SERVICING TABLE 2 DMC-407-A-12-00-00-00A-040A-A,01/23/2026,2254.90,,,5035.00,,,300.00,,,,,,30.00,,,,,,2554.90,,,,,,,,,,,,122.30,,,,,,,,No,10+ Days,,02/04/2027,,,,,,,,,,,
N407CZ,IHC Health Services,10/04/2026,2432.60,0,53 04-300,Airframe,2432.60,,0,5400.00,INSPECTION,,AIRWORTHINESS,CZ TAILBOOM,300 HOUR TAILBOOM ASSEMBLY AIRWORTHINESS LIMITATIONS INSPECTION,DMC-407-A-04-00-00-00A-288A-A TABLE 2,407-030-801-221,54981,,,,"Ref. BHT-407-MPI, CH. 4 AIRWORTHINESS LIMITATIONS, DMC-407-A-04-00-00-00A-288A-A, Table 2 and Figure 5.",01/18/2026,2254.90,,,5035.00,0,0,300.00,0,0.00,0.00,0,0,,0,0.00,0.00,,,2554.90,,,,,,,,,,,,122.30,,,,,,,,No,10+ Days,,02/04/2027,,,,,,,,,,,
N407CZ,IHC Health Services,10/04/2026,2432.60,0,72 300HR SCAVENGE FILTER,Engine 1,1305.00,2172.00,,,MAINTENANCE,,RII,,(RII) 300 HOUR ENGINE SCAVENGE OIL FILTER CHANGE (OPERATOR'S REQUEST),RR-M250-C47E/4 O&M Chapter 79-10-00,,,,,,**DO NOT CHANGE OIL AT THIS TIME IF NOT DUE**,01/20/2026,1127.30,,1822.00,,0,0,300.00,0,0.00,0.00,0,0,,0,0.00,0.00,,,1427.30,,,,,,,,,,,,122.30,,,,,,,,No,10+ Days,,02/04/2027,,,,,,,,,,,
N407CZ,IHC Health Services,10/04/2026,2432.60,0,AD 2018-10-06 AMD 39-19281,Airframe,2432.60,,0,5400.00,AD,,,,AD 2018-10-06 300 HOUR TAIL ROTOR DRIVE SHAFT,"AD 2018-10-06, Amend. 39-19281 Para. (e)(1)(3)",,,,,,Completed AD 2018-10-06 by inspecting each TR driveshaft segment assembly for rotational and axial play between the adapter and the TR driveshaft.,01/18/2026,2254.90,,,5035.00,,,300.00,,,,,,30.00,,,,,,2554.90,,,,,,,,,,,,122.30,,,,,,,,No,10+ Days,,02/04/2027,,,,,,,,,,,
N466GH,IHC Health Services,10/04/2026,3267.50,0,25 AA CROSSTUBE 300HR/12M,Airframe,3267.50,,0,7636.00,INSPECTION,,ICA,,300 HOUR/ 12 MONTH AERONAUTICAL ACCESSORIES CROSSTUBE INSPECTION,AERONAUTICAL ACCESSORIES AA-00061 REV. E,,,,,,Ref. Aeronautical Accessories ICA AA-00061.,09/06/2026,3214.10,,,7565.00,,12,300.00,,,,,,,,,,09/30/2027,,3514.10,,,,,,,,25,,11,,246.60,,,,,,,,No,10+ Days,,02/05/2027,,,,,,,,,,,
N466GH,IHC Health Services,10/04/2026,3267.50,0,25 AA FLT/FLOAT STEP 300HR/12M,Airframe,3267.50,,0,7636.00,INSPECTION,,ICA,,300 HOUR/12 MONTH AERONAUTICAL ACCESSORIES FLIGHTSTEP/FLOATSTEP INSPECTION,AERONAUTICAL ACCESSORIES  ICA AA-01162,,,,,,AERONAUTICAL ACCESSORIES  ICA AA-01162,09/06/2026,3214.10,,,7565.00,,12,300.00,,,,,,,,,,09/30/2027,,3514.10,,,,,,,,25,,11,,246.60,,,,,,,,No,10+ Days,,02/05/2027,,,,,,,,,,,
N466GH,IHC Health Services,10/04/2026,3267.50,0,63 22-11,Airframe,3267.50,,0,7636.00,INSPECTION,Overhaul,INSPECT,Disc,(RII) ROTOR BRAKE DISC - INSPECTION,BHT 407 MM CH 5. AND BO223-OM4,407-340-318-101,1600,,,,BHT 407 MM CH 5. AND BO223-OM4,11/11/2024,2314.10,,,6334.00,,,1200.00,,,,,,,,,,,,3514.10,,,,,,,,,,,,246.60,,,,,,,,No,10+ Days,,02/05/2027,,,,,,,,,,RII; Monthly Planning,
N407CH,IHC Health Services,10/04/2026,17743.70,1,72 INSP 600HR/12MO,Engine 1,10730.20,20662.00,,,INSPECTION,,RII,,(RII) 600 HOUR/ 12 MONTH ENGINE OIL & SCAVENGE OIL FILTER CHANGE,"M250-C47B-O&M, Chapter 72-00-00",,,,,,"Ref. Rolls-Royce M250-C47B-O&M, Chapter 72-00-00 Table 606 and Chapter 73-10-02.",02/06/2026,10343.20,,20069.00,,,12,600.00,,,,,,,,,,02/06/2027,,10943.20,,,,,,,,1,,4,,213.00,,,,,,,,No,10+ Days,,02/06/2027,,,,,,,,,,RII,
N407FC,IHC Health Services,10/05/2026,14985.10,0,25 PARAVION SNOW DEFL 300HR/12M,Airframe,14985.10,,0,33090.00,INSPECTION,,ICA,,300 HOUR/12 MONTH PARAVION SNOW DEFLECTOR AND DZUS HARDWARE INSPECTION,Ref. Paravion PR-206/407SD-120M,,,,,,Complied with DZUS FASTENERS FOR SNOW DEFLECTOR. No defects noted. Ref. ICA PR-206/407SD-120M,09/04/2026,14936.80,,,32993.00,0,12,300.00,0,0.00,0.00,0,0,,0,0.00,0.00,09/04/2027,,15236.80,,,,,,,,30,,10,,251.70,,,,,,,,No,10+ Days,,02/08/2027,,,,,,,,,,,
N407CH,IHC Health Services,10/04/2026,17743.70,1,25 REBTECH  200HR/12M,Airframe,17743.70,,1,43738.00,INSPECTION,,ICA,,200 HOUR/12 MONTH REBTECH NIGHT VISION INSPECTION,Rebtech ICA Document 98020407-ICA REV. H,,,,,,,08/25/2026,17639.50,,,43576.00,0,12,200.00,0,0.00,0.00,0,0,,0,0.00,0.00,08/25/2027,,17839.50,,,,,,,,20,,10,,95.80,,,,,,,,No,10+ Days,,02/09/2027,,,,,,,,,,,
N469JX,IHC Health Services,09/30/2026,3681.00,0,63 22-02,Airframe,3681.00,,0,9318.00,INSPECTION,Overhaul,INSPECT,Caliper 999,(RII) ROTOR BRAKE CALIPER INSPECTION - 600 HOUR AIRFRAIME INSPECTION,NORTHWEST DYNAMICS B0244-OM4,407-340-302-103,416,,,4.00,Ref: DMC-407-A-05-40-00-09A-281A-A. NORTHWEST DYNAMICS B0244-OM4 FOR PN 407-340-302-103,07/20/2026,3529.90,,,9095.00,,,600.00,,,,,,,,,,,,4129.90,,,,,,,,,,,,448.90,,,,,,,,No,10+ Days,,02/10/2027,,,,,,,,,,RII,
N469JX,IHC Health Services,09/30/2026,3681.00,0,63 22-06,Airframe,3681.00,,0,9318.00,INSPECTION,Overhaul,INSPECT,CALIPER,(RII) ROTOR BRAKE CALIPER INSPECTION - 600 HOUR AIRFRAME INSPECTION,,407-340-302-103,745,,,4.00,Ref: DMC-407-A-05-40-00-09A-281A-A. NORTHWEST DYNAMICS B0244-OM4 FOR PN 407-340-302-103,07/20/2026,3529.90,,,9095.00,,,600.00,,,,,,,,,,,,4129.90,,,,,,,,,,,,448.90,,,,,,,,No,10+ Days,,02/10/2027,,,,,,,,,,RII; Monthly Planning,
N466GH,IHC Health Services,10/04/2026,3267.50,0,05 DOOR PIN CLASSIC RECOMMEND,Airframe,3267.50,,0,7636.00,INSPECTION,,,,300 HOUR / 12 MONTH JETTISONABLE DOOR PIN INSPECTION - CLASSIC RECOMMENDATION,DMC-407-A-52-10-00-04A-280A-A,,,,,,,09/16/2026,3226.80,,,7583.00,0,12,300.00,0,0.00,0.00,0,0,,0,0.00,0.00,09/16/2027,,3526.80,,,,,,,,11,,11,,259.30,,,,,,,,No,10+ Days,,02/11/2027,,,,,,,,,,,
N407FM,IHC Health Services,10/04/2026,2702.50,0,AD 2026-14-07 AMD 39-23408,Airframe,2702.50,,0,6837.00,AD,,,,[RECURRING] THIS AD WAS PROMPTED BY A REPORT OF A FRACTURED PILOT CYCLIC STICK TUBE AND SUBSEQUENT FINDINGS OF OTHER PILOT CYCLIC STICK TUBES WITH FATIGUE CRACKING. THE FAA IS ISSUING THIS AD TO DETECT AND CORRECT A CRACK IN THE PILOT CYCLIC STICK ...,,,,,,,"INITIAL DUE DATE AND TME WILL BE DUE IN 100 HOURS OR NOVEMBER 19,2026 (90 DAYS AFTER AUGUST 21, 2026) - THEN AT ACTT 3600 HRS  AND RECURRING EVERY 300 HOURS OR 6 MONTHS THEREAFTER",08/12/2026,2664.50,,,6734.00,,6,300.00,,,,,,,,,,02/12/2027,,2964.50,,,,,,,,7,,4,,262.00,,,,,,,,No,10+ Days,,02/12/2027,,,,,,,,,,,
N407PW,IHC Health Services,10/04/2026,1441.00,0,05 40-00-10A,Airframe,1441.00,,0,1740.00,INSPECTION,,INSPECT,,600 HOUR/12 MONTH AIRFRAME INSPECTION,DMC-407-A-05-40-00-10A-281A-A,,,,,,"REF. BHT-407-MPI, CH. 5 DMC-407-A-05-40-00-10A-281A-A",04/24/2026,1167.50,,,1395.00,,12,600.00,,,,,36,60.00,,,,04/30/2027,,1767.50,,,,,,,,25,,6,,326.50,,,,,,,,No,10+ Days,,02/12/2027,,,,,,,,,,Monthly Planning,
N407FM,IHC Health Services,10/04/2026,2702.50,0,72 300HR SCAVENGE FILTER,Engine 1,1885.80,3038.00,,,MAINTENANCE,,RII,,(RII) 300 HOUR ENGINE SCAVENGE OIL FILTER CHANGE (OPERATOR'S REQUEST),RR-M250-C47E/4 O&M Chapter 79-10-00,,,,,,**DO NOT CHANGE OIL AT THIS TIME IF NOT DUE,08/17/2026,1847.80,,2948.00,,0,0,300.00,0,0.00,0.00,0,0,,0,0.00,0.00,,,2147.80,,,,,,,,,,,,262.00,,,,,,,,No,10+ Days,,02/13/2027,,,,,,,,,,RII,
N407FM,IHC Health Services,10/04/2026,2702.50,0,72 72/300,Engine 1,1885.80,3038.00,,,INSPECTION,,INSPECT,CAE-847339,300 HOUR/12 MONTH ENGINE INSPECTION,RR-M250-C47E/4-O&M Ch. 72-00-00-200-801 Table 6,,,,,,"**USE TABLE 6 ONLY DUE TO SERVICE WITH MOBIL 254 OIL (3RD GENERATION OIL)** In addition to the 150 hour inspection items, perform the following: **SEE SUB ITEMS**",08/19/2026,1847.80,,2948.00,,,12,300.00,,,,,,,,,,08/19/2027,,2147.80,,,,,,,,14,,10,,262.00,,,,,,,,No,10+ Days,,02/13/2027,,,,,,,,,,,
N407FC,IHC Health Services,10/05/2026,14985.10,0,25 AFS IVF 300HR/12M,Airframe,14985.10,,0,33090.00,INSPECTION,,ICA,IVFILTER,300 HOUR/12 MONTH DONALDSON IVF FILTER CLEANING AND INSPECTION,AFS-BH407-IBF-KIT-ICA,106251-101,0337,,,,AFS-BH407-IBF-KIT-ICA.,09/08/2026,14951.90,,,33016.00,,12,300.00,,,,,,,,,,09/08/2027,,15251.90,,,,,,,,3,,11,,266.80,,,,,,,,No,10+ Days,,02/15/2027,,,,,,,,,,,
N407FC,IHC Health Services,10/05/2026,14985.10,0,AD 2026-14-07 AMD 39-23408,Airframe,14985.10,,0,33090.00,AD,,,,[RECURRING] THIS AD WAS PROMPTED BY A REPORT OF A FRACTURED PILOT CYCLIC STICK TUBE AND SUBSEQUENT FINDINGS OF OTHER PILOT CYCLIC STICK TUBES WITH FATIGUE CRACKING. THE FAA IS ISSUING THIS AD TO DETECT AND CORRECT A CRACK IN THE PILOT CYCLIC STICK ...,,,,,,,"INITIAL DUE DATE AND TIME WILL BE DUE IN 100 HOURS OR NOVEMBER 19,2026 (90 DAYS AFTER AUGUST 21, 2026) - THEN RECURRING EVERY 300 HOURS OR 6 MONTHS THEREAFTER",09/08/2026,14951.90,,,33016.00,,6,300.00,,,,,,,,,,03/31/2027,,15251.90,,,,,,,,26,,5,,266.80,,,,,,,,No,10+ Days,,02/15/2027,,,,,,,,,,,
N466GH,IHC Health Services,10/04/2026,3267.50,0,25 AA SKID TUBE 300HR/12M,Airframe,3267.50,,0,7636.00,INSPECTION,,ICA,,300 HOUR/ 12 MONTH AERONAUTICAL ACCESSORIES SKID TUBE INSPECTION,AERONAUTICAL ACCESSORIES AA-01141 REV. E.,,,,,,REF. AA ICA AA-01141,09/20/2026,3237.00,,,7595.00,0,12,300.00,0,0.00,0.00,0,0,,0,0.00,0.00,09/20/2027,,3537.00,,,,,,,,15,,11,,269.50,,,,,,,,No,10+ Days,,02/16/2027,,,,,,,,,,,
N466GH,IHC Health Services,10/04/2026,3267.50,0,25 DART BEARPAW,Airframe,3267.50,,0,7636.00,INSPECTION,,ICA,,300 HOUR/12 MONTH DART BEAR PAW INSPECTION,DART ICA-D206-559,,,,,,Ref. DART ICA-D206-559.,09/20/2026,3237.00,,,7595.00,,12,300.00,,,,,,,,,,09/30/2027,,3537.00,,,,,,,,25,,11,,269.50,,,,,,,,No,10+ Days,,02/16/2027,,,,,,,,,,,
N407MZ,IHC Health Services,10/05/2026,2805.50,0,24 25-01,Airframe,2805.50,,0,7326.00,PART,Overhaul,RII,,(RII) STARTER GENERATOR - OVERHAUL,DMC-407-A-05-10-00-02A-281A-A  Table 1.,23081-018,97169,,,,,07/15/2026,2587.10,,,6756.00,,,1000.00,,,,,,100.00,,,,,,3316.30,,,,,,,,,,,,510.80,,,,,,,,No,10+ Days,,02/18/2027,11,11,0,270.80,270.80,0.00,,,,RII; Monthly Planning,
N407FM,IHC Health Services,10/04/2026,2702.50,0,24 25-01,Airframe,2702.50,,0,6837.00,PART,Overhaul,RII,,(RII) STARTER GENERATOR - OVERHAUL,,23081-018,1213,,,,,12/21/2024,1975.00,,,,,,1000.00,,,,,,100.00,,,,,,2975.00,,,,,,,,,,,,272.50,,,,,,,,No,10+ Days,,02/18/2027,,,,,0.00,,,,,RII; Monthly Planning,
N307KH,IHC Health Services,10/03/2026,23110.00,0,12 TBL 2,Airframe,23110.00,,0,81023.00,INSPECTION,,RII,,(RII) 150 HOUR TAIL ROTOR DRIVE SHAFT SPLINE ADAPTER LUBRICATION,DMC-407-A-12-00-00-00A-040A-A Table 2,,,,,,"RII - TAIL ROTOR DRIVE SHAFT SPLINE ADAPTER LUBE (2 ADAPTERS) INSURE THAT WASHER STACK UP IS CORRECT, GAPS IN DISC PACKS ARE IN ALLOWABLE LIMITS AND TORQUE STRIPE IS ON ALL NUTS AFTER TORQUE IS COMPLETED.",09/22/2026,23096.90,,,80983.00,,,150.00,,,,,,15.00,,,,,,23246.90,,,,,,,,,,,,136.90,,,,,,,,No,10+ Days,,02/19/2027,,,,,,,,,,RII,
N407ZM,IHC Health Services,10/04/2026,5575.00,1722,63 22-02,Airframe,5575.00,,1722,13725.00,INSPECTION,,INSPECT,BRAKE 2,(RII) ROTOR BRAKE CALIPER INSPECTION - 600 HOUR AIRFRAIME INSPECTION,"BHT-407-MPI, Chapter 5, Scheduled Inspections",407-340-302-103,485,,,3.00,"Ref. Northwest Dynamics B0223-OM4, section 1.",04/30/2026,5361.40,,,13244.00,,,600.00,,,,,,60.00,,,,,,5961.40,,,,,,,,,,,,386.40,,,,,,,,No,10+ Days,,02/20/2027,,,,,,,,,,RII,
N407ZM,IHC Health Services,10/04/2026,5575.00,1722,63 22-06,Airframe,5575.00,,1722,13725.00,INSPECTION,,INSPECT,BRAKE 1,(RII) ROTOR BRAKE CALIPER INSPECTION - 600 HOUR AIRFRAME INSPECTION,"BHT-407-MPI, Chapter 5, Scheduled Inspections",407-340-302-103,488,,,,"Ref. Northwest Dynamics B0223-OM4, section 1.",04/30/2026,5361.40,,,13244.00,0,0,600.00,0,0.00,0.00,0,0,60.00,0,0.00,0.00,,,5961.40,,,,,,,,,,,,386.40,,,,,,,,No,10+ Days,,02/20/2027,,,,,,,,,,RII,
N466GH,IHC Health Services,10/04/2026,3267.50,0,05 1200HR,Airframe,3267.50,,0,7636.00,INSPECTION,,INSPECT,,1200 HOUR AIRFRAME INSPECTION,407 CH. 5Ref. DMC-407-A-05-40-00-13A-281A-A.,,,,,,REF. BHT-407 CH. 5Ref. DMC-407-A-05-40-00-13A-281A-A.,12/31/2024,2344.90,,,,,,1200.00,,,,,,,,,,,,3544.90,,,,,,,,,,,,277.40,,,,,,,,No,10+ Days,,02/20/2027,,,,,,,,,,Monthly Planning,
N307KH,IHC Health Services,10/03/2026,23110.00,0,05 300HR- PERIODIC INSPECTION,Airframe,23110.00,,0,81023.00,INSPECTION,,INSPECT,,300 HOUR /12 MONTH PERIODIC AIRFRAME INSPECTION,DMC-407-A-05-40-00-06A-281A-A,,,,,24.00,"1. Do this inspection every 12 calendar months or every 300 hours of operation. 2. Do all six events of the airframe progressive inspection. Ref. DMC-407-A-05-40-00-06A-281A-A, Complete all 6 Progressive Inspection Events: DMC-407-A-05-40-00-00A-281A-A, DMC-407-A-05-40-00-01A-281A-A,DMC-407-A-05-40-00-02A-281A-A, DMC-407-A-05-40-00-03A-281A-A, DMC-407-A-05-40-00-04A-281A-A, DMC-407-A-05-40-00-05A-281A-A.",04/20/2026,22949.50,,,80638.00,,12,300.00,,,,,36,30.00,,,,04/30/2027,,23249.50,,,,,,,,25,,6,,139.50,,,,,,,,No,10+ Days,,02/21/2027,,,,,,,,,,,
N307KH,IHC Health Services,10/03/2026,23110.00,0,05 40-00-08A,Airframe,23110.00,,0,81023.00,INSPECTION,,INSPECT,,300 HOUR OPTIONAL EQUIPMENT INSPECTION,"BHT-407-MPI, Chapter 5, Scheduled Inspections",,,,,0.50,"Ref. DMC-407-A-05-40-00-08A-281A-A, Complete Inspection On All Currently Installed/Available Items.",04/19/2026,22949.50,,,80638.00,,,300.00,,,,,,30.00,,,,,,23249.50,,,,,,,,,,,,139.50,,,,,,,,No,10+ Days,,02/21/2027,,,,,,,,,,,
N307KH,IHC Health Services,10/03/2026,23110.00,0,12 HYD TBL 2,Airframe,23110.00,,0,81023.00,INSPECTION,,RII,,(RII) 300 HOUR/12 MONTH HYDRAULIC PUMP DRIVE SPLINE LUBRICATION,DMC-407-A-12-00-00-00A-040A-A Table 2,,,,,1.00,"Ref. DMC-407-A-12-00-00-00A-040A-A, Table 2.",04/18/2026,22949.50,,,80638.00,,12,300.00,,,,0,36,30.00,,,,04/30/2027,,23249.50,,,,,,,,25,,6,,139.50,,,,,,,,No,10+ Days,,02/21/2027,,,,,,,,,,RII,
N307KH,IHC Health Services,10/03/2026,23110.00,0,12 HYD TBL 3,Airframe,23110.00,,0,81023.00,INSPECTION,,RII,,(RII) 300 HOUR/12 MONTH HYDRAULIC FILTER CLEANING AND INSPECTION,DMC-407-A-12-00-00-00A-040A-A Table 3,,,,,1.50,"Ref. DMC-407-A-12-00-00-00A-040A-A, Table 3.",04/17/2026,22949.50,,,80638.00,,12,300.00,,,,0,36,30.00,,,,04/30/2027,,23249.50,,,,,,,,25,,6,,139.50,,,,,,,,No,10+ Days,,02/21/2027,,,,,,,,,,RII,
N307KH,IHC Health Services,10/03/2026,23110.00,0,12 HYD TBL 3,Airframe,23110.00,,0,81023.00,INSPECTION,,,,300 HOUR/12 MONTH HYDRAULIC FLUID CHANGE,DMC-407-A-12-00-00-00A-040A-A Table 3,,,,,0.50,"Ref. DMC-407-A-12-00-00-00A-040A-A, Table 3.",04/17/2026,22949.50,,,80638.00,,12,300.00,,,,0,36,30.00,,,,04/30/2027,,23249.50,,,,,,,,25,,6,,139.50,,,,,,,,No,10+ Days,,02/21/2027,,,,,,,,,,,
N307KH,IHC Health Services,10/03/2026,23110.00,0,12 TBL 1,Airframe,23110.00,,0,81023.00,INSPECTION,,RII,,(RII) 300 HOUR AIRFRAME FUEL FILTER INSPECTION AND CHANGE,DMC-407-A-12-00-00-00A-040A-A,,,,,0.50,**Additional Fuel System Operational Check Required per Ref. DMC-407-A-28-00-00-00A-320A-A after completion.**,04/18/2026,22949.50,,,80638.00,,,300.00,,,,,,30.00,,,,,,23249.50,,,,,,,,,,,,139.50,,,,,,,,No,10+ Days,,02/21/2027,,,,,,,,,,RII,
N307KH,IHC Health Services,10/03/2026,23110.00,0,12 TBL 2,Airframe,23110.00,,0,81023.00,INSPECTION,,,,300 HOUR TAIL ROTOR DRIVE SHAFT & OIL COOLER BEARING LUBRICATION,DMC-407-A-12-00-00-00A-040A-A Table 2,,,,,1.00,"Ref. DMC-407-A-12-00-00-00A-040A-A, Table 2.",04/17/2026,22949.50,,,80638.00,,,300.00,,,,,,30.00,,,,,,23249.50,,,,,,,,,,,,139.50,,,,,,,,No,10+ Days,,02/21/2027,,,,,,,,,,,
N307KH,IHC Health Services,10/03/2026,23110.00,0,12 TBL 3,Airframe,23110.00,,0,81023.00,INSPECTION,,,,300 HOUR/12 MONTH MAIN ROTOR TRANSMISSION OIL & FILTER CHANGE,DMC-407-A-12-00-00-00A-040A-A Table 3,,,,,1.00,"Ref. DMC-407-A-12-00-00-00A-040A-A, Table 3.",04/18/2026,22949.50,,,80638.00,,12,300.00,,,,0,36,30.00,,,,04/30/2027,,23249.50,,,,,,,,25,,6,,139.50,,,,,,,,No,10+ Days,,02/21/2027,,,,,,,,,,,
N307KH,IHC Health Services,10/03/2026,23110.00,0,12 TBL 3,Airframe,23110.00,,0,81023.00,INSPECTION,,,,300 HOUR/12 MONTH TAIL ROTOR GEARBOX OIL CHANGE,DMC-407-A-12-00-00-00A-040A-A Table 3,,,,,0.30,"Ref. DMC-407-A-12-00-00-00A-040A-A, Table 3.",04/17/2026,22949.50,,,80638.00,,12,300.00,,,,0,36,30.00,,,,04/30/2027,,23249.50,,,,,,,,25,,6,,139.50,,,,,,,,No,10+ Days,,02/21/2027,,,,,,,,,,,
N307KH,IHC Health Services,10/03/2026,23110.00,0,25 AA CROSSTUBE 300HR/12M,Airframe,23110.00,,0,81023.00,INSPECTION,,ICA,,300 HOUR/ 12 MONTH AERONAUTICAL ACCESSORIES CROSSTUBE INSPECTION,AERONAUTICAL ACCESSORIES AA-00061 REV. E,,,,,1.00,,04/17/2026,22949.50,,,80638.00,,12,300.00,,,,,,,,,,04/30/2027,,23249.50,,,,,,,,25,,6,,139.50,,,,,,,,No,10+ Days,,02/21/2027,,,,,,,,,,,
N307KH,IHC Health Services,10/03/2026,23110.00,0,25 AA FLT/FLOAT STEP 300HR/12M,Airframe,23110.00,,0,81023.00,INSPECTION,,ICA,,300 HOUR/12 MONTH AERONAUTICAL ACCESSORIES FLIGHTSTEP/FLOATSTEP INSPECTION,AERONAUTICAL ACCESSORIES AA-01162 REV. J,,,,,1.00,,04/17/2026,22949.50,,,80638.00,,12,300.00,,,,,,,,,,04/30/2027,,23249.50,,,,,,,,25,,6,,139.50,,,,,,,,No,10+ Days,,02/21/2027,,,,,,,,,,,
N307KH,IHC Health Services,10/03/2026,23110.00,0,25 AA RUBBER CHIN WINDOW,Airframe,23110.00,,0,81023.00,INSPECTION,,ICA,,300 HOUR/ 12 MONTH AERONAUTICAL ACCESSORIES  RUBBER MOUNTED CHIN WINDOW INSPECTION,AERONAUTICAL ACCESSORIES AA-05051 REV. D,,,,,0.20,,04/17/2026,22949.50,,,80638.00,0,12,300.00,0,0.00,0.00,0,0,,0,0.00,0.00,04/17/2027,,23249.50,,,,,,,,12,,6,,139.50,,,,,,,,No,10+ Days,,02/21/2027,,,,,,,,,,,
N307KH,IHC Health Services,10/03/2026,23110.00,0,25 AA SKID TUBE 300HR/12M,Airframe,23110.00,,0,81023.00,INSPECTION,,ICA,,300 HOUR/ 12 MONTH AERONAUTICAL ACCESSORIES SKID TUBE INSPECTION,AERONAUTICAL ACCESSORIES AA-01141 REV. E.,,,,,0.20,,04/17/2026,22949.50,,,80638.00,0,12,300.00,0,0.00,0.00,0,0,,0,0.00,0.00,04/17/2027,,23249.50,,,,,,,,12,,6,,139.50,,,,,,,,No,10+ Days,,02/21/2027,,,,,,,,,,,
N307KH,IHC Health Services,10/03/2026,23110.00,0,25 AA VERT FIN CAP W/LED,Airframe,23110.00,,0,81023.00,INSPECTION,,ICA,,300 HOUR/ 12 MONTH AERONAUTICAL ACCESSORIES VERTICAL FIN CAP WITH LED LIGHT INSPECTION,Aeronautical Accessories ICA AA-06111 REV. C,,,,,0.50,,04/17/2026,22949.50,,,80638.00,,12,300.00,,,,,,,,,,04/30/2027,,23249.50,,,,,,,,25,,6,,139.50,,,,,,,,No,10+ Days,,02/21/2027,,,,,,,,,,,
N307KH,IHC Health Services,10/03/2026,23110.00,0,25 AFS IVF 300HR/12M,Airframe,23110.00,,0,81023.00,INSPECTION,,ICA,IVFILTER,300 HOUR/12 MONTH DONALDSON IVF FILTER CLEANING AND INSPECTION,AFS-BH407-IBF-KIT-ICA REV. G,106251-101,0173,,,0.20,,04/19/2026,22949.50,,,80638.00,,12,300.00,,,,,,,,,,04/30/2027,,23249.50,,,,,,,,25,,6,,139.50,,,,,,,,No,10+ Days,,02/21/2027,,,,,,,,,,,
N307KH,IHC Health Services,10/03/2026,23110.00,0,25 DART BEARPAW,Airframe,23110.00,,0,81023.00,INSPECTION,,ICA,,300 HOUR/12 MONTH DART BEAR PAW INSPECTION,DART ICA-D206-559 REV. 5,,,,,0.20,,04/20/2026,22949.50,,,80638.00,,12,300.00,,,,,,,,,,04/30/2027,,23249.50,,,,,,,,25,,6,,139.50,,,,,,,,No,10+ Days,,02/21/2027,,,,,,,,,,,
N307KH,IHC Health Services,10/03/2026,23110.00,0,25 PARAVION SNOW DEFL 300HR/12MO,Airframe,23110.00,,0,81023.00,INSPECTION,,ICA,,300 HOUR/12 MONTH PARAVION SNOW DEFLECTOR AND DZUS HARDWARE INSPECTION,Paravion PR-206/407SD-120M REV. 4,,,,,0.20,,04/19/2026,22949.50,,,80638.00,,12,300.00,,,,,,,,,,04/30/2027,,23249.50,,,,,,,,25,,6,,139.50,,,,,,,,No,10+ Days,,02/21/2027,,,,,,,,,,,
N307KH,IHC Health Services,10/03/2026,23110.00,0,53 04-300,Airframe,23110.00,,0,81023.00,INSPECTION,,AIRWORTHINESS,,300 HOUR TAILBOOM ASSEMBLY AIRWORTHINESS LIMITATIONS INSPECTION,DMC-407-A-04-00-00-00A-288A-A TABLE 2,,,,,1.00,"Ref. BHT-407-MPI, CH. 4 AIRWORTHINESS LIMITATIONS, DMC-407-A-04-00-00-00A-288A-A, Table 2 and Figure 5.",04/17/2026,22949.50,,,80638.00,0,0,300.00,0,0.00,0.00,0,0,,0,0.00,0.00,,,23249.50,,,,,,,,,,,,139.50,,,,,,,,No,10+ Days,,02/21/2027,,,,,,,,,,,
N307KH,IHC Health Services,10/03/2026,23110.00,0,AD 2012-18-09 AMD 39-17185,Airframe,23110.00,,0,81023.00,AD,,,,AD 2012-18-09 ROTORCRAFT TAILBOOM HARDWARE ATTACHMENT,,,,,,,Complied with per AD with no defects noted,04/17/2026,22949.50,,,80638.00,,,300.00,,,,,,,,,,,,23249.50,,,,,,,,,,,,139.50,,,,,,,,No,10+ Days,,02/21/2027,,,,,,,,,,,
N407ZM,IHC Health Services,10/04/2026,5575.00,1722,63 31-01,Airframe,5575.00,,1722,13725.00,PART,Life Limited,RII,,(RII) LH PYLON SIDE BEAM - RETIRE,DMC-407-A-04-00-00-00A-288A-A  Table 1.,407-010-201-105,TI3150,,,,,10/23/2022,4068.90,,,10056.00,,,5000.00,,,50000.00,,,,,,,,,5966.40,,,,,,21378.00,,,,,,391.40,,,,,,7653.00,,No,10+ Days,,02/22/2027,42,42,42,3102.50,3102.50,3102.50,,,,RII; Monthly Planning,
N407ZM,IHC Health Services,10/04/2026,5575.00,1722,63 31-05,Airframe,5575.00,,1722,13725.00,PART,Life Limited,RII,,(RII) RH PYLON SIDE BEAM - RETIRE,"DMC-407-A-04-00-00-00A-288A-A, Table 1.",407-010-203-105,TI3079,,,,,10/23/2022,4068.90,,,10056.00,,,5000.00,,,50000.00,,,,,,,,,5966.40,,,,,,21378.00,,,,,,391.40,,,,,,7653.00,,No,10+ Days,,02/22/2027,42,42,42,3102.50,3102.50,3102.50,,,,RII; Monthly Planning,
N469JX,IHC Health Services,09/30/2026,3681.00,0,72 30-00,Engine 1,13771.80,23334.00,,,PART,None,INSPECT,847076,ENGINE - COMPRESSOR,,23063379,CAC-44105,,,,,12/13/2023,12262.50,,21170.00,,,,2000.00,,,,,,,,,,,,14262.50,,,,,,,,,,,,490.70,,,,,,,,No,10+ Days,,02/22/2027,0,0,0,12086.70,0.00,0.00,0,0,0,,
N469JX,IHC Health Services,09/30/2026,3681.00,0,72 50-10,Engine 1,13771.80,23334.00,,,PART,Overhaul,RII,,(RII) TURBINE - OVERHAUL,,M250-10557,CAT-45632,,,,TURBINE SN CAT45632 TT 1370.4 CSN 2378 INSTALLED ON ENGINE SN CAE847076 ENG TT 12262.5 TC 21170 DEC 12-2023-,12/13/2023,12262.50,,21170.00,,,,2000.00,,,,,,,,,,,,14262.50,,,,,,,,,,,,490.70,,,,,,,,No,10+ Days,,02/22/2027,,,,1370.40,0.00,,,,,RII,
N469JX,IHC Health Services,09/30/2026,3681.00,0,72 INSP 2000HR,Engine 1,13771.80,23334.00,,,INSPECTION,,INSPECT,847076,2000 HOUR ENGINE INSPECTION,RR M250-C47B OMM 72-00-00-200-801 TABLE 6,,,,,,,06/18/2024,12262.50,,,,,,2000.00,,,,,,,,,,,,14262.50,,,,,,,,,,,,490.70,,,,,,,,No,10+ Days,,02/22/2027,,,,,,,,,,Monthly Planning,
N407RU,IHC Health Services,09/23/2026,2043.40,0,25 DART BEARPAW,Airframe,2043.40,,0,3639.00,INSPECTION,,ICA,,300 HOUR/12 MONTH DART BEAR PAW INSPECTION,Ref. DART ICA-D206-559,,,,,,,07/26/2026,1954.30,,,3503.00,0,12,300.00,0,0.00,0.00,0,0,,0,0.00,0.00,07/26/2027,,2254.30,,,,,,,,21,,9,,210.90,,,,,,,,No,10+ Days,,02/22/2027,,,,,,,,,,,
N466GH,IHC Health Services,10/04/2026,3267.50,0,AD 2026-14-07 AMD 39-23408,Airframe,3267.50,,0,7636.00,AD,,,,[RECURRING] THIS AD WAS PROMPTED BY A REPORT OF A FRACTURED PILOT CYCLIC STICK TUBE AND SUBSEQUENT FINDINGS OF OTHER PILOT CYCLIC STICK TUBES WITH FATIGUE CRACKING. THE FAA IS ISSUING THIS AD TO DETECT AND CORRECT A CRACK IN THE PILOT CYCLIC STICK ...,,,,,,,"INITIAL DUE DATE AND TIME WILL BE DUE IN 100 HOURS OR NOVEMBER 19,2026 (90 DAYS AFTER AUGUST 21, 2026) - THEN RECURRING EVERY 300 HOURS OR 6 MONTHS THEREAFTER",09/25/2026,3248.70,,,7615.00,,6,300.00,,,,,,,,,,03/25/2027,,3548.70,,,,,,,,20,,5,,281.20,,,,,,,,No,10+ Days,,02/22/2027,,,,,,,,,,,
N407CH,IHC Health Services,10/04/2026,17743.70,1,25 AFS IBF 300HR/12M,Airframe,17743.70,,1,43738.00,INSPECTION,,ICA,IBF 0714,(RII) 300 HOUR/12 MONTH DONALDSON IBF FILTER CLEANING AND INSPECTION,AFS-BH407-IBF-KIT-ICA,106201-103,1835,,,,REF. DONALDSON FILRTATION SOLUTIONS ICA AFS-BH407-IBF-KIT-ICA,07/15/2026,17550.60,,,43420.00,,12,300.00,,,,,,,,,,07/31/2027,,17850.60,,,,,,,,26,,9,,106.90,,,,,,,,No,10+ Days,,02/24/2027,,,,,,,,,,RII,
N7160V,IHC Health Services,10/04/2026,10771.90,0,63 31-05,Airframe,10771.90,,0,27183.00,PART,Life Limited,RII,,(RII) RH PYLON SIDE BEAM - RETIRE,,407-010-203-105,TI2480,,,,,10/09/2014,5986.00,,,14275.00,,,5000.00,,,50000.00,,,,,,,,,10986.00,,,,,,64275.00,,,,,,214.10,,,,,,37092.00,,No,10+ Days,,02/24/2027,0,0,0,0.00,0.00,0.00,0,0,0,RII; Monthly Planning,
N407CH,IHC Health Services,10/04/2026,17743.70,1,AD 2026-14-07 AMD 39-23408,Airframe,17743.70,,1,43738.00,AD,,,,[RECURRING] THIS AD WAS PROMPTED BY A REPORT OF A FRACTURED PILOT CYCLIC STICK TUBE AND SUBSEQUENT FINDINGS OF OTHER PILOT CYCLIC STICK TUBES WITH FATIGUE CRACKING. THE FAA IS ISSUING THIS AD TO DETECT AND CORRECT A CRACK IN THE PILOT CYCLIC STICK ...,,,,,,,"INITIAL DUE DATE AND TIME WILL BE DUE IN 100 HOURS OR NOVEMBER 19,2026 (90 DAYS AFTER AUGUST 21, 2026) - THEN RECURRING EVERY 300 HOURS OR 6 MONTHS THEREAFTER",08/25/2026,17639.50,,,43576.00,,6,300.00,,,,,,,,,,02/25/2027,,17939.50,,,,,,,,20,,4,,195.80,,,,,,,,No,10+ Days,,02/25/2027,,,,,,,,,,,
N469JX,IHC Health Services,09/30/2026,3681.00,0,24 20-01,Airframe,3681.00,,0,9318.00,PART,Overhaul,ICA,,(RII) AIRCRAFT BATTERY - CAPACITY CHECK,CONCORDE DOC 5-0171 REV. Q,RG407,41472185,,,,"After 1st Cap check, Inspection times change depending on the outcome of the Cap Check. Please See Concorde Manual for correct times.",09/30/2026,3681.00,,,9318.00,0,6,500.00,0,0.00,0.00,0,0,,0,0.00,0.00,03/31/2027,,4181.00,,,,,,,,26,,5,,500.00,,,,,,,,No,10+ Days,,02/25/2027,12,0,0,525.50,0.00,0.00,,,,RII,
N466GH,IHC Health Services,10/04/2026,3267.50,0,64 10-10,Airframe,3267.50,,0,7636.00,PART,Life Limited,RII,TR HUB,(RII) TAIL ROTOR YOKE - RETIRE,"BHT-407-MPI, Ch. 4, Airworthiness Limitations",406-012-102-109,HBFS1878,,,,". BHT-407-MPI, Chapter 4, Airworthiness Limitations, Table 1.Ref. DMC-407-A-04-00-00-00A-288A-A, Table 1.",04/09/2025,2486.60,,,,,,5000.00,,,,,,,,,,,,3553.60,,,,,,,,,,,,286.10,,,,,,,,No,10+ Days,,02/25/2027,,,,3933.00,1538.10,0.00,,,,RII,
N466GH,IHC Health Services,10/04/2026,3267.50,0,05 300HR- PERIODIC INSPECTION,Airframe,3267.50,,0,7636.00,INSPECTION,,,,300 HOUR /12 MONTH PERIODIC AIRFRAME INSPECTION,DMC-407-A-05-40-00-06A-281A-A,,,,,40.00,"1. Do this inspection every 12 calendar months or every 300 hours of operation. 2. Do all six events of the airframe progressive inspection. Ref. DMC-407-A-05-40-00-06A-281A-A, Complete all 6 Progressive Inspection Events: DMC-407-A-05-40-00-00A-281A-A, DMC-407-A-05-40-00-01A-281A-A,DMC-407-A-05-40-00-02A-281A-A, DMC-407-A-05-40-00-03A-281A-A, DMC-407-A-05-40-00-04A-281A-A, DMC-407-A-05-40-00-05A-281A-A.",09/30/2026,3255.60,,,7621.00,,12,300.00,,,,,36,30.00,,,,09/30/2027,,3555.60,,,,,,,,25,,11,,288.10,,,,,,,,No,10+ Days,,02/26/2027,,,,,,,,,,,
N466GH,IHC Health Services,10/04/2026,3267.50,0,05 40-00-08A,Airframe,3267.50,,0,7636.00,INSPECTION,,INSPECT,,300 HOUR OPTIONAL EQUIPMENT INSPECTION,DMC-407-A-05-40-00-08A-281A-A,,,,,1.50,"Ref. DMC-407-A-05-40-00-08A-281A-A, Complete Inspection On All Currently Installed/Available Items.",09/30/2026,3255.60,,,7621.00,,,300.00,,,,,,30.00,,,,,,3555.60,,,,,,,,,,,,288.10,,,,,,,,No,10+ Days,,02/26/2027,,,,,,,,,,,
N466GH,IHC Health Services,10/04/2026,3267.50,0,12 HYD TBL 2,Airframe,3267.50,,0,7636.00,INSPECTION,,RII,,(RII) 300 HOUR/12 MONTH HYDRAULIC PUMP DRIVE SPLINE LUBRICATION,DMC-407-A-12-00-00-00A-040A-A Table 2,,,,,1.00,REF. BHT-407-MM CH. 12 SERVICING TABLE 2 DMC-407-A-12-00-00-00A-040A-A,09/30/2026,3255.60,,,7621.00,,12,300.00,,,,0,36,30.00,,,,09/30/2027,,3555.60,,,,,,,,25,,11,,288.10,,,,,,,,No,10+ Days,,02/26/2027,,,,,,,,,,RII,
N466GH,IHC Health Services,10/04/2026,3267.50,0,12 HYD TBL 3,Airframe,3267.50,,0,7636.00,INSPECTION,,RII,,(RII) 300 HOUR/12 MONTH HYDRAULIC FILTER CLEANING AND INSPECTION,DMC-407-A-12-00-00-00A-040A-A Table 3,,,,,1.00,"Ref. Ref. BHT-407-MM, Chapter 12 DMC-407-A-12-00-00-00A-040A-A, Table 3. THE FILTER ELEMENT CAN BE CLEANED 3 TIMES WITH THE APPROVED SOLUTIONS
Hydraulic fluid (C-002) or Hydraulic fluid (C-072)
Safety solvent (C-319) or equivalent
Turbine fuel (C-003)
Solvent (C-389)
1/2% of Cleaning compound (C-318) in filtered water. Backflush with water.",09/30/2026,3255.60,,,7621.00,,12,300.00,,,,0,36,30.00,,,,09/30/2027,,3555.60,,,,,,,,25,,11,,288.10,,,,,,,,No,10+ Days,,02/26/2027,,,,,,,,,,RII,
N466GH,IHC Health Services,10/04/2026,3267.50,0,12 HYD TBL 3,Airframe,3267.50,,0,7636.00,INSPECTION,,,,300 HOUR/12 MONTH HYDRAULIC FLUID CHANGE,DMC-407-A-12-00-00-00A-040A-A Table 3,,,,,0.20,"Ref. DMC-407-A-12-00-00-00A-040A-A, Table 3.",09/30/2026,3255.60,,,7621.00,,12,300.00,,,,0,36,30.00,,,,09/30/2027,,3555.60,,,,,,,,25,,11,,288.10,,,,,,,,No,10+ Days,,02/26/2027,,,,,,,,,,,
N466GH,IHC Health Services,10/04/2026,3267.50,0,12 TBL 1,Airframe,3267.50,,0,7636.00,INSPECTION,,RII,,(RII) 300 HOUR AIRFRAME FUEL FILTER INSPECTION AND CHANGE,DMC-407-A-12-00-00-00A-040A-A,,,,,0.50,,09/30/2026,3255.60,,,7621.00,,,300.00,,,,,,30.00,,,,,,3555.60,,,,,,,,,,,,288.10,,,,,,,,No,10+ Days,,02/26/2027,,,,,,,,,,RII,
N466GH,IHC Health Services,10/04/2026,3267.50,0,12 TBL 2,Airframe,3267.50,,0,7636.00,INSPECTION,,,,300 HOUR TAIL ROTOR DRIVE SHAFT & OIL COOLER BEARING LUBRICATION,DMC-407-A-12-00-00-00A-040A-A Table 2,,,,,,BHT-407-MM CH. 12 SERVICING TABLE 2 DMC-407-A-12-00-00-00A-040A-A,09/30/2026,3255.60,,,7621.00,,,300.00,,,,,,30.00,,,,,,3555.60,,,,,,,,,,,,288.10,,,,,,,,No,10+ Days,,02/26/2027,,,,,,,,,,,
N466GH,IHC Health Services,10/04/2026,3267.50,0,12 TBL 3,Airframe,3267.50,,0,7636.00,INSPECTION,,,,300 HOUR/12 MONTH MAIN ROTOR TRANSMISSION OIL & FILTER CHANGE,DMC-407-A-12-00-00-00A-040A-A Table 3,,,,,1.00,"Ref. REF. BHT-407-MM, Chapter 12, General, Table 3. DMC-407-A-12-00-00-00A-040A-A,",09/30/2026,3255.60,,,7621.00,,12,300.00,,,,0,36,30.00,,,,09/30/2027,,3555.60,,,,,,,,25,,11,,288.10,,,,,,,,No,10+ Days,,02/26/2027,,,,,,,,,,,
N466GH,IHC Health Services,10/04/2026,3267.50,0,12 TBL 3,Airframe,3267.50,,0,7636.00,INSPECTION,,,,300 HOUR/12 MONTH TAIL ROTOR GEARBOX OIL CHANGE,DMC-407-A-12-00-00-00A-040A-A Table 3,,,,,0.30,"Ref. DMC-407-A-12-00-00-00A-040A-A .Ref. BHT-407-MM, Chapter 12, General, Table 3.",09/30/2026,3255.60,,,7621.00,,12,300.00,,,,0,36,30.00,,,,09/30/2027,,3555.60,,,,,,,,25,,11,,288.10,,,,,,,,No,10+ Days,,02/26/2027,,,,,,,,,,,
N466GH,IHC Health Services,10/04/2026,3267.50,0,25 AFS IBF 300HR/12M,Airframe,3267.50,,0,7636.00,INSPECTION,,ICA,IBF,(RII) 300 HOUR/12 MONTH DONALDSON IBF FILTER CLEANING AND INSPECTION,AFS-BH407-IBF-KIT-ICA,,,,,0.60,"Ref. Donaldson Filtration Solutions ICA AFS-BH407-IBF-KIT-ICA, Table 1 and paragraph 7.3.",09/30/2026,3255.60,,,7621.00,,12,300.00,,,,,,,,,,09/30/2027,,3555.60,,,,,,,,25,,11,,288.10,,,,,,,,No,10+ Days,,02/26/2027,,,,,,,,,,RII,
N466GH,IHC Health Services,10/04/2026,3267.50,0,25 AFS IVF 300HR/12M,Airframe,3267.50,,0,7636.00,INSPECTION,,ICA,IVF,300 HOUR/12 MONTH DONALDSON IVF FILTER CLEANING AND INSPECTION,AFS-BH407-IBF-KIT-ICA,,,,,0.20,,09/30/2026,3255.60,,,7621.00,0,12,300.00,0,0.00,0.00,0,0,,0,0.00,0.00,09/30/2027,,3555.60,,,,,,,,25,,11,,288.10,,,,,,,,No,10+ Days,,02/26/2027,,,,,,,,,,,
N466GH,IHC Health Services,10/04/2026,3267.50,0,25 DART MAINT STEP,Airframe,3267.50,,0,7636.00,INSPECTION,,ICA,,300 HOUR DART LH CREW STEP INSPECTION,MMS-D206-628,,,,,,REF. MMS-D206-628,09/30/2026,3255.60,,,7621.00,0,0,300.00,0,0.00,0.00,0,0,5.00,0,0.00,0.00,,,3555.60,,,,,,,,,,,,288.10,,,,,,,,No,10+ Days,,02/26/2027,,,,,,,,,,,
N407CP,IHC Health Services,10/04/2026,10206.30,1,05 600/12M,Airframe,10206.30,,1,22355.00,INSPECTION,,INSPECT,,600 HOUR/12 MONTH AIRFRAME INSPECTION,DMC-407-A-05-40-00-10A-281A-A,,,,,,Ref. DMC-407-A-05-40-00-10A-281A-A.,02/03/2026,9951.60,,,21734.00,,12,600.00,,,,0,36,60.00,,,,02/28/2027,,10551.60,,,,,,,,23,,4,,345.30,,,,,,,,No,10+ Days,,02/28/2027,,,,,,,,,,Monthly Planning,
N466GH,IHC Health Services,10/04/2026,3267.50,0,24 20-01,Airframe,3267.50,,0,7636.00,PART,Overhaul,ICA,,(RII) AIRCRAFT BATTERY - CAPACITY CHECK,CONCORDE DOC 5-0171 REV. Q,RG-407,41390266,,,,"After 1st Cap check, Inspection times change depending on the outcome of the Cap Check. Please See Concorde Manual for correct times.",08/28/2026,3192.80,,,7534.00,0,6,500.00,0,0.00,0.00,0,0,,0,0.00,0.00,02/28/2027,,3692.80,,,,,,,,23,,4,,425.30,,,,,,,,No,10+ Days,,02/28/2027,0,0,,607.00,0.00,,,,,RII,
N407LF,IHC Health Services,10/05/2026,5349.30,17156,24 20-01,Airframe,5349.30,,17156,13084.00,PART,Overhaul,ICA,,(RII) AIRCRAFT BATTERY - CAPACITY CHECK,CONCORDE DOC 5-0171 REV. Q,RG-407A1,41516773,,,0.10,"After 1st Cap check, Inspection times change depending on the outcome of the Cap Check. Please See Concorde Manual for correct times.",08/31/2026,5317.80,,,13011.00,,6,500.00,,,,,,,,,,02/28/2027,,5817.80,,,,,,,,23,,4,,468.50,,,,,,,,No,10+ Days,,02/28/2027,0,0,0,0.00,0.00,0.00,,,,RII,
N407CN,IHC Health Services,10/02/2026,4963.50,0,25 LIFEPORT CARRIAGE 300HR,Airframe,4963.50,,0,11871.00,INSPECTION,,ICA,,300 HOUR LIFEPORT AIR MED CARRIAGE SYSTEM INSPECTION,LIFEPORT DOC. EGR-511-12,,,,,,,01/28/2026,4846.00,,,11482.00,,,300.00,,,,,,,,,,,,5146.00,,,,,,,,,,,,182.50,,,,,,,,No,10+ Days,,02/28/2027,,,,,,,,,,,
N407TH,IHC Health Services,10/03/2026,8845.50,2,34 GARMIN GTN650 250HR/12M,Airframe,8845.50,,2,20680.00,INSPECTION,,ICA,,250 HOUR/12 MONTH GARMIN GTN 650 INSPECTION,GARMIN ICA -190-01007-K4 REV. 3.,,,,,0.20,,09/15/2026,8814.70,,,20618.00,,12,250.00,,,,,,,,,,09/30/2027,,9064.70,,,,,,,,25,,11,,219.20,,,,,,,,No,10+ Days,,02/28/2027,,,,,,,,,,,
N469JX,IHC Health Services,09/30/2026,3681.00,0,72 50-11,Engine 1,13771.80,23334.00,,,PART,Life Limited,,turbine,1ST STAGE WHEEL -,,M250-10227,X675628,,,,,12/13/2023,12262.50,,21170.00,,,,2025.00,,3000.00,,,,,,,,,,14287.50,,,,24170.00,,,,,,,,515.70,,,,836.00,,,,No,10+ Days,,03/01/2027,0,,,0.00,,,,,,,
N469JX,IHC Health Services,09/30/2026,3681.00,0,72 50-12,Engine 1,13771.80,23334.00,,,PART,Life Limited,,turbine,2ND STAGE WHEEL,,M250-10658,X681658,,,,,12/13/2023,12262.50,,21170.00,,,,2025.00,,3000.00,,,,,,,,,,14287.50,,,,24170.00,,,,,,,,515.70,,,,836.00,,,,No,10+ Days,,03/01/2027,0,,,0.00,,,,,,,
N407TK,IHC Health Services,10/04/2026,5381.40,0,AD 2026-14-07 AMD 39-23408,Airframe,5381.40,,0,15301.00,AD,,,,[RECURRING] THIS AD WAS PROMPTED BY A REPORT OF A FRACTURED PILOT CYCLIC STICK TUBE AND SUBSEQUENT FINDINGS OF OTHER PILOT CYCLIC STICK TUBES WITH FATIGUE CRACKING. THE FAA IS ISSUING THIS AD TO DETECT AND CORRECT A CRACK IN THE PILOT CYCLIC STICK ...,,,,,,,"INITIAL DUE DATE AND TIME WILL BE DUE IN 100 HOURS OR NOVEMBER 19,2026 (90 DAYS AFTER AUGUST 21, 2026) - THEN RECURRING EVERY 300 HOURS OR 6 MONTHS THEREAFTER",09/04/2026,5352.00,,,15229.00,,6,300.00,,,,,,,,,,03/04/2027,,5652.00,,,,,,,,27,,4,,270.60,,,,,,,,No,10+ Days,,03/04/2027,,,,,,,,,,,
N407SL,IHC Health Services,10/04/2026,2240.90,0,ASB 407-26-146,Airframe,2240.90,,0,5434.00,ASB,,,,"ALERT SERVICE BULLETIN - GARMIN G1000H NXI SOFTWARE 006-B1237-24, INTRODUCTION OF",,,,,,,,05/08/2026,2062.80,,,5048.00,,12,330.00,,,,,,,,,,05/31/2027,,2392.80,,,,,,,,26,,7,,151.90,,,,,,,,No,10+ Days,,03/06/2027,,,,,,,,,,,
N7160V,IHC Health Services,10/04/2026,10771.90,0,63 13-10,Airframe,10771.90,,0,27183.00,PART,Overhaul,RII,,(RII) FREEWHEEL ASSEMBLY - OVERHAUL,"BHT-407-MPI, Ch. 5,  Component Overhaul Schedule",406-040-500-147,BH164716,,,,"Ref. BHT-407-MPI, Ch. 5,  Component Overhaul Schedule, Table 1.",07/22/2024,10195.90,,,25516.00,,,3000.00,,,,,,300.00,,,,,,11001.50,,,,,,,,,,,,229.60,,,,,,,,No,10+ Days,,03/07/2027,,,,3818.00,2194.40,,,,,RII; Monthly Planning,
N407JM,IHC Health Services,10/04/2026,5829.10,0,AD 2026-14-07 AMD 39-23408,Airframe,5829.10,,0,16558.00,AD,,,,[RECURRING] THIS AD WAS PROMPTED BY A REPORT OF A FRACTURED PILOT CYCLIC STICK TUBE AND SUBSEQUENT FINDINGS OF OTHER PILOT CYCLIC STICK TUBES WITH FATIGUE CRACKING. THE FAA IS ISSUING THIS AD TO DETECT AND CORRECT A CRACK IN THE PILOT CYCLIC STICK ...,,,,,,,"INITIAL DUE DATE AND TIME WILL BE DUE IN 100 HOURS OR NOVEMBER 19,2026 (90 DAYS AFTER AUGUST 21, 2026) - THEN RECURRING EVERY 300 HOURS OR 6 MONTHS THEREAFTER",09/09/2026,5803.90,,,16488.00,,6,300.00,,,,,,,,,,03/09/2027,,6103.90,,,,,,,,4,,5,,274.80,,,,,,,,No,10+ Days,,03/09/2027,,,,,,,,,,,
N407MZ,IHC Health Services,10/05/2026,2805.50,0,05 1200HR/24MO,Airframe,2805.50,,0,7326.00,INSPECTION,,INSPECT,,1200 HOUR/24 MONTH AIRFRAME INSPECTION,DMC-407-A-05-40-00-14A-281A-A,,,,,,"REF. BHT-407-MPI, CH. 5 DMC-407-A-05-40-00-14A-281A-A",12/16/2025,2188.50,,,5790.00,,24,1200.00,,,,,73,120.00,,,,12/31/2027,,3388.50,,,,,,,,26,,14,,583.00,,,,,,,,No,10+ Days,,03/09/2027,,,,,,,,,,Monthly Planning,
N407CP,IHC Health Services,10/04/2026,10206.30,1,25 GARMIN GTN650 250HR/12M,Airframe,10206.30,,1,22355.00,INSPECTION,,ICA,,250 HOUR/12 MONTH GARMIN GTN 650 INSPECTION,GARMIN ICA -190-01007-K4 REV. 3.,,,,,,,09/16/2026,10189.70,,,22311.00,,12,250.00,,,,,,,,,,09/30/2027,,10439.70,,,,,,,,25,,11,,233.40,,,,,,,,No,10+ Days,,03/09/2027,,,,,,,,,,,
N7160V,IHC Health Services,10/04/2026,10771.90,0,25 AA RUBBER CHIN WINDOW,Airframe,10771.90,,0,27183.00,INSPECTION,,ICA,,300 HOUR/ 12 MONTH AERONAUTICAL ACCESSORIES  RUBBER MOUNTED CHIN WINDOW INSPECTION,AERONAUTICAL ACCESSORIES AA-05051 REV. D,,,,,,The Rubber Mounted Chin Window Assembly shall receive a 300 Hour/ Annual Inspection consisting of the following items:,08/13/2026,10707.30,,,27030.00,,12,300.00,,,,,,,,,,08/31/2027,,11007.30,,,,,,,,26,,10,,235.40,,,,,,,,No,10+ Days,,03/11/2027,,,,,,,,,,,
N407TK,IHC Health Services,10/04/2026,5381.40,0,72 72/300,Engine 1,2979.30,6058.00,,,INSPECTION,,INSPECT,CAE-848672,300 HOUR/12 MONTH ENGINE INSPECTION,RR M250-C47B OMM 72-00-00-200-801 TABLE 6,,,,,,"**USE TABLE 6 ONLY DUE TO SERVICE WITH MOBIL 254 OIL (3RD GENERATION OIL)** In addition to the 150 hour inspection items, perform the following: **SEE SUB ITEMS**",05/14/2026,2836.50,,5800.00,,,12,300.00,,,,,,,,,,05/31/2027,,3136.50,,,,,,,,26,,7,,157.20,,,,,,,,No,10+ Days,,03/11/2027,,,,,,,,,,,
N469JX,IHC Health Services,09/30/2026,3681.00,0,24 25-01,Airframe,3681.00,,0,9318.00,PART,Overhaul,,,(RII) STARTER GENERATOR - OVERHAUL,,23081-018,96187,,,,,11/26/2025,3240.10,,,8668.00,,,1000.00,,,,,,100.00,,,,,,4240.10,,,,,,,,,,,,559.10,,,,,,,,No,10+ Days,,03/13/2027,,,,,0.00,,,,,RII; Monthly Planning,
N407ZM,IHC Health Services,10/04/2026,5575.00,1722,24 20-01,Airframe,5575.00,,1722,13725.00,PART,Overhaul,ICA,,(RII) AIRCRAFT BATTERY - CAPACITY CHECK,CONCORDE DOC 5-0171 REV. Q,RG-407A1,41449750,,,,"After 1st Cap check, Inspection times change depending on the outcome of the Cap Check. Please See Concorde Manual for correct times.",09/03/2026,5523.30,,,13610.00,,6,500.00,,,,,,,,,,03/31/2027,,6023.30,,,,,,,,26,,5,,448.30,,,,,,,,No,10+ Days,,03/14/2027,12,0,0,592.00,0.00,0.00,,,,RII,
N39KM,IHC Health Services,10/03/2026,3577.00,0,AD 2026-14-07 AMD 39-23408,Airframe,3577.00,,0,8191.00,AD,,,,[RECURRING] THIS AD WAS PROMPTED BY A REPORT OF A FRACTURED PILOT CYCLIC STICK TUBE AND SUBSEQUENT FINDINGS OF OTHER PILOT CYCLIC STICK TUBES WITH FATIGUE CRACKING. THE FAA IS ISSUING THIS AD TO DETECT AND CORRECT A CRACK IN THE PILOT CYCLIC STICK ...,,,,,,,"INITIAL DUE DATE AND TIME WILL BE DUE IN 100 HOURS OR NOVEMBER 19,2026 (90 DAYS AFTER AUGUST 21, 2026) - THEN RECURRING EVERY 300 HOURS OR 6 MONTHS THEREAFTER",09/15/2026,3547.20,,,8125.00,,6,300.00,,,,,,,,,,03/15/2027,,3847.20,,,,,,,,10,,5,,270.20,,,,,,,,No,10+ Days,,03/15/2027,,,,,,,,,,,
N39KM,IHC Health Services,10/03/2026,3577.00,0,AD 2018-10-06 AMD 39-19281,Airframe,3577.00,,0,8191.00,AD,,,,AD 2018-10-06 300 HOUR TAIL ROTOR DRIVE SHAFT,"AD 2018-10-06, Amend. 39-19281 Para. (e)(1)(3)",,,,,,Completed AD 2018-10-06 by inspecting each TR driveshaft segment assembly for rotational and axial play between the adapter and the TR driveshaft.,08/28/2026,3518.40,,,8050.00,,,300.00,,,,,,30.00,,,,,,3818.40,,,,,,,,,,,,241.40,,,,,,,,No,10+ Days,,03/15/2027,,,,,,,,,,,
N407NW,IHC Health Services,10/04/2026,2093.00,0,05 600/12M,Airframe,2093.00,,0,3776.00,INSPECTION,,INSPECT,,600 HOUR/12 MONTH AIRFRAME INSPECTION,DMC-407-A-05-40-00-10A-281A-A,,,,,,"REF. BHT-407-MPI, CH. 5 DMC-407-A-05-40-00-10A-281A-A",03/17/2026,1694.50,,,3087.00,,12,600.00,,,,,36,60.00,,,,03/17/2027,,2294.50,,,,,,,,12,,5,,201.50,,,,,,,,No,10+ Days,,03/17/2027,,,,,,,,,,Monthly Planning,
N407NW,IHC Health Services,10/04/2026,2093.00,0,22 04-10 FUNCT CK,Airframe,2093.00,,0,3776.00,INSPECTION,,AIRWORTHINESS,66200,600HR /12M CHAPTER 4 AFCS TRIM ACTUATOR FUNCT CK,Ref. DMC-407-A-22-00-04A-340A-A,418-00862-701,66200,,,,This specific inspection is found in the Airworthiness Limitations Schedule in Chapter 4.,03/17/2026,1694.50,,,3087.00,0,12,600.00,0,0.00,0.00,0,0,,0,0.00,0.00,03/17/2027,,2294.50,,,,,,,,12,,5,,201.50,,,,,,,,No,10+ Days,,03/17/2027,,,,,,,,,,,
N407NW,IHC Health Services,10/04/2026,2093.00,0,22 04-10 FUNCT CK,Airframe,2093.00,,0,3776.00,INSPECTION,,AIRWORTHINESS,66158,600HR /12M CHAPTER 4 AFCS TRIM ACTUATOR FUNCT CK,Ref. DMC-407-A-22-00-04A-340A-A,418-00862-701,66158,,,,This specific inspection is found in the Airworthiness Limitations Schedule in Chapter 4.,03/17/2026,1694.50,,,3087.00,0,12,600.00,0,0.00,0.00,0,0,,0,0.00,0.00,03/17/2027,,2294.50,,,,,,,,12,,5,,201.50,,,,,,,,No,10+ Days,,03/17/2027,,,,,,,,,,,
N407RU,IHC Health Services,09/23/2026,2043.40,0,25 AA FLT/FLOAT STEP 300HR/12M,Airframe,2043.40,,0,3639.00,INSPECTION,,ICA,,300 HOUR/12 MONTH AERONAUTICAL ACCESSORIES FLIGHTSTEP/FLOATSTEP INSPECTION,Aeronautical Accessories ICA AA-01162,,,,,,,08/09/2026,1988.50,,,3553.00,,12,300.00,,,,,,,,,,08/31/2027,,2288.50,,,,,,,,26,,10,,245.10,,,,,,,,No,10+ Days,,03/17/2027,,,,,,,,,,,
N407RU,IHC Health Services,09/23/2026,2043.40,0,25 PARAVION 300HR/12M,Airframe,2043.40,,0,3639.00,INSPECTION,,ICA,,300 HOUR / 12 MONTH PARAVION AIR CONDITIONING SYSTEM,Ref. PR-407AC-120M,,,,,,,08/09/2026,1988.50,,,3553.00,0,12,300.00,0,0.00,0.00,0,0,,0,0.00,0.00,08/09/2027,,2288.50,,,,,,,,4,,10,,245.10,,,,,,,,No,10+ Days,,03/17/2027,,,,,,,,,,,
N407RU,IHC Health Services,09/23/2026,2043.40,0,25 PARAVION SNOW DEFL 300HR/12M,Airframe,2043.40,,0,3639.00,INSPECTION,,ICA,,300 HOUR/12 MONTH PARAVION SNOW DEFLECTOR AND DZUS HARDWARE INSPECTION,Ref. Paravion PR-206/407SD-120M,,,,,,,08/09/2026,1988.50,,,3553.00,,12,300.00,,,,,,,,,,08/31/2027,,2288.50,,,,,,,,26,,10,,245.10,,,,,,,,No,10+ Days,,03/17/2027,,,,,,,,,,,
N407ZM,IHC Health Services,10/04/2026,5575.00,1722,72 00-15,Engine 1,4226.10,9084.00,,,PART,Overhaul,RII,CAE-848843,(RII) HYDROMECHANICAL UNIT  ( HMU) - OVERHAUL,Rolls-Royce Publication CSP21001,23078029A,JGALM0360,,,,REF. RR M250-C47B OPERATION MAINTENANCE MANUAL,10/10/2024,3280.50,,7349.00,,,,2500.00,,,,,,,,,,,,4683.90,,,,,,,,,,,,457.80,,,,,,,,No,10+ Days,,03/17/2027,,,,4527.60,1096.60,,,,,RII,
N407CH,IHC Health Services,10/04/2026,17743.70,1,12 TBL 2,Airframe,17743.70,,1,43738.00,INSPECTION,,RII,,(RII) 150 HOUR TAIL ROTOR DRIVE SHAFT SPLINE ADAPTER LUBRICATION,DMC-407-A-12-00-00-00A-040A-A Table 2,,,,,,"RII - TAIL ROTOR DRIVE SHAFT SPLINE ADAPTER LUBE (2 ADAPTERS) INSURE THAT WASHER STACK UP IS CORRECT, GAPS IN DISC PACKS ARE IN ALLOWABLE LIMITS AND TORQUE STRIPE IS ON ALL NUTS AFTER TORQUE IS COMPLETED.",09/23/2026,17716.90,,,43696.00,,,150.00,,,,,,15.00,,,,,,17866.90,,,,,,,,,,,,123.20,,,,,,,,No,10+ Days,,03/18/2027,,,,,,,,,,RII,
N407CH,IHC Health Services,10/04/2026,17743.70,1,53 04-150,Airframe,17743.70,,1,43738.00,INSPECTION,,AIRWORTHINESS,,150 HOUR TAILBOOM ASSEMBLY INSPECTION,DMC-407-A-04-00-00-00A-288A-A note 9,,,,,,(After 6900 accumulated Hours) Ref. Airworthiness Limitation Schedule DMC-407-A-04-00-00-00A-288A-A note 9,09/23/2026,17716.90,,,43696.00,0,0,150.00,0,0.00,0.00,0,0,,0,0.00,0.00,,,17866.90,,,,,,,,,,,,123.20,,,,,,,,No,10+ Days,,03/18/2027,,,,,,,,,,,
N39KM,IHC Health Services,10/03/2026,3577.00,0,05 40-00-08A,Airframe,3577.00,,0,8191.00,INSPECTION,,INSPECT,,300 HOUR OPTIONAL EQUIPMENT INSPECTION,DMC-407-A-05-40-00-08A-281A-A,,,,,,"Ref. DMC-407-A-05-40-00-08A-281A-A, Complete Inspection On All Currently Installed/Available Items.",08/30/2026,3525.10,,,8065.00,,,300.00,,,,,,30.00,,,,,,3825.10,,,,,,,,,,,,248.10,,,,,,,,No,10+ Days,,03/19/2027,,,,,,,,,,,
N407CH,IHC Health Services,10/04/2026,17743.70,1,63 13-10,Airframe,17743.70,,1,43738.00,PART,Overhaul,RII,,(RII) FREEWHEEL ASSEMBLY - OVERHAUL,DMC-407-A-05-10-00-02A-281A-A,406-040-500-147FM,A-4981,,,,,06/03/2022,14869.00,,,38817.00,,,3000.00,,,,,,300.00,,,,,,17869.00,,,,,,,,,,,,125.30,,,,,,,,No,10+ Days,,03/21/2027,26,0,0,7879.20,0.00,0.00,,,,RII; Monthly Planning,
N469JX,IHC Health Services,09/30/2026,3681.00,0,05 600/12M,Airframe,3681.00,,0,9318.00,INSPECTION,,INSPECT,,600 HOUR/12 MONTH AIRFRAME INSPECTION,"BHT-407-MPI, Chapter 5, Scheduled Inspections",,,,,1.00,"REF. BHT-407-MPI, CH. 5 DMC-407-A-05-40-00-10A-281A-A",09/30/2026,3681.00,,,9318.00,,12,600.00,,,,,36,60.00,,,,09/30/2027,,4281.00,,,,,,,,25,,11,,600.00,,,,,,,,No,10+ Days,,03/25/2027,,,,,,,,,,,
N407BY,IHC Health Services,10/04/2026,1229.40,0,25 PARAVION SNOW DEFL 300HR/12M,Airframe,1229.40,,0,2649.00,INSPECTION,,ICA,,300 HOUR/12 MONTH PARAVION SNOW DEFLECTOR AND DZUS HARDWARE INSPECTION,Ref. Paravion PR-206/407SD-120M,,,,,,,04/04/2026,1101.90,,,2418.00,,12,300.00,,,,,,,,,,04/30/2027,,1401.90,,,,,,,,25,,6,,172.50,,,,,,,,No,10+ Days,,03/26/2027,,,,,,,,,,,
N407CH,IHC Health Services,10/04/2026,17743.70,1,05 300HR- PERIODIC INSPECTION,Airframe,17743.70,,1,43738.00,INSPECTION,,INSPECT,,300 HOUR /12 MONTH PERIODIC AIRFRAME INSPECTION,DMC-407-A-05-40-00-06A-281A-A,,,,,,"1. Do this inspection every 12 calendar months or every 300 hours of operation. 2. Do all six events of the airframe progressive inspection. Ref. DMC-407-A-05-40-00-06A-281A-A, Complete all 6 Progressive Inspection Events: DMC-407-A-05-40-00-00A-281A-A, DMC-407-A-05-40-00-01A-281A-A,DMC-407-A-05-40-00-02A-281A-A, DMC-407-A-05-40-00-03A-281A-A, DMC-407-A-05-40-00-04A-281A-A, DMC-407-A-05-40-00-05A-281A-A.",08/05/2026,17573.60,,,43465.00,,12,300.00,,,,,36,30.00,,,,08/31/2027,,17873.60,,,,,,,,26,,10,,129.90,,,,,,,,No,10+ Days,,03/27/2027,,,,,,,,,,,
N407CH,IHC Health Services,10/04/2026,17743.70,1,05 40-00-08A,Airframe,17743.70,,1,43738.00,INSPECTION,,INSPECT,,300 HOUR OPTIONAL EQUIPMENT INSPECTION,DMC-407-A-05-40-00-08A-281A-A,,,,,,"Ref. DMC-407-A-05-40-00-08A-281A-A, Complete Inspection On All Currently Installed/Available Items.",08/01/2026,17573.60,,,43465.00,,,300.00,,,,,,30.00,,,,,,17873.60,,,,,,,,,,,,129.90,,,,,,,,No,10+ Days,,03/27/2027,,,,,,,,,,,
N407CH,IHC Health Services,10/04/2026,17743.70,1,12 HYD TBL 2,Airframe,17743.70,,1,43738.00,INSPECTION,,RII,,(RII) 300 HOUR/12 MONTH HYDRAULIC PUMP DRIVE SPLINE LUBRICATION,DMC-407-A-12-00-00-00A-040A-A Table 2,,,,,,REF. BHT-407-MM CH. 12 SERVICING TABLE 2 DMC-407-A-12-00-00-00A-040A-A,08/02/2026,17573.60,,,43465.00,,12,300.00,,,,0,36,30.00,,,,08/31/2027,,17873.60,,,,,,,,26,,10,,129.90,,,,,,,,No,10+ Days,,03/27/2027,,,,,,,,,,RII,
N407CH,IHC Health Services,10/04/2026,17743.70,1,12 HYD TBL 3,Airframe,17743.70,,1,43738.00,INSPECTION,,RII,,(RII) 300 HOUR/12 MONTH HYDRAULIC FILTER CLEANING AND INSPECTION,DMC-407-A-12-00-00-00A-040A-A Table 3,,,,,,ACCOMPLISHED (RII) 300 HOUR/12 MONTH HYDRAULIC FILTER CLEANING AND INSPECTION REF. DMC-407-A-12-00-00-00A-040A-A Table 3,08/01/2026,17573.60,,,43465.00,,12,300.00,,,,0,36,30.00,,,,08/31/2027,,17873.60,,,,,,,,26,,10,,129.90,,,,,,,,No,10+ Days,,03/27/2027,,,,,,,,,,RII,
N307KH,IHC Health Services,10/03/2026,23110.00,0,12 HYD TBL 3,Airframe,23110.00,,0,81023.00,PART,Life Limited,RII,,(RII) HYDRAULIC FILTER - RETIRE,,05228-21-11328,No Lot Number,,,,RETIRE AFTER 3 CLEANINGS,03/30/2024,22083.20,,,,,,1200.00,,,,,,30.00,,,,,,23283.20,,,,,,,,,,,,173.20,,,,,,,,No,10+ Days,,03/27/2027,28,28,28,1158.20,1158.20,1158.20,,,,RII,
N407CH,IHC Health Services,10/04/2026,17743.70,1,12 HYD TBL 3,Airframe,17743.70,,1,43738.00,INSPECTION,,,,300 HOUR/12 MONTH HYDRAULIC FLUID CHANGE,DMC-407-A-12-00-00-00A-040A-A Table 3,,,,,,,08/01/2026,17573.60,,,43465.00,,12,300.00,,,,0,36,30.00,,,,08/31/2027,,17873.60,,,,,,,,26,,10,,129.90,,,,,,,,No,10+ Days,,03/27/2027,,,,,,,,,,,
N407CH,IHC Health Services,10/04/2026,17743.70,1,12 TBL 1,Airframe,17743.70,,1,43738.00,INSPECTION,,RII,,(RII) 300 HOUR AIRFRAME FUEL FILTER INSPECTION AND CHANGE,DMC-407-A-12-00-00-00A-040A-A,,,,,,**Additional Fuel System Operational Check Required per Ref. DMC-407-A-28-00-00-00A-320A-A after completion.**,08/03/2026,17573.60,,,43465.00,,,300.00,,,,,,30.00,,,,,,17873.60,,,,,,,,,,,,129.90,,,,,,,,No,10+ Days,,03/27/2027,,,,,,,,,,RII,
N407CH,IHC Health Services,10/04/2026,17743.70,1,12 TBL 2,Airframe,17743.70,,1,43738.00,INSPECTION,,,,300 HOUR TAIL ROTOR DRIVE SHAFT & OIL COOLER BEARING LUBRICATION,DMC-407-A-12-00-00-00A-040A-A Table 2,,,,,,,08/01/2026,17573.60,,,43465.00,,,300.00,,,,,,30.00,,,,,,17873.60,,,,,,,,,,,,129.90,,,,,,,,No,10+ Days,,03/27/2027,,,,,,,,,,,
N407CH,IHC Health Services,10/04/2026,17743.70,1,12 TBL 3,Airframe,17743.70,,1,43738.00,INSPECTION,,,,300 HOUR/12 MONTH MAIN ROTOR TRANSMISSION OIL & FILTER CHANGE,DMC-407-A-12-00-00-00A-040A-A Table 3,,,,,,,08/01/2026,17573.60,,,43465.00,,12,300.00,,,,0,36,30.00,,,,08/31/2027,,17873.60,,,,,,,,26,,10,,129.90,,,,,,,,No,10+ Days,,03/27/2027,,,,,,,,,,,
N407CH,IHC Health Services,10/04/2026,17743.70,1,12 TBL 3,Airframe,17743.70,,1,43738.00,INSPECTION,,,,300 HOUR/12 MONTH TAIL ROTOR GEARBOX OIL CHANGE,DMC-407-A-12-00-00-00A-040A-A Table 3,,,,,,,08/01/2026,17573.60,,,43465.00,,12,300.00,,,,0,36,30.00,,,,08/31/2027,,17873.60,,,,,,,,26,,10,,129.90,,,,,,,,No,10+ Days,,03/27/2027,,,,,,,,,,,
N407CH,IHC Health Services,10/04/2026,17743.70,1,25 337 GPS RAM MOUNT & BRACKET,Airframe,17743.70,,1,43738.00,INSPECTION,,ICA,,300 HOUR GPS RAM MOUNT & BRACKET INSPECTION,FAA Form 337 Dated 06/01/2010,,,,,,**FAA 337 FORM DATED 06/01/2010 FOUND IN ATTACHMENTS**,08/01/2026,17573.60,,,43465.00,,,300.00,,,,,,,,,,,,17873.60,,,,,,,,,,,,129.90,,,,,,,,No,10+ Days,,03/27/2027,,,,,,,,,,,
N407CH,IHC Health Services,10/04/2026,17743.70,1,25 337 T/R RECOG LIGHT,Airframe,17743.70,,1,43738.00,INSPECTION,,ICA,,300 HOUR/12 MONTH TAIL ROTOR RECOGNITION LIGHT INSPECTION,FAA Form 337 Dated 01/JUN/2010,,,,,,"337 AND INSPECTION INFORMATION FOUND IN ATTACHMENTS
FAA Form 337 Dated  01/JUN/2010.",08/01/2026,17573.60,,,43465.00,,12,300.00,,,,,,,,,,08/31/2027,,17873.60,,,,,,,,26,,10,,129.90,,,,,,,,No,10+ Days,,03/27/2027,,,,,,,,,,,
N407CH,IHC Health Services,10/04/2026,17743.70,1,25 AA CROSSTUBE 300HR/12M,Airframe,17743.70,,1,43738.00,INSPECTION,,ICA,,300 HOUR/ 12 MONTH AERONAUTICAL ACCESSORIES CROSSTUBE INSPECTION,AERONAUTICAL ACCESSORIES AA-00061 REV.,,,,,,COMPLETED ON HSU LOG PAGE 10731,08/01/2026,17573.60,,,43465.00,,12,300.00,,,,,,,,,,08/31/2027,,17873.60,,,,,,,,26,,10,,129.90,,,,,,,,No,10+ Days,,03/27/2027,,,,,,,,,,,
N407CH,IHC Health Services,10/04/2026,17743.70,1,25 AA FLT/FLOAT STEP 300HR/12M,Airframe,17743.70,,1,43738.00,INSPECTION,,ICA,,300 HOUR/12 MONTH AERONAUTICAL ACCESSORIES FLIGHTSTEP/FLOATSTEP INSPECTION,Aeronautical Accessories ICA AA-01162,,,,,,ref: Aeronautical Accessories ICA AA-01162,08/01/2026,17573.60,,,43465.00,,12,300.00,,,,,,,,,,08/31/2027,,17873.60,,,,,,,,26,,10,,129.90,,,,,,,,No,10+ Days,,03/27/2027,,,,,,,,,,,
N407CH,IHC Health Services,10/04/2026,17743.70,1,25 AFS IVF 300HR/12M,Airframe,17743.70,,1,43738.00,INSPECTION,,ICA,IVF 0055,300 HOUR/12 MONTH DONALDSON IVF FILTER CLEANING AND INSPECTION,AFS-BH407-IBF-KIT-ICA,106251-101,0408,,,,,08/02/2026,17573.60,,,43465.00,,12,300.00,,,,,,,,,,08/31/2027,,17873.60,,,,,,,,26,,10,,129.90,,,,,,,,No,10+ Days,,03/27/2027,,,,,,,,,,,
N407CH,IHC Health Services,10/04/2026,17743.70,1,25 DART BEARPAW,Airframe,17743.70,,1,43738.00,INSPECTION,,ICA,,300 HOUR/12 MONTH DART BEAR PAW INSPECTION,DART ICA-D206-559,,,,,,,08/01/2026,17573.60,,,43465.00,,12,300.00,,,,,,,,,,08/31/2027,,17873.60,,,,,,,,26,,10,,129.90,,,,,,,,No,10+ Days,,03/27/2027,,,,,,,,,,,
N407CH,IHC Health Services,10/04/2026,17743.70,1,25 PARAVION SNOW DEFL 300HR/12M,Airframe,17743.70,,1,43738.00,INSPECTION,,ICA,,300 HOUR/12 MONTH PARAVION SNOW DEFLECTOR AND DZUS HARDWARE INSPECTION,Ref. Paravion PR-206/407SD-120M,,,,,,,08/01/2026,17573.60,,,43465.00,,12,300.00,,,,,,,,,,08/31/2027,,17873.60,,,,,,,,26,,10,,129.90,,,,,,,,No,10+ Days,,03/27/2027,,,,,,,,,,,
N407CH,IHC Health Services,10/04/2026,17743.70,1,25 SPECTRUM  300HR/12M,Airframe,17743.70,,1,43738.00,INSPECTION,,ICA,,300 HOUR/12 MONTH SPECTRUM MED PANEL AND EQUIPMENT RACK INSPECTION,337 Dated 06/01/2010 & SPECTRUM 7002MM REV. 4,,,,,,"MUST USE SPECTRUM INSPECTION AND 337 INSPECTION ACCORDING TO THE 337. **337 FOUN IN ATTACHMENTS, SPECTRUM ICA FOUND IN ""DOCUMENTS""***",08/01/2026,17573.60,,,43465.00,,12,300.00,,,,,,,,,,08/31/2027,,17873.60,,,,,,,,26,,10,,129.90,,,,,,,,No,10+ Days,,03/27/2027,,,,,,,,,,,
N407CH,IHC Health Services,10/04/2026,17743.70,1,53 04-300,Airframe,17743.70,,1,43738.00,INSPECTION,,AIRWORTHINESS,Tailboom,300 HOUR TAILBOOM ASSEMBLY AIRWORTHINESS LIMITATIONS INSPECTION,DMC-407-A-04-00-00-00A-288A-A TABLE 2,407-030-801-219,BP1747,,,,,08/01/2026,17573.60,,,43465.00,,,300.00,,,,,,,,,,,,17873.60,,,,,,,,,,,,129.90,,,,,,,,No,10+ Days,,03/27/2027,,,,,,,,,,,
N407CH,IHC Health Services,10/04/2026,17743.70,1,AD 2012-18-09 AMD 39-17185,Airframe,17743.70,,1,43738.00,AD,,,,AD 2012-18-09 ROTORCRAFT TAILBOOM HARDWARE ATTACHMENT,"AD 2012-18-09, Amend. 39-17185",,,,,,"SEE TASK 53-10-10
Recurring 300 hour tailboom attachment hardware torque check required after AD & ASB 407-11-96. See current staus sheet for compliance.",08/01/2026,17573.60,,,43465.00,,,300.00,,,,,,,,,,,,17873.60,,,,,,,,,,,,129.90,,,,,,,,No,10+ Days,,03/27/2027,,,,,,,,,,,
N407CH,IHC Health Services,10/04/2026,17743.70,1,AD 2018-10-06 AMD 39-19281,Airframe,17743.70,,1,43738.00,AD,,,,AD 2018-10-06 300 HOUR TAIL ROTOR DRIVE SHAFT,"AD 2018-10-06, Amend. 39-19281 Para. (e)(1)(3)",,,,,,Completed AD 2018-10-06 by inspecting each TR driveshaft segment assembly for rotational and axial play between the adapter and the TR driveshaft.,08/01/2026,17573.60,,,43465.00,,,300.00,,,,,,30.00,,,,,,17873.60,,,,,,,,,,,,129.90,,,,,,,,No,10+ Days,,03/27/2027,,,,,,,,,,,
N407PW,IHC Health Services,10/04/2026,1441.00,0,24 25-01,Airframe,1441.00,,0,1740.00,PART,Overhaul,RII,,(RII) STARTER GENERATOR - OVERHAUL,"BHT-407-MPI, Ch.  5, Component Overhaul  Schedule",206-062-200-113,P 1444,,,,"Ref. BHT-407-MPI, CH. 5 COMPONENT OVERHAUL TABLE 1. DMC-407-A-05-10-00-02A-281A-A",07/25/2025,874.10,,,1013.00,,,1000.00,,,,,,100.00,,,,,,1874.10,,,,,,,,,,,,433.10,,,,,,,,No,10+ Days,,03/27/2027,,,,2525.90,0.00,,,,,RII; Monthly Planning,
N407NW,IHC Health Services,10/04/2026,2093.00,0,25 REBTECH  200HR/12M,Airframe,2093.00,,0,3776.00,INSPECTION,,ICA,,200 HOUR/12 MONTH REBTECH NIGHT VISION INSPECTION,Rebtech ICA Document 98020407-ICA REV. H,,,,,,COMPLIED WITH 12 MONTH/ 100 HOUR REBTECH NIGHT VISION IAW REF. 98020407-ICA.,08/25/2026,2066.60,,,3697.00,0,12,200.00,0,0.00,0.00,0,0,,0,0.00,0.00,08/25/2027,,2266.60,,,,,,,,20,,10,,173.60,,,,,,,,No,10+ Days,,03/27/2027,,,,,,,,,,,
N407RU,IHC Health Services,09/23/2026,2043.40,0,05 300HR- PERIODIC INSPECTION,Airframe,2043.40,,0,3639.00,INSPECTION,,INSPECT,,300 HOUR /12 MONTH PERIODIC AIRFRAME INSPECTION,DMC-407-A-05-40-00-06A-281A-A,,,,,,"1. Do this inspection every 12 calendar months or every 300 hours of operation. 2. Do all six events of the airframe progressive inspection. Ref. DMC-407-A-05-40-00-06A-281A-A, Complete all 6 Progressive Inspection Events: DMC-407-A-05-40-00-00A-281A-A, DMC-407-A-05-40-00-01A-281A-A,DMC-407-A-05-40-00-02A-281A-A, DMC-407-A-05-40-00-03A-281A-A, DMC-407-A-05-40-00-04A-281A-A, DMC-407-A-05-40-00-05A-281A-A.",08/28/2026,2007.20,,,3585.00,,12,300.00,,,,,36,30.00,,,,08/28/2027,,2307.20,,,,,,,,23,,10,,263.80,,,,,,,,No,10+ Days,,03/30/2027,,,,,,,,,,,
N407RU,IHC Health Services,09/23/2026,2043.40,0,05 40-00-08A,Airframe,2043.40,,0,3639.00,INSPECTION,,INSPECT,,300 HOUR OPTIONAL EQUIPMENT INSPECTION,DMC-407-A-05-40-00-08A-281A-A,,,,,,"Ref. DMC-407-A-05-40-00-08A-281A-A, Complete Inspection On All Currently Installed/Available Items.",08/28/2026,2007.20,,,3585.00,,,300.00,,,,,,30.00,,,,,,2307.20,,,,,,,,,,,,263.80,,,,,,,,No,10+ Days,,03/30/2027,,,,,,,,,,,
N407RU,IHC Health Services,09/23/2026,2043.40,0,12 HYD TBL 2,Airframe,2043.40,,0,3639.00,INSPECTION,,RII,,(RII) 300 HOUR/12 MONTH HYDRAULIC PUMP DRIVE SPLINE LUBRICATION,DMC-407-A-12-00-00-00A-040A-A Table 2,,,,,,REF. BHT-407-MM CH. 12 SERVICING TABLE 2 DMC-407-A-12-00-00-00A-040A-A,08/28/2026,2007.20,,,3585.00,,12,300.00,,,,0,36,30.00,,,,08/31/2027,,2307.20,,,,,,,,26,,10,,263.80,,,,,,,,No,10+ Days,,03/30/2027,,,,,,,,,,RII,
N407RU,IHC Health Services,09/23/2026,2043.40,0,12 HYD TBL 3,Airframe,2043.40,,0,3639.00,INSPECTION,,RII,hyd fltr,(RII) 300 HOUR/12 MONTH HYDRAULIC FILTER CLEANING AND INSPECTION,DMC-407-A-12-00-00-00A-040A-A Table 3,,,,,,"Ref. BHT-407-MM, Chapter 12, General, DMC-407-A-12-00-00-00A-040A-A Table 3.",08/28/2026,2007.20,,,3585.00,,12,300.00,,,,0,36,30.00,,,,08/31/2027,,2307.20,,,,,,,,26,,10,,263.80,,,,,,,,No,10+ Days,,03/30/2027,,,,,,,,,,RII,
N407RU,IHC Health Services,09/23/2026,2043.40,0,12 HYD TBL 3,Airframe,2043.40,,0,3639.00,INSPECTION,,,,300 HOUR/12 MONTH HYDRAULIC FLUID CHANGE,DMC-407-A-12-00-00-00A-040A-A Table 3,,,,,,"Ref.  BHT-407-MM, Chapter 12, General, DMC-407-A-12-00-00-00A-040A-A Table 3.",08/28/2026,2007.20,,,3585.00,,12,300.00,,,,0,36,30.00,,,,08/28/2027,,2307.20,,,,,,,,23,,10,,263.80,,,,,,,,No,10+ Days,,03/30/2027,,,,,,,,,,,
N407RU,IHC Health Services,09/23/2026,2043.40,0,12 TBL 2,Airframe,2043.40,,0,3639.00,INSPECTION,,,,300 HOUR TAIL ROTOR DRIVE SHAFT & OIL COOLER BEARING LUBRICATION,DMC-407-A-12-00-00-00A-040A-A Table 2,,,,,,REF. BHT-407-MM CH. 12 SERVICING TABLE 2 DMC-407-A-12-00-00-00A-040A-A,08/28/2026,2007.20,,,3585.00,,,300.00,,,,,,30.00,,,,,,2307.20,,,,,,,,,,,,263.80,,,,,,,,No,10+ Days,,03/30/2027,,,,,,,,,,,
N407RU,IHC Health Services,09/23/2026,2043.40,0,12 TBL 3,Airframe,2043.40,,0,3639.00,INSPECTION,,,,300 HOUR/12 MONTH MAIN ROTOR TRANSMISSION OIL & FILTER CHANGE,DMC-407-A-12-00-00-00A-040A-A Table 3,,,,,,"REF. BHT-407-MM, Chapter 12, General, Table 3, DMC-407-A-A-12-00-00-00A-040A-A.",08/28/2026,2007.20,,,3585.00,,12,300.00,,,,0,36,30.00,,,,08/28/2027,,2307.20,,,,,,,,23,,10,,263.80,,,,,,,,No,10+ Days,,03/30/2027,,,,,,,,,,,
N407RU,IHC Health Services,09/23/2026,2043.40,0,12 TBL 3,Airframe,2043.40,,0,3639.00,INSPECTION,,,,300 HOUR/12 MONTH TAIL ROTOR GEARBOX OIL CHANGE,DMC-407-A-12-00-00-00A-040A-A Table 3,,,,,,"Ref. BHT-407-MM, Chapter 12, General, Table 3 DMC-407-A-12-00-00-00A-040A-A Table 3.",08/28/2026,2007.20,,,3585.00,,12,300.00,,,,0,36,30.00,,,,08/28/2027,,2307.20,,,,,,,,23,,10,,263.80,,,,,,,,No,10+ Days,,03/30/2027,,,,,,,,,,,
N407RU,IHC Health Services,09/23/2026,2043.40,0,25 AFS IBF 300HR/12M,Airframe,2043.40,,0,3639.00,INSPECTION,,ICA,IBF,(RII) 300 HOUR/12 MONTH DONALDSON IBF FILTER CLEANING AND INSPECTION,AFS-BH407-IBF-KIT-ICA,,,2026-407RU-047,,,"Ref. Donaldson Filtration Solutions ICA AFS-BH407-IBF-KIT-ICA, Table 1 and paragraph 7.3.",08/25/2026,2007.20,,,3585.00,,12,300.00,,,,,,,,,,08/31/2027,,2307.20,,,,,,,,26,,10,,263.80,,,,,,,,No,10+ Days,,03/30/2027,,,,,,,,,,RII,
N407RU,IHC Health Services,09/23/2026,2043.40,0,25 AFS IVF 300HR/12M,Airframe,2043.40,,0,3639.00,INSPECTION,,ICA,IVF,300 HOUR/12 MONTH DONALDSON IVF FILTER CLEANING AND INSPECTION,AFS-BH407-IBF-KIT-ICA,,,2026-407RU-047,,,"Ref. Donaldson Filtration Solutions ICA AFS-BH407-IBF-KIT-ICA, Table 1 and paragraph 7.3.",08/28/2026,2007.20,,,3585.00,,12,300.00,,,,,,,,,,08/31/2027,,2307.20,,,,,,,,26,,10,,263.80,,,,,,,,No,10+ Days,,03/30/2027,,,,,,,,,,,
N407RU,IHC Health Services,09/23/2026,2043.40,0,53 04-300,Airframe,2043.40,,0,3639.00,INSPECTION,,AIRWORTHINESS,,300 HOUR TAILBOOM ASSEMBLY AIRWORTHINESS LIMITATIONS INSPECTION,DMC-407-A-04-00-00-00A-288A-A TABLE 2,,,,,,"Ref. BHT-407-MPI, CH. 4 AIRWORTHINESS LIMITATIONS, DMC-407-A-04-00-00-00A-288A-A, Table 2 and Figure 5.",08/28/2026,2007.20,,,3585.00,0,0,300.00,0,0.00,0.00,0,0,,0,0.00,0.00,,,2307.20,,,,,,,,,,,,263.80,,,,,,,,No,10+ Days,,03/30/2027,,,,,,,,,,,
N407RU,IHC Health Services,09/23/2026,2043.40,0,AD 2018-10-06 AMD 39-19281,Airframe,2043.40,,0,3639.00,AD,,,,AD 2018-10-06 300 HOUR TAIL ROTOR DRIVE SHAFT,"AD 2018-10-06, Amend. 39-19281 Para. (e)(1)(3)",,,,,,Completed AD 2018-10-06 by inspecting each TR driveshaft segment assembly for rotational and axial play between the adapter and the TR driveshaft.,08/28/2026,2007.20,,,3585.00,,,300.00,,,,,,30.00,,,,,,2307.20,,,,,,,,,,,,263.80,,,,,,,,No,10+ Days,,03/30/2027,,,,,,,,,,,
N407FC,IHC Health Services,10/05/2026,14985.10,0,05 1200HR/24MO,Airframe,14985.10,,0,33090.00,INSPECTION,,INSPECT,,1200 HOUR/24 MONTH AIRFRAME INSPECTION,DMC-407-A-05-40-00-14A-281A-A,,,,,0.80,"REF. BHT-407-MPI, CH. 5 DMC-407-A-05-40-00-14A-281A-A",03/18/2025,14143.00,,,31302.00,,24,1200.00,,,,,73,120.00,,,,03/31/2027,,15343.00,,,,,,,,26,,5,,357.90,,,,,,,,No,10+ Days,,03/31/2027,,,,,,,,,,,
N407JM,IHC Health Services,10/04/2026,5829.10,0,05 600/12M,Airframe,5829.10,,0,16558.00,INSPECTION,,INSPECT,,600 HOUR/12 MONTH AIRFRAME INSPECTION,DMC-407-A-05-40-00-10A-281A-A,,,,,4.00,"REF. BHT-407-MPI, CH. 5 DMC-407-A-05-40-00-10A-281A-A",03/04/2026,5659.50,,,15876.00,,12,600.00,,,,,36,60.00,,,,03/31/2027,,6259.50,,,,,,,,26,,5,,430.40,,,,,,,,No,10+ Days,,03/31/2027,,,,,,,,,,Monthly Planning,
N307KH,IHC Health Services,10/03/2026,23110.00,0,05 600/12M,Airframe,23110.00,,0,81023.00,INSPECTION,,INSPECT,,600 HOUR/12 MONTH AIRFRAME INSPECTION,"BHT-407-MPI, Chapter 5, Scheduled Inspections",,,,,,Ref. DMC-407-A-05-40-00-10A-281A-A.,03/01/2026,22896.40,,,80539.00,,12,600.00,,,,,36,60.00,,,,03/31/2027,,23496.40,,,,,,,,26,,5,,386.40,,,,,,,,No,10+ Days,,03/31/2027,,,,,,,,,,Monthly Planning,
N407SL,IHC Health Services,10/04/2026,2240.90,0,24 20-10,Airframe,2240.90,,0,5434.00,PART,Overhaul,ICA,,(RII) AIRCRAFT BATTERY - CAPACITY CHECK,CONCORDE DOC 5-0171 REV. Q,RG-407A1,41418908,,,,"After 1st Cap check, Inspection times change depending on the outcome of the Cap Check. Please See Concorde Manual for correct times.",09/03/2026,2222.40,,,5395.00,0,6,500.00,0,0.00,0.00,0,0,,0,0.00,0.00,03/31/2027,,2722.40,,,,,,,,26,,5,,481.50,,,,,,,,No,10+ Days,,03/31/2027,13,0,0,444.60,0.00,0.00,,,,RII,
N407NW,IHC Health Services,10/04/2026,2093.00,0,72 INSP 600HR/12MO,Engine 1,2592.20,4362.00,,,INSPECTION,None,RII,CAE-847339,(RII) 600 HOUR/ 12 MONTH ENGINE OIL & SCAVENGE OIL FILTER CHANGE,RR-M250-C47E/4 O&M Chapter 79-10-00,,,,,4.00,"Ref. Rolls-Royce M250-C47E/4 O&M, Chapter 72-00-00 Table 606 and Chapter 79-10-00. Filter is replaced when oil is changed as a HSU recommended item.",03/15/2026,2193.70,,3760.00,,,12,600.00,,,,,,,,,,03/31/2027,,2793.70,,,,,,,,26,,5,,201.50,,,,,,,,No,10+ Days,,03/31/2027,,,,,,,,,,RII,
N407TH,IHC Health Services,10/03/2026,8845.50,2,AD 2026-14-07 AMD 39-23408,Airframe,8845.50,,2,20680.00,AD,,,,[RECURRING] THIS AD WAS PROMPTED BY A REPORT OF A FRACTURED PILOT CYCLIC STICK TUBE AND SUBSEQUENT FINDINGS OF OTHER PILOT CYCLIC STICK TUBES WITH FATIGUE CRACKING. THE FAA IS ISSUING THIS AD TO DETECT AND CORRECT A CRACK IN THE PILOT CYCLIC STICK ...,,,,,,,"INITIAL DUE DATE AND TIME WILL BE DUE IN 100 HOURS OR NOVEMBER 19,2026 (90 DAYS AFTER AUGUST 21, 2026) - THEN RECURRING EVERY 300 HOURS OR 6 MONTHS THEREAFTER",09/11/2026,8811.30,,,20606.00,,6,300.00,,,,,,,,,,03/31/2027,,9111.30,,,,,,,,26,,5,,265.80,,,,,,,,No,10+ Days,,03/31/2027,,,,,,,,,,,
N407CN,IHC Health Services,10/02/2026,4963.50,0,AD 2026-14-07 AMD 39-23408,Airframe,4963.50,,0,11871.00,AD,,,,[RECURRING] THIS AD WAS PROMPTED BY A REPORT OF A FRACTURED PILOT CYCLIC STICK TUBE AND SUBSEQUENT FINDINGS OF OTHER PILOT CYCLIC STICK TUBES WITH FATIGUE CRACKING. THE FAA IS ISSUING THIS AD TO DETECT AND CORRECT A CRACK IN THE PILOT CYCLIC STICK ...,,,,,,,"INITIAL DUE DATE AND TIME WILL BE DUE IN 100 HOURS OR NOVEMBER 19,2026 (90 DAYS AFTER AUGUST 21, 2026) - THEN RECURRING EVERY 300 HOURS OR 6 MONTHS THEREAFTER",09/25/2026,4956.90,,,11835.00,,6,300.00,,,,,,,,,,03/31/2027,,5256.90,,,,,,,,26,,5,,293.40,,,,,,,,No,10+ Days,,03/31/2027,,,,,,,,,,,
N407LP,IHC Health Services,10/01/2026,4415.70,0,AD 2026-14-07 AMD 39-23408,Airframe,4415.70,,0,11404.00,AD,,,,[RECURRING] THIS AD WAS PROMPTED BY A REPORT OF A FRACTURED PILOT CYCLIC STICK TUBE AND SUBSEQUENT FINDINGS OF OTHER PILOT CYCLIC STICK TUBES WITH FATIGUE CRACKING. THE FAA IS ISSUING THIS AD TO DETECT AND CORRECT A CRACK IN THE PILOT CYCLIC STICK ...,,,,,,,"INITIAL DUE DATE AND TIME WILL BE DUE IN 100 HOURS OR NOVEMBER 19,2026 (90 DAYS AFTER AUGUST 21, 2026) - THEN RECURRING EVERY 300 HOURS OR 6 MONTHS THEREAFTER",10/01/2026,4415.70,,,11404.00,,6,300.00,,,,,,,,,,04/01/2027,,4715.70,,,,,,,,27,,5,,300.00,,,,,,,,No,10+ Days,,04/01/2027,,,,,,,,,,,
N407RU,IHC Health Services,09/23/2026,2043.40,0,72 INSP 600HR/12MO,Engine 1,1404.00,2271.00,,,INSPECTION,,RII,CAE-854039,(RII) 600 HOUR/ 12 MONTH ENGINE OIL & SCAVENGE OIL FILTER CHANGE,RR-M250-C47E/4 O&M Chapter 79-10-00,,,,,,"Ref. Rolls-Royce M250-C47E/4 O&M, Chapter 72-00-00 Table 6 and Chapter 79-10-00. Filter is replaced when oil is changed as a HSU recommended item.",04/02/2026,1208.20,,1975.00,,,12,600.00,,,,,,,,,,04/02/2027,,1808.20,,,,,,,,28,,5,,404.20,,,,,,,,No,10+ Days,,04/02/2027,,,,,,,,,,,
N407ZM,IHC Health Services,10/04/2026,5575.00,1722,05 600/12M,Airframe,5575.00,,1722,13725.00,INSPECTION,,INSPECT,,600 HOUR/12 MONTH AIRFRAME INSPECTION,DMC-407-A-05-40-00-10A-281A-A,,,,,2.50,Ref. DMC-407-A-05-40-00-10A-281A-A.,08/05/2026,5476.60,,,13512.00,,12,600.00,,,,,36,60.00,,,,08/31/2027,,6076.60,,,,,,,,26,,10,,501.60,,,,,,,,No,10+ Days,,04/02/2027,,,,,,,,,,,
N407ZM,IHC Health Services,10/04/2026,5575.00,1722,72 INSP 600HR/12MO,Engine 1,4226.10,9084.00,,,INSPECTION,,RII,CAE-848843,(RII) 600 HOUR/ 12 MONTH ENGINE OIL & SCAVENGE OIL FILTER CHANGE,"RR-C47B-O&M, 72-00-00 TBL 6 & 73-10-02",,,,,,"Filter is replaced when oil is changed as a HSU recommended item. Ref. Rolls-Royce M250-C47B-O&M, Chapter 72-00-00 Table 6 and Chapter 73-10-02.",07/31/2026,4127.70,,8888.00,,0,12,600.00,0,0.00,0.00,0,0,,0,0.00,0.00,07/31/2027,,4727.70,,,,,,,,26,,9,,501.60,,,,,,,,No,10+ Days,,04/02/2027,,,,,,,,,,RII,
N407SL,IHC Health Services,10/04/2026,2240.90,0,25 REBTECH  200HR/12M,Airframe,2240.90,,0,5434.00,INSPECTION,,ICA,,200 HOUR/12 MONTH REBTECH NIGHT VISION INSPECTION,Rebtech ICA Document 98020407-ICA REV. H,,,,,,"COMPLIED WITH 12 MONTH/ 100 HOUR REBTECH NIGHT VISION REF Rebtech ICA Document 98020407-ICA.

REF. 98020407-ICA",09/03/2026,2222.40,,,5395.00,,12,200.00,,,,,,,,,,09/03/2027,,2422.40,,,,,,,,29,,10,,181.50,,,,,,,,No,10+ Days,,04/04/2027,,,,,,,,,,,
N407LF,IHC Health Services,10/05/2026,5349.30,17156,ASB 407-26-146,Airframe,5349.30,,17156,13084.00,ASB,,,,"ALERT SERVICE BULLETIN - GARMIN G1000H NXI SOFTWARE 006-B1237-24, INTRODUCTION OF",,,,,,,,05/08/2026,5201.70,,,12802.00,,12,330.00,,,,,,,,,,05/31/2027,,5531.70,,,,,,,,26,,7,,182.40,,,,,,,,No,10+ Days,,04/05/2027,,,,,,,,,,,
N407CH,IHC Health Services,10/04/2026,17743.70,1,34 GARMIN GTN650 250HR/12M,Airframe,17743.70,,1,43738.00,INSPECTION,,ICA,,250 HOUR/12 MONTH GARMIN GTN 650 INSPECTION,GARMIN ICA -190-01007-K4 REV. 3.,,,,,,,08/24/2026,17633.50,,,43568.00,,12,250.00,,,,,,,,,,08/31/2027,,17883.50,,,,,,,,26,,10,,139.80,,,,,,,,No,10+ Days,,04/09/2027,,,,,,,,,,,
N7160V,IHC Health Services,10/04/2026,10771.90,0,72 00-11,Engine 1,3513.30,5819.00,,,PART,Overhaul,RII,CAE-848136,(RII) ENGINE FUEL NOZZLE - OVERHAUL,Rolls-Royce Publication CSP21001,M250-10604,AG48364,,,,,07/22/2021,1794.10,,2994.00,,,,2000.00,,,,,,,,,,,,3794.10,,,,,,,,,,,,280.80,,,,,,,,No,10+ Days,,04/10/2027,0,0,0,0.00,0.00,0.00,,,,RII,
N7160V,IHC Health Services,10/04/2026,10771.90,0,72 30-00,Engine 1,3513.30,5819.00,,,PART,None,INSPECT,CAE-848136,ENGINE - COMPRESSOR,,23065593,CAC-45791,,,,,07/22/2021,1794.10,,2994.00,,,,2000.00,,,,,,,,,,,,3794.10,,,,,,,,,,,,280.80,,,,,,,,No,10+ Days,,04/10/2027,,,,1794.10,0.00,,,,,,
N7160V,IHC Health Services,10/04/2026,10771.90,0,72 50-10,Engine 1,3513.30,5819.00,,,PART,Overhaul,RII,CAE-848136,(RII) TURBINE - OVERHAUL,Rolls-Royce Publication CSP21001,23063354,CAT-45323,,,,,09/10/2021,1794.10,,,,,,2000.00,,,,,,,,,,,,3794.10,,,,,,,,,,,,280.80,,,,,,,,No,10+ Days,,04/10/2027,,,,,0.00,,,,,RII,
N7160V,IHC Health Services,10/04/2026,10771.90,0,72 INSP 2000HR,Engine 1,3513.30,5819.00,,,INSPECTION,,INSPECT,CAE-848136,2000 HOUR ENGINE INSPECTION,RR M250-C47B OMM 72-00-00-200-801 TABLE 6,,,,,,"Ref. Rolls-Royce M250-C47B O&M, Chapter 72-00-00, Table 606",07/22/2021,1794.10,,,,,,2000.00,,,,,,,,,,,,3794.10,,,,,,,,,,,,280.80,,,,,,,,No,10+ Days,,04/10/2027,,,,,,,,,,,
N407TK,IHC Health Services,10/04/2026,5381.40,0,ASB 407-26-146,Airframe,5381.40,,0,15301.00,ASB,,,,"ALERT SERVICE BULLETIN - GARMIN G1000H NXI SOFTWARE 006-B1237-24, INTRODUCTION OF",,,,,,,,05/08/2026,5238.60,,,14917.00,,12,330.00,,,,,,,,,,05/31/2027,,5568.60,,,,,,,,26,,7,,187.20,,,,,,,,No,10+ Days,,04/10/2027,,,,,,,,,,,
N407BY,IHC Health Services,10/04/2026,1229.40,0,12 PARAVION 300HR/12M,Airframe,1229.40,,0,2649.00,INSPECTION,,ICA,,300 HOUR / 12 MONTH PARAVION AIR CONDITIONING SYSTEM,Ref. PR-407AC-120M,,,,,1.00,,04/29/2026,1117.70,,,2445.00,0,12,300.00,0,0.00,0.00,0,0,,0,0.00,0.00,04/30/2027,,1417.70,,,,,,,,25,,6,,188.30,,,,,,,,No,10+ Days,,04/11/2027,,,,,,,,,,,
N407SL,IHC Health Services,10/04/2026,2240.90,0,72 300HR SCAVENGE FILTER,Engine 1,2069.60,4593.00,,,MAINTENANCE,,RII,,(RII) 300 HOUR ENGINE SCAVENGE OIL FILTER CHANGE (OPERATOR'S REQUEST),RR-M250-C47E/4 O&M Chapter 79-10-00,,,,,,**DO NOT CHANGE OIL AT THIS TIME IF NOT DUE**,06/02/2026,1958.30,,4369.00,,0,0,300.00,0,0.00,0.00,0,0,,0,0.00,0.00,,,2258.30,,,,,,,,,,,,188.70,,,,,,,,No,10+ Days,,04/11/2027,,,,,,,,,,,
N407SL,IHC Health Services,10/04/2026,2240.90,0,72 72/300,Engine 1,2069.60,4593.00,,,INSPECTION,,INSPECT,CAE-847339,300 HOUR/12 MONTH ENGINE INSPECTION,RR-M250-C47E/4-O&M Ch. 72-00-00-200-801 Table 6,,,,,,"**USE TABLE 6 ONLY DUE TO SERVICE WITH MOBIL 254 OIL (3RD GENERATION OIL)** In addition to the 150 hour inspection items, perform the following: **SEE SUB ITEMS**",06/02/2026,1958.30,,4369.00,,,12,300.00,,,,,,,,,,06/02/2027,,2258.30,,,,,,,,28,,7,,188.70,,,,,,,,No,10+ Days,,04/11/2027,,,,,,,,,,,
N407CN,IHC Health Services,10/02/2026,4963.50,0,ASB 407-26-146,Airframe,4963.50,,0,11871.00,ASB,,,,"ALERT SERVICE BULLETIN - GARMIN G1000H NXI SOFTWARE 006-B1237-24, INTRODUCTION OF",,,,,,,,05/08/2026,4870.20,,,11562.00,0,12,330.00,0,0.00,0.00,0,0,,0,0.00,0.00,05/31/2027,,5200.20,,,,,,,,26,,7,,236.70,,,,,,,,No,10+ Days,,04/12/2027,,,,,,,,,,,
N307KH,IHC Health Services,10/03/2026,23110.00,0,ASB 407-26-146,Airframe,23110.00,,0,81023.00,ASB,,,,"ALERT SERVICE BULLETIN - GARMIN G1000H NXI SOFTWARE 006-B1237-24, INTRODUCTION OF",,,,,,,ADDED COMPLIANCE MAY 8  - TO ACTIVATE TIME INTERVAL - CB,05/08/2026,22969.80,,,80673.00,,12,330.00,,,,,,,,,,05/31/2027,,23299.80,,,,,,,,26,,7,,189.80,,,,,,,,No,10+ Days,,04/13/2027,,,,,,,,,,,
N407TH,IHC Health Services,10/03/2026,8845.50,2,25 AFS IBF 300HR/12M,Airframe,8845.50,,2,20680.00,INSPECTION,,ICA,IBF,(RII) 300 HOUR/12 MONTH DONALDSON IBF FILTER CLEANING AND INSPECTION,AFS-BH407-IBF-KIT-ICA REV. G,,,,,,,09/29/2026,8831.40,,,20658.00,,12,300.00,,,,,,,,,,09/30/2027,,9131.40,,,,,,,,25,,11,,285.90,,,,,,,,No,10+ Days,,04/13/2027,,,,,,,,,,RII,
N407TH,IHC Health Services,10/03/2026,8845.50,2,72 INSP 600HR/12MO,Engine 1,5215.20,8518.00,,,INSPECTION,None,RII,,(RII) 600 HOUR/ 12 MONTH ENGINE OIL & SCAVENGE OIL FILTER CHANGE,"RR-C47B-O&M, 72-00-00 TBL 6 & 73-10-02",,,,,1.00,"Filter is replaced when oil is changed as a HSU recommended item. Ref. Rolls-Royce M250-C47B-O&M, Chapter 72-00-00 Table 6 and Chapter 73-10-02.",04/14/2026,4916.50,,7962.00,,,12,600.00,,,,,,,,,,04/14/2027,,5516.50,,,,,,,,9,,6,,301.30,,,,,,,,No,10+ Days,,04/14/2027,,,,,,,,,,RII,
N407BY,IHC Health Services,10/04/2026,1229.40,0,25 AFS IBF 300HR/12M,Airframe,1229.40,,0,2649.00,INSPECTION,,ICA,IBFILTER,(RII) 300 HOUR/12 MONTH DONALDSON IBF FILTER CLEANING AND INSPECTION,AFS-BH407-IBF-KIT-ICA,106201-103,2774,,,4.00,"Ref. Donaldson Filtration Solutions ICA AFS-BH407-IBF-KIT-ICA, Table 1 and paragraph 7.3.",05/05/2026,1120.60,,,2450.00,,12,300.00,,,,,,,,,,05/31/2027,,1420.60,,,,,,,,26,,7,,191.20,,,,,,,,No,10+ Days,,04/14/2027,,,,,,,,,,RII,
N407BY,IHC Health Services,10/04/2026,1229.40,0,25 AFS IVF 300HR/12M,Airframe,1229.40,,0,2649.00,INSPECTION,,ICA,IVFILTER,300 HOUR/12 MONTH DONALDSON IVF FILTER CLEANING AND INSPECTION,AFS-BH407-IBF-KIT-ICA,106251-101,0384,,,4.00,"REF. DONALDSON FILTRATION SOLUTIONS ICA AFS-BH407-IBF-KIT-ICA, TABLE 1 AND PARAGRAPH 7.3.",05/05/2026,1120.60,,,2450.00,,12,300.00,,,,,,,,,,05/31/2027,,1420.60,,,,,,,,26,,7,,191.20,,,,,,,,No,10+ Days,,04/14/2027,,,,,,,,,,,
N407NW,IHC Health Services,10/04/2026,2093.00,0,05 300HR- PERIODIC INSPECTION,Airframe,2093.00,,0,3776.00,INSPECTION,,INSPECT,,300 HOUR /12 MONTH PERIODIC AIRFRAME INSPECTION,DMC-407-A-05-40-00-06A-281A-A,,,,,,"1. Do this inspection every 12 calendar months or every 300 hours of operation. 2. Do all six events of the airframe progressive inspection. Ref. DMC-407-A-05-40-00-06A-281A-A, Complete all 6 Progressive Inspection Events: DMC-407-A-05-40-00-00A-281A-A, DMC-407-A-05-40-00-01A-281A-A,DMC-407-A-05-40-00-02A-281A-A, DMC-407-A-05-40-00-03A-281A-A, DMC-407-A-05-40-00-04A-281A-A, DMC-407-A-05-40-00-05A-281A-A.",07/16/2026,1985.50,,,3575.00,,12,300.00,,,,,36,30.00,,,,07/31/2027,,2285.50,,,,,,,,26,,9,,192.50,,,,,,,,No,10+ Days,,04/15/2027,,,,,,,,,,,
N407NW,IHC Health Services,10/04/2026,2093.00,0,05 40-00-08A,Airframe,2093.00,,0,3776.00,INSPECTION,,INSPECT,,300 HOUR OPTIONAL EQUIPMENT INSPECTION,"BHT-407-MPI, Chapter 5, Scheduled Inspections",,,,,,"Ref. DMC-407-A-05-40-00-08A-281A-A, Complete Inspection On All Currently Installed/Available Items.",07/02/2026,1985.50,,,3575.00,,,300.00,,,,,,30.00,,,,,,2285.50,,,,,,,,,,,,192.50,,,,,,,,No,10+ Days,,04/15/2027,,,,,,,,,,,
N407NW,IHC Health Services,10/04/2026,2093.00,0,12 HYD TBL 2,Airframe,2093.00,,0,3776.00,INSPECTION,,RII,,(RII) 300 HOUR/12 MONTH HYDRAULIC PUMP DRIVE SPLINE LUBRICATION,DMC-407-A-12-00-00-00A-040A-A Table 2,,,,,,REF. BHT-407-MM CH. 12 SERVICING TABLE 2 DMC-407-A-12-00-00-00A-040A-A,06/30/2026,1985.50,,,3575.00,,12,300.00,,,,0,36,30.00,,,,06/30/2027,,2285.50,,,,,,,,25,,8,,192.50,,,,,,,,No,10+ Days,,04/15/2027,,,,,,,,,,RII,
N407NW,IHC Health Services,10/04/2026,2093.00,0,12 HYD TBL 3,Airframe,2093.00,,0,3776.00,INSPECTION,,RII,,(RII) 300 HOUR/12 MONTH HYDRAULIC FILTER CLEANING AND INSPECTION,DMC-407-A-12-00-00-00A-040A-A Table 3,,,,,,"Ref. BHT-407-MM, Chapter 12, General, DMC-407-A-12-00-00-00A-040A-A, Table 3.",06/30/2026,1985.50,,,3575.00,,12,300.00,,,,0,36,30.00,,,,06/30/2027,,2285.50,,,,,,,,25,,8,,192.50,,,,,,,,No,10+ Days,,04/15/2027,,,,,,,,,,RII,
N407NW,IHC Health Services,10/04/2026,2093.00,0,12 HYD TBL 3,Airframe,2093.00,,0,3776.00,INSPECTION,,,,300 HOUR/12 MONTH HYDRAULIC FLUID CHANGE,DMC-407-A-12-00-00-00A-040A-A Table 3,,,,,,"Ref. BHT-407-MM, Chapter 12, General, DMC-407-A-12-00-00-00A-040A-A, Table 3.",06/30/2026,1985.50,,,3575.00,,12,300.00,,,,0,36,30.00,,,,06/30/2027,,2285.50,,,,,,,,25,,8,,192.50,,,,,,,,No,10+ Days,,04/15/2027,,,,,,,,,,,
N407NW,IHC Health Services,10/04/2026,2093.00,0,12 TBL 2,Airframe,2093.00,,0,3776.00,INSPECTION,,,,300 HOUR TAIL ROTOR DRIVE SHAFT & OIL COOLER BEARING LUBRICATION,DMC-407-A-12-00-00-00A-040A-A Table 2,,,,,,REF. BHT-407-MM CH. 12 SERVICING TABLE 2 DMC-407-A-12-00-00-00A-040A-A,07/01/2026,1985.50,,,3575.00,,,300.00,,,,,,30.00,,,,,,2285.50,,,,,,,,,,,,192.50,,,,,,,,No,10+ Days,,04/15/2027,,,,,,,,,,,
N407NW,IHC Health Services,10/04/2026,2093.00,0,12 TBL 3,Airframe,2093.00,,0,3776.00,INSPECTION,,,,300 HOUR/12 MONTH MAIN ROTOR TRANSMISSION OIL & FILTER CHANGE,DMC-407-A-12-00-00-00A-040A-A Table 3,,,,,,"REF. BHT-407-MM, Chapter 12, General, Table 3, DMC-407-A-A-12-00-00-00A-040A-A.",07/01/2026,1985.50,,,3575.00,,12,300.00,,,,0,36,30.00,,,,07/01/2027,,2285.50,,,,,,,,26,,8,,192.50,,,,,,,,No,10+ Days,,04/15/2027,,,,,,,,,,,
N407NW,IHC Health Services,10/04/2026,2093.00,0,12 TBL 3,Airframe,2093.00,,0,3776.00,INSPECTION,,,,300 HOUR/12 MONTH TAIL ROTOR GEARBOX OIL CHANGE,DMC-407-A-12-00-00-00A-040A-A Table 3,,,,,,"Ref. BHT-407-MM, Chapter 12, General,  DMC-407-A-12-00-00-00A-040A-A Table 3.",07/01/2026,1985.50,,,3575.00,,12,300.00,,,,0,36,30.00,,,,07/01/2027,,2285.50,,,,,,,,26,,8,,192.50,,,,,,,,No,10+ Days,,04/15/2027,,,,,,,,,,,
N407NW,IHC Health Services,10/04/2026,2093.00,0,25 AA FLT/FLOAT STEP 300HR/12M,Airframe,2093.00,,0,3776.00,INSPECTION,,ICA,,300 HOUR/12 MONTH AERONAUTICAL ACCESSORIES FLIGHTSTEP/FLOATSTEP INSPECTION,Aeronautical Accessories ICA AA-01162,,,,,,,06/30/2026,1985.50,,,3575.00,,12,300.00,,,,,,,,,,06/30/2027,,2285.50,,,,,,,,25,,8,,192.50,,,,,,,,No,10+ Days,,04/15/2027,,,,,,,,,,,
N407NW,IHC Health Services,10/04/2026,2093.00,0,25 AFS IVF 300HR/12M,Airframe,2093.00,,0,3776.00,INSPECTION,,ICA,0210,300 HOUR/12 MONTH DONALDSON IVF FILTER CLEANING AND INSPECTION,AFS-BH407-IBF-KIT-ICA,106251-101,0407,,,,"Ref. Donaldson Filtration Solutions ICA AFS-BH407-IBF-KIT-ICA, Table 1 and paragraph 7.3.",07/03/2026,1985.50,,,3575.00,,12,300.00,,,,,,,,,,07/03/2027,,2285.50,,,,,,,,28,,8,,192.50,,,,,,,,No,10+ Days,,04/15/2027,,,,,,,,,,,
N407NW,IHC Health Services,10/04/2026,2093.00,0,25 DART BEARPAW,Airframe,2093.00,,0,3776.00,INSPECTION,,ICA,,300 HOUR/12 MONTH DART BEAR PAW INSPECTION,Ref. DART ICA-D206-559,,,,,,,07/03/2026,1985.50,,,3575.00,0,12,300.00,0,0.00,0.00,0,0,,0,0.00,0.00,07/03/2027,,2285.50,,,,,,,,28,,8,,192.50,,,,,,,,No,10+ Days,,04/15/2027,,,,,,,,,,,
N407NW,IHC Health Services,10/04/2026,2093.00,0,25 PARAVION 300HR/12M,Airframe,2093.00,,0,3776.00,INSPECTION,,ICA,,300 HOUR / 12 MONTH PARAVION AIR CONDITIONING SYSTEM,Ref. PR-407AC-120M,,,,,,,07/03/2026,1985.50,,,3575.00,0,12,300.00,0,0.00,0.00,0,0,,0,0.00,0.00,07/03/2027,,2285.50,,,,,,,,28,,8,,192.50,,,,,,,,No,10+ Days,,04/15/2027,,,,,,,,,,,
N407NW,IHC Health Services,10/04/2026,2093.00,0,25 PARAVION SNOW DEFL 300HR/12M,Airframe,2093.00,,0,3776.00,INSPECTION,,ICA,,300 HOUR/12 MONTH PARAVION SNOW DEFLECTOR AND DZUS HARDWARE INSPECTION,Paravion PR-206/407SD-120M REV. 4,,,,,,,07/02/2026,1985.50,,,3575.00,,12,300.00,,,,,,,,,,07/02/2027,,2285.50,,,,,,,,27,,8,,192.50,,,,,,,,No,10+ Days,,04/15/2027,,,,,,,,,,,
N407NW,IHC Health Services,10/04/2026,2093.00,0,53 04-300,Airframe,2093.00,,0,3776.00,INSPECTION,,AIRWORTHINESS,,300 HOUR TAILBOOM ASSEMBLY AIRWORTHINESS LIMITATIONS INSPECTION,DMC-407-A-04-00-00-00A-288A-A TABLE 2,,,,,,"REF. BHT-407-MPI, CH. 4 AIRWORTHINESS LIMITATIONS TABLE 2 DMC-407-A-04-00-00-00A-288A-A, Table 2 and Figure 5.",07/01/2026,1985.50,,,3575.00,0,0,300.00,0,0.00,0.00,0,0,,0,0.00,0.00,,,2285.50,,,,,,,,,,,,192.50,,,,,,,,No,10+ Days,,04/15/2027,,,,,,,,,,,
N407NW,IHC Health Services,10/04/2026,2093.00,0,72 300HR SCAVENGE FILTER,Engine 1,2592.20,4362.00,,,MAINTENANCE,,RII,,(RII) 300 HOUR ENGINE SCAVENGE OIL FILTER CHANGE (OPERATOR'S REQUEST),RR-M250-C47E/4 O&M Chapter 79-10-00,,,,,,**DO NOT CHANGE OIL AT THIS TIME IF NOT DUE**,07/06/2026,2484.70,,4212.00,,0,0,300.00,0,0.00,0.00,0,0,,0,0.00,0.00,,,2784.70,,,,,,,,,,,,192.50,,,,,,,,No,10+ Days,,04/15/2027,,,,,,,,,,RII,
N407NW,IHC Health Services,10/04/2026,2093.00,0,72 72/300,Engine 1,2592.20,4362.00,,,INSPECTION,,INSPECT,CAE-847339,300 HOUR/12 MONTH ENGINE INSPECTION,RR-M250-C47E/4-O&M Ch. 72-00-00-200-801 Table 6,,,,,,"**USE TABLE 6 ONLY DUE TO SERVICE WITH MOBIL 254 OIL (3RD GENERATION OIL)** In addition to the 150 hour inspection items, perform the following: **SEE SUB ITEMS**",07/16/2026,2484.70,,4212.00,,,12,300.00,,,,,,,,,,07/16/2027,,2784.70,,,,,,,,11,,9,,192.50,,,,,,,,No,10+ Days,,04/15/2027,,,,,,,,,,,
N407NW,IHC Health Services,10/04/2026,2093.00,0,AD 2018-10-06 AMD 39-19281,Airframe,2093.00,,0,3776.00,AD,,,,AD 2018-10-06 300 HOUR TAIL ROTOR DRIVE SHAFT,"AD 2018-10-06, Amend. 39-19281 Para. (e)(1)(3)",,,,,,Completed AD 2018-10-06 by inspecting each TR driveshaft segment assembly for rotational and axial play between the adapter and the TR driveshaft.,07/01/2026,1985.50,,,3575.00,,,300.00,,,,,,30.00,,,,,,2285.50,,,,,,,,,,,,192.50,,,,,,,,No,10+ Days,,04/15/2027,,,,,,,,,,,
N407LP,IHC Health Services,10/01/2026,4415.70,0,25 AFS IVF 300HR/12M,Airframe,4415.70,,0,11404.00,INSPECTION,,ICA,0210,300 HOUR/12 MONTH DONALDSON IVF FILTER CLEANING AND INSPECTION,AFS-BH407-IBF-KIT-ICA,,,,,,AFS-BH407-IBF-KIT-ICA.,09/16/2026,4406.00,,,11369.00,,12,300.00,,,,,,,,,,09/30/2027,,4706.00,,,,,,,,25,,11,,290.30,,,,,,,,No,10+ Days,,04/16/2027,,,,,,,,,,,
N407CN,IHC Health Services,10/02/2026,4963.50,0,25 AA CROSSTUBE 300HR/12M,Airframe,4963.50,,0,11871.00,INSPECTION,,ICA,,300 HOUR /12 MONTH AERONAUTICAL ACCESSORIES AFT CROSSTUBE INSPECTION,AERONAUTICAL ACCESSORIES AA-00061 REV. E,,,,,1.00,,07/14/2026,4908.90,,,11684.00,,12,300.00,,,,,,,,,,07/31/2027,,5208.90,,,,,,,,26,,9,,245.40,,,,,,,,No,10+ Days,,04/19/2027,,,,,,,,,,,
N307KH,IHC Health Services,10/03/2026,23110.00,0,72 72/300,Engine 1,7172.10,12338.00,,,INSPECTION,,INSPECT,CAE-848843,300 HOUR/12 MONTH ENGINE INSPECTION,RR M250-C47B OMM 72-00-00-200-801 TABLE 6,,,,,,"**USE TABLE 6 ONLY DUE TO SERVICE WITH MOBIL 254 OIL (3RD GENERATION OIL)** In addition to the 150 hour inspection items, perform the following: **SEE SUB ITEMS**",04/21/2026,7104.50,,12188.00,,,12,300.00,,,,,,,,,,04/21/2027,,7404.50,,,,,,,,16,,6,,232.40,,,,,,,,No,10+ Days,,04/21/2027,,,,,,,,,,,
N307KH,IHC Health Services,10/03/2026,23110.00,0,72 INSP 600HR/12MO,Engine 1,7172.10,12338.00,,,INSPECTION,,RII,CAE-848843,(RII) 600 HOUR/ 12 MONTH ENGINE OIL & SCAVENGE OIL FILTER CHANGE,"RR-C47B-O&M, 72-00-00 TBL 6 & 73-10-02",,,,,,"Filter is replaced when oil is changed as a HSU recommended item. Ref. Rolls-Royce M250-C47B-O&M, Chapter 72-00-00 Table 6 and Chapter 73-10-02.",04/21/2026,7104.50,,12188.00,,0,12,600.00,0,0.00,0.00,0,0,,0,0.00,0.00,04/21/2027,,7704.50,,,,,,,,16,,6,,532.40,,,,,,,,No,10+ Days,,04/21/2027,,,,,,,,,,,
N862YB,IHC Health Services,10/04/2026,2591.10,0,05 600/12M,Airframe,2591.10,,0,6688.00,INSPECTION,,INSPECT,,600 HOUR/12 MONTH AIRFRAME INSPECTION,DMC-407-A-05-40-00-10A-281A-A,,,,,,Ref. DMC-407-A-05-40-00-10A-281A-A.,09/30/2026,2584.80,,,6661.00,,12,600.00,,,,,36,60.00,,,,09/30/2027,,3184.80,,,,,,,,25,,11,,593.70,,,,,,,,No,10+ Days,,04/21/2027,,,,,,,,,,Monthly Planning,
N862YB,IHC Health Services,10/04/2026,2591.10,0,22 04-10 FUNCT CK,Airframe,2591.10,,0,6688.00,INSPECTION,,AIRWORTHINESS,65784,600HR /12M CHAPTER 4 AFCS TRIM ACTUATOR FUNCT CK,Ref. DMC-407-A-22-00-04A-340A-A,418-00862-701,65784,,,,This specific inspection is found in the Airworthiness Limitations Schedule in Chapter 4.,09/18/2026,2584.80,,,6661.00,0,12,600.00,0,0.00,0.00,0,0,,0,0.00,0.00,09/30/2027,,3184.80,,,,,,,,25,,11,,593.70,,,,,,,,No,10+ Days,,04/21/2027,,,,,,,,,,,
N862YB,IHC Health Services,10/04/2026,2591.10,0,22 04-10 FUNCT CK,Airframe,2591.10,,0,6688.00,INSPECTION,,AIRWORTHINESS,65791,600HR /12M CHAPTER 4 AFCS TRIM ACTUATOR FUNCT CK,Ref. DMC-407-A-22-00-04A-340A-A,418-00862-701,65791,,,,This specific inspection is found in the Airworthiness Limitations Schedule in Chapter 4.,09/18/2026,2584.80,,,6661.00,0,12,600.00,0,0.00,0.00,0,0,,0,0.00,0.00,09/30/2027,,3184.80,,,,,,,,25,,11,,593.70,,,,,,,,No,10+ Days,,04/21/2027,,,,,,,,,,,
N39KM,IHC Health Services,10/03/2026,3577.00,0,407-23-133,Airframe,3577.00,,0,8191.00,ASB,,,,HORIZONTAL STABILIZER AND CARGO HOOK FITTINGS - SELF LOCKING INSERTS INSPECTION,ASB 407-23-133,,,,,,300HR/12M RECURRING INSPECTION FOR AIRCRAFT AFFECTED.,10/02/2026,3574.80,,,8187.00,0,12,300.00,0,0.00,0.00,0,0,,0,0.00,0.00,10/02/2027,,3874.80,,,,,,,,27,,11,,297.80,,,,,,,,No,10+ Days,,04/21/2027,,,,,,,,,,,
N407CN,IHC Health Services,10/02/2026,4963.50,0,25 AA VERT FIN CAP W/LED,Airframe,4963.50,,0,11871.00,INSPECTION,,ICA,,300 HOUR/ 12 MONTH AERONAUTICAL ACCESSORIES VERTICAL FIN CAP WITH LED LIGHT INSPECTION,Aeronautical Accessories ICA AA-06111 REV. C,,,,,0.32,,07/19/2026,4912.00,,,11702.00,,12,300.00,,,,,,,,,,07/31/2027,,5212.00,,,,,,,,26,,9,,248.50,,,,,,,,No,10+ Days,,04/22/2027,,,,,,,,,,,
N407CN,IHC Health Services,10/02/2026,4963.50,0,25 AFS IVF 300HR/12M,Airframe,4963.50,,0,11871.00,INSPECTION,,ICA,IVFILTER,300 HOUR/12 MONTH DONALDSON IVF FILTER CLEANING AND INSPECTION,AFS-BH407-IBF-KIT-ICA,106251-101,0348,,,,,07/21/2026,4912.90,,,11710.00,,12,300.00,,,,,,,,,,07/31/2027,,5212.90,,,,,,,,26,,9,,249.40,,,,,,,,No,10+ Days,,04/22/2027,,,,,,,,,,,
N407CZ,IHC Health Services,10/04/2026,2432.60,0,25 REBTECH  200HR/12M,Airframe,2432.60,,0,5400.00,INSPECTION,,ICA,,200 HOUR/12 MONTH REBTECH NIGHT VISION INSPECTION,Rebtech ICA Document 98020407-ICA REV. H,,,,,,"200HOUR/12 MONTH REBTECH NVG INSPECTION. Ref. Rebtech ICA Document 98020407-ICA.

Complied with 100 HOUR/12 MONTH REBTECH NIGHT VISION INSPECTION PER Rebtech ICA Document 98020407-ICA REV. G.",10/03/2026,2432.60,,,5400.00,,12,200.00,,,,,,,,,,10/03/2027,,2632.60,,,,,,,,28,,11,,200.00,,,,,,,,No,10+ Days,,04/23/2027,,,,,,,,,,,
N407RU,IHC Health Services,09/23/2026,2043.40,0,05 1200HR,Airframe,2043.40,,0,3639.00,INSPECTION,,INSPECT,,1200 HOUR AIRFRAME INSPECTION,DMC-407-A-05-40-00-13A-281A-A,,,,,,"REF. BHT-407-MPI, CH. 5 DMC-407-A-05-40-00-13A-281A-A",01/27/2025,1146.60,,,,,,1200.00,,,,,,,,,,,,2346.60,,,,,,,,,,,,303.20,,,,,,,,No,10+ Days,,04/25/2027,,,,,,,,,,Monthly Planning,
N407RU,IHC Health Services,09/23/2026,2043.40,0,12 HYD TBL 3,Airframe,2043.40,,0,3639.00,PART,Life Limited,RII,,(RII) HYDRAULIC FILTER - RETIRE,DMC-407-A-12-00-00-00A-040A-A Table 3,05228-21-11328,No Lot Number,,,,"RETIRE AFTER 3 CLEANINGS, installed new ACTT: 1146.6, HSU WO: 6696",01/27/2025,1146.60,,,,,,1200.00,,,,,,30.00,,,,,,2346.60,,,,,,,,,,,,303.20,,,,,,,,No,10+ Days,,04/25/2027,0,,,0.00,,,,,,RII,
N407RU,IHC Health Services,09/23/2026,2043.40,0,63 22-11,Airframe,2043.40,,0,3639.00,INSPECTION,Overhaul,INSPECT,Disc,(RII) ROTOR BRAKE DISC - INSPECTION,NORTHWEST DYNAMICS B0244-OM,407-340-318-101,2656,,,,Ref. DMC-407-A-05-40-00-09A-281A-A & Northwest Dynamics BO244-0M SEC. 1.2.2.,01/27/2025,1146.60,,,,,,1200.00,,,,,,,,,,,,2346.60,,,,,,,,,,,,303.20,,,,,,,,No,10+ Days,,04/25/2027,,,,,,,,,,RII; Monthly Planning,
N407CN,IHC Health Services,10/02/2026,4963.50,0,25 AA FLT/FLOAT STEP 300HR/12M,Airframe,4963.50,,0,11871.00,INSPECTION,,ICA,,300 HOUR/12 MONTH AERONAUTICAL ACCESSORIES FLIGHTSTEP/FLOATSTEP INSPECTION,AERONAUTICAL ACCESSORIES AA-01162 REV. J,,,,,0.50,,07/24/2026,4919.30,,,11718.00,,12,300.00,,,,,,,,,,07/31/2027,,5219.30,,,,,,,,26,,9,,255.80,,,,,,,,No,10+ Days,,04/27/2027,,,,,,,,,,,
N7160V,IHC Health Services,10/04/2026,10771.90,0,05 600/12M,Airframe,10771.90,,0,27183.00,INSPECTION,,INSPECT,,600 HOUR/12 MONTH AIRFRAME INSPECTION,DMC-407-A-05-40-00-10A-281A-A,,,,,3.00,Ref. DMC-407-A-05-40-00-10A-281A-A.,04/21/2026,10602.10,,,26789.00,,12,600.00,,,,,36,60.00,,,,04/30/2027,,11202.10,,,,,,,,25,,6,,430.20,,,,,,,,No,10+ Days,,04/30/2027,,,,,,,,,,,
N407LP,IHC Health Services,10/01/2026,4415.70,0,05 600/12M,Airframe,4415.70,,0,11404.00,INSPECTION,,INSPECT,,600 HOUR/12 MONTH AIRFRAME INSPECTION,DMC-407-A-05-40-00-10A-281A-A,,,,,3.00,Ref. DMC-407-A-05-40-00-10A-281A-A.,04/24/2026,4186.40,,,10763.00,,12,600.00,,,,,36,60.00,,,,04/30/2027,,4786.40,,,,,,,,25,,6,,370.70,,,,,,,,No,10+ Days,,04/30/2027,,,,,,,,,,Monthly Planning,
N407JM,IHC Health Services,10/04/2026,5829.10,0,72 INSP 600HR/12MO,Engine 1,5126.30,8563.00,,,INSPECTION,None,RII,848248,(RII) 600 HOUR/ 12 MONTH ENGINE OIL & SCAVENGE OIL FILTER CHANGE,"RR-C47B-O&M, 72-00-00 TBL 6 & 73-10-02",,,,,3.00,"Filter is replaced when oil is changed as a HSU recommended item. Ref. Rolls-Royce M250-C47B-O&M, Chapter 72-00-00 Table 6 and Chapter 73-10-02.",04/27/2026,5019.70,,8387.00,,,12,600.00,,,,,,,,,,04/30/2027,,5619.70,,,,,,,,25,,6,,493.40,,,,,,,,No,10+ Days,,04/30/2027,,,,,,,,,,,
N407TH,IHC Health Services,10/03/2026,8845.50,2,24 25-01,Airframe,8845.50,,2,20680.00,PART,Overhaul,RII,,(RII) STARTER GENERATOR - OVERHAUL,"BHT-407-MPI, Ch.  5, Component Overhaul  Schedule",206-062-200-113,3682,,,2.50,"REF. BHT-407-MPI, CH. 5 COMPONENT OVERHAUL TABLE 1 DMC-407-A-05-10-00-02A-281A-A",07/31/2025,8156.40,,,19216.00,,,1000.00,,,,,,100.00,,,,,,9156.40,,,,,,,,,,,,310.90,,,,,,,,No,10+ Days,,04/30/2027,,0,,,0.00,,,,,RII,
N407CN,IHC Health Services,10/02/2026,4963.50,0,25 DART BEARPAW,Airframe,4963.50,,0,11871.00,INSPECTION,,ICA,,300 HOUR/12 MONTH DART BEAR PAW INSPECTION,DART ICA-D206-559 REV. 5,,,,,1.00,,07/31/2026,4927.10,,,11736.00,,12,300.00,,,,,,30.00,,,,07/31/2027,,5227.10,,,,,,,,26,,9,,263.60,,,,,,,,No,10+ Days,,05/04/2027,,,,,,,,,,,
N407CN,IHC Health Services,10/02/2026,4963.50,0,25 PARAVION SNOW DEFL 300HR/12M,Airframe,4963.50,,0,11871.00,INSPECTION,,ICA,,300 HOUR/12 MONTH PARAVION SNOW DEFLECTOR AND DZUS HARDWARE INSPECTION,Paravion PR-206/407SD-120M REV. 4,,,,,0.30,,07/31/2026,4927.10,,,11736.00,,12,300.00,,,,,,,,,,07/31/2027,,5227.10,,,,,,,,26,,9,,263.60,,,,,,,,No,10+ Days,,05/04/2027,,,,,,,,,,,
N407ZM,IHC Health Services,10/04/2026,5575.00,1722,05 1200HR/24MO,Airframe,5575.00,,1722,13725.00,INSPECTION,,INSPECT,,1200 HOUR/24 MONTH AIRFRAME INSPECTION,DMC-407-A-05-40-00-14A-281A-A,,,,,1.00,"REF. BHT-407-MPI, CH. 5 DMC-407-A-05-40-00-14A-281A-A",05/14/2025,4967.80,,,12316.00,,24,1200.00,,,,,73,120.00,,,,05/31/2027,,6167.80,,,,,,,,26,,7,,592.80,,,,,,,,No,10+ Days,,05/04/2027,,,,,,,,,,Monthly Planning,
N407TK,IHC Health Services,10/04/2026,5381.40,0,12 TBL 2,Airframe,5381.40,,0,15301.00,INSPECTION,,,,300 HOUR TAIL ROTOR DRIVE SHAFT & OIL COOLER BEARING LUBRICATION,DMC-407-A-12-00-00-00A-040A-A Table 2,,,,,1.00,"PERFORMED THE 300 HOUR TAIL ROTOR DRIVE SHAFT & OIL COOLER BEARING LUBRICATION ALL WORK DONE IAW Ref. DMC-407-A-12-00-00-00A-040A-A, Table 2.DMC-407-A-12-00-00-02A-242A-A,DMC-407-A-12-00-00-03A-242A-A.(NEXT DUE 05AUGUST2026 OR ACTT 5311.1)",07/03/2026,5296.80,,,15107.00,,,300.00,,,,,,30.00,,,,,,5596.80,,,,,,,,,,,,215.40,,,,,,,,No,10+ Days,,05/08/2027,,,,,,,,,,,
N407TK,IHC Health Services,10/04/2026,5381.40,0,12 TBL 3,Airframe,5381.40,,0,15301.00,INSPECTION,,,,300 HOUR/12 MONTH MAIN ROTOR TRANSMISSION OIL & FILTER CHANGE,DMC-407-A-12-00-00-00A-040A-A Table 3,,,,,1.50,"PERFORMED THE 300 HOUR/12 MONTH MAIN ROTOR TRANSMISSION OIL & FILTER CHANGE ALL WORK DONE IAW BHT-407-MM, Chapter 12, General, Table 3,DMC-407-A-12-00-00-01A-222A-A, DMC-407-A-12-00-00-03A-200A-A, DMC-407-A-A-12-00-00-00A-040A-A.TABLE 3 (NEXT DUE 05AUGUST2026 OR ACTT 5311.1)",07/03/2026,5296.80,,,15107.00,,12,300.00,,,,0,36,30.00,,,,07/31/2027,,5596.80,,,,,,,,26,,9,,215.40,,,,,,,,No,10+ Days,,05/08/2027,,,,,,,,,,,
N407TK,IHC Health Services,10/04/2026,5381.40,0,12 TBL 3,Airframe,5381.40,,0,15301.00,INSPECTION,,,,300 HOUR/12 MONTH TAIL ROTOR GEARBOX OIL CHANGE,DMC-407-A-12-00-00-00A-040A-A Table 3,,,,,0.50,"PERFORMED THE 300 HOUR/12 MONTH TAIL ROTOR GEARBOX OIL CHANGE ALL WORK DONE IAW Ref. BHT-407-MM,DMC-407-A-12-00-00-04A-200A-A, DMC-407-A-12-00-00-09A-222A-A, Chapter 12, General,  DMC-407-A-12-00-00-00A-040A-A Table 3.  (NEXT INSPECTION DUE: 05AUGUST2026 OR  ACTT 5311.",07/03/2026,5296.80,,,15107.00,,12,300.00,,,,0,36,30.00,,,,07/31/2027,,5596.80,,,,,,,,26,,9,,215.40,,,,,,,,No,10+ Days,,05/08/2027,,,,,,,,,,,
N407TK,IHC Health Services,10/04/2026,5381.40,0,25 AFS IBF 300HR/12M,Airframe,5381.40,,0,15301.00,INSPECTION,,ICA,1453,(RII) 300 HOUR/12 MONTH DONALDSON IBF FILTER CLEANING AND INSPECTION,AFS-BH407-IBF-KIT-ICA,106201-103,2172,,,2.00,,07/06/2026,5296.80,,,15107.00,,12,300.00,,,,,,,,,,07/06/2027,,5596.80,,,,,,,,1,,9,,215.40,,,,,,,,No,10+ Days,,05/08/2027,,,,,,,,,,,
N407CN,IHC Health Services,10/02/2026,4963.50,0,25 AFS IBF 300HR/12M,Airframe,4963.50,,0,11871.00,INSPECTION,,ICA,IBFILTER,(RII) 300 HOUR/12 MONTH DONALDSON IBF FILTER CLEANING AND INSPECTION,AFS-BH407-IBF-KIT-ICA,106201-103,2394,,,,"ICA AFS-BH407-IBF-KIT-ICA, TABLE 1",08/04/2026,4934.50,,,11752.00,,12,300.00,,,,,,,,,,08/31/2027,,5234.50,,,,,,,,26,,10,,271.00,,,,,,,,No,10+ Days,,05/10/2027,,,,,,,,,,RII,
N407BY,IHC Health Services,10/04/2026,1229.40,0,05 300HR- PERIODIC INSPECTION,Airframe,1229.40,,0,2649.00,INSPECTION,,INSPECT,,300 HOUR /12 MONTH PERIODIC AIRFRAME INSPECTION,DMC-407-A-05-40-00-06A-281A-A,,,,,24.00,"1. Do this inspection every 12 calendar months or every 300 hours of operation. 2. Do all six events of the airframe progressive inspection. Ref. DMC-407-A-05-40-00-06A-281A-A, Complete all 6 Progressive Inspection Events: DMC-407-A-05-40-00-00A-281A-A, DMC-407-A-05-40-00-01A-281A-A,DMC-407-A-05-40-00-02A-281A-A, DMC-407-A-05-40-00-03A-281A-A, DMC-407-A-05-40-00-04A-281A-A, DMC-407-A-05-40-00-05A-281A-A.",06/02/2026,1148.50,,,2497.00,,12,300.00,,,,,36,30.00,,,,06/30/2027,,1448.50,,,,,,,,25,,8,,219.10,,,,,,,,No,10+ Days,,05/12/2027,,,,,,,,,,,
N407BY,IHC Health Services,10/04/2026,1229.40,0,05 40-00-08A,Airframe,1229.40,,0,2649.00,INSPECTION,,INSPECT,,300 HOUR OPTIONAL EQUIPMENT INSPECTION,DMC-407-A-05-40-00-08A-281A-A,,,,,2.00,"Ref. DMC-407-A-05-40-00-08A-281A-A, Complete Inspection On All Currently Installed/Available Items.",06/02/2026,1148.50,,,2497.00,,,300.00,,,,,,30.00,,,,,,1448.50,,,,,,,,,,,,219.10,,,,,,,,No,10+ Days,,05/12/2027,,,,,,,,,,,
N407BY,IHC Health Services,10/04/2026,1229.40,0,12 HYD TBL 2,Airframe,1229.40,,0,2649.00,INSPECTION,,RII,,(RII) 300 HOUR/12 MONTH HYDRAULIC PUMP DRIVE SPLINE LUBRICATION,DMC-407-A-12-00-00-00A-040A-A Table 2,,,,,2.00,REF. BHT-407-MM CH. 12 SERVICING TABLE 2 DMC-407-A-12-00-00-00A-040A-A,06/02/2026,1148.50,,,2497.00,,12,300.00,,,,0,36,30.00,,,,06/30/2027,,1448.50,,,,,,,,25,,8,,219.10,,,,,,,,No,10+ Days,,05/12/2027,,,,,,,,,,RII,
N407BY,IHC Health Services,10/04/2026,1229.40,0,12 HYD TBL 3,Airframe,1229.40,,0,2649.00,INSPECTION,,RII,,(RII) 300 HOUR/12 MONTH HYDRAULIC FILTER CLEANING AND INSPECTION,DMC-407-A-12-00-00-00A-040A-A Table 3,,,,,1.50,,06/02/2026,1148.50,,,2497.00,,12,300.00,,,,0,36,30.00,,,,06/30/2027,,1448.50,,,,,,,,25,,8,,219.10,,,,,,,,No,10+ Days,,05/12/2027,,,,,,,,,,RII,
N407BY,IHC Health Services,10/04/2026,1229.40,0,12 HYD TBL 3,Airframe,1229.40,,0,2649.00,INSPECTION,,,,300 HOUR/12 MONTH HYDRAULIC FLUID CHANGE,DMC-407-A-12-00-00-00A-040A-A Table 3,,,,,0.10,Ref. DMC-407-A-12-00-00-00A-040A-A,06/02/2026,1148.50,,,2497.00,,12,300.00,,,,0,36,30.00,,,,06/30/2027,,1448.50,,,,,,,,25,,8,,219.10,,,,,,,,No,10+ Days,,05/12/2027,,,,,,,,,,,
N407BY,IHC Health Services,10/04/2026,1229.40,0,12 TBL 2,Airframe,1229.40,,0,2649.00,INSPECTION,,,,300 HOUR TAIL ROTOR DRIVE SHAFT & OIL COOLER BEARING LUBRICATION,DMC-407-A-12-00-00-00A-040A-A Table 2,,,,,0.50,Ref. DMC-407-A-12-00-00-00A-040A-A,06/02/2026,1148.50,,,2497.00,,,300.00,,,,,,30.00,,,,,,1448.50,,,,,,,,,,,,219.10,,,,,,,,No,10+ Days,,05/12/2027,,,,,,,,,,,
N407BY,IHC Health Services,10/04/2026,1229.40,0,12 TBL 3,Airframe,1229.40,,0,2649.00,INSPECTION,,,,300 HOUR/12 MONTH MAIN ROTOR TRANSMISSION OIL & FILTER CHANGE,DMC-407-A-12-00-00-00A-040A-A Table 3,,,,,3.00,"REF. BHT-407-MM, Chapter 12, General, Table 3, DMC-407-A-A-12-00-00-00A-040A-A.",06/02/2026,1148.50,,,2497.00,,12,300.00,,,,0,36,30.00,,,,06/30/2027,,1448.50,,,,,,,,25,,8,,219.10,,,,,,,,No,10+ Days,,05/12/2027,,,,,,,,,,,
N407BY,IHC Health Services,10/04/2026,1229.40,0,12 TBL 3,Airframe,1229.40,,0,2649.00,INSPECTION,,,,300 HOUR/12 MONTH TAIL ROTOR GEARBOX OIL CHANGE,DMC-407-A-12-00-00-00A-040A-A Table 3,,,,,1.00,"Ref. BHT-407-MM, Chapter 12, General,  DMC-407-A-12-00-00-00A-040A-A Table 3.",06/02/2026,1148.50,,,2497.00,,12,300.00,,,,0,36,30.00,,,,06/30/2027,,1448.50,,,,,,,,25,,8,,219.10,,,,,,,,No,10+ Days,,05/12/2027,,,,,,,,,,,
N407BY,IHC Health Services,10/04/2026,1229.40,0,53 04-300,Airframe,1229.40,,0,2649.00,INSPECTION,,AIRWORTHINESS,,300 HOUR TAILBOOM ASSEMBLY AIRWORTHINESS LIMITATIONS INSPECTION,"BHT-407-MM, Chapter 4, Airworthiness Limitations",,,,,16.00,"REF. BHT-407-MPI, CH. 4 AIRWORTHINESS LIMITATIONS TABLE 2 DMC-407-A-04-00-00-00A-288A-A.",06/02/2026,1148.50,,,2497.00,0,0,300.00,0,0.00,0.00,0,0,,0,0.00,0.00,,,1448.50,,,,,,,,,,,,219.10,,,,,,,,No,10+ Days,,05/12/2027,,,,,,,,,,,
N407BY,IHC Health Services,10/04/2026,1229.40,0,72 300HR SCAVENGE FILTER,Engine 1,1220.00,2175.00,,,MAINTENANCE,,RII,,(RII) 300 HOUR ENGINE SCAVENGE OIL FILTER CHANGE (OPERATOR'S REQUEST),RR-M250-C47E/4 O&M Chapter 79-10-00,,,,,,**DO NOT CHANGE OIL AT THIS TIME IF NOT DUE**,06/02/2026,1139.10,,2050.00,,0,0,300.00,0,0.00,0.00,0,0,,0,0.00,0.00,,,1439.10,,,,,,,,,,,,219.10,,,,,,,,No,10+ Days,,05/12/2027,,,,,,,,,,RII,
N407BY,IHC Health Services,10/04/2026,1229.40,0,72 72/300,Engine 1,1220.00,2175.00,,,INSPECTION,,INSPECT,CAE-847339,300 HOUR/12 MONTH ENGINE INSPECTION,RR-M250-C47E/4-O&M Ch. 72-00-00-200-801 Table 6,,,,,16.00,"**USE TABLE 6 ONLY DUE TO SERVICE WITH MOBIL 254 OIL (3RD GENERATION OIL)** In addition to the 150 hour inspection items, perform the following: **SEE SUB ITEMS**",06/02/2026,1139.10,,2050.00,,,12,300.00,,,,,,,,,,06/30/2027,,1439.10,,,,,,,,25,,8,,219.10,,,,,,,,No,10+ Days,,05/12/2027,,,,,,,,,,,
N407BY,IHC Health Services,10/04/2026,1229.40,0,AD 2018-10-06 AMD 39-19281,Airframe,1229.40,,0,2649.00,AD,,,,AD 2018-10-06 300 HOUR TAIL ROTOR DRIVE SHAFT,"AD 2018-10-06, Amend. 39-19281 Para. (e)(1)(3)",,,,,0.50,Completed AD 2018-10-06 by inspecting each TR driveshaft segment assembly for rotational and axial play between the adapter and the TR driveshaft.,06/02/2026,1148.50,,,2497.00,,,300.00,,,,,,30.00,,,,,,1448.50,,,,,,,,,,,,219.10,,,,,,,,No,10+ Days,,05/12/2027,,,,,,,,,,,
N407TK,IHC Health Services,10/04/2026,5381.40,0,25 AFS IVF 300HR/12M,Airframe,5381.40,,0,15301.00,INSPECTION,,ICA,0203,300 HOUR/12 MONTH DONALDSON IVF FILTER CLEANING AND INSPECTION,AFS-BH407-IBF-KIT-ICA,,,,,,"PERFORMED THE 300 HOUR/12 MONTH DONALDSON IVF FILTER CLEANING AND INSPECTION ALL WORK DONE IAW Ref. Donaldson Filtration Solutions ICA AFS-BH407-IBF-KIT-ICA( THIS ICA FOR THE IVF INSPECTION IS INCORPARATED), Table 1 and paragraph 7.3. REMOVED OLD IVF FILTER P/N 106251-101 S/N 0210 and installed New filter P/N 106251-101 S/N 0410 with 0 cleanings. next due @ 12 JULY 26 or 5600.8 ACTT.
 Ref. Donaldson Filtration Solutions ICA AFS-BH407-IBF-KIT-ICA, Table 1 and paragraph 7.3.",07/12/2026,5300.80,,,15114.00,,12,300.00,,,,,,,,,,07/12/2027,,5600.80,,,,,,,,7,,9,,219.40,,,,,,,,No,10+ Days,,05/12/2027,,,,,,,,,,,
N407CH,IHC Health Services,10/04/2026,17743.70,1,63 22-11,Airframe,17743.70,,1,43738.00,INSPECTION,Overhaul,INSPECT,DISC,(RII) ROTOR BRAKE DISC - INSPECTION,"BHT-407-CR&O-V, Chapter 63",407-340-318-101,2521,,,,,03/29/2025,16708.90,,,42005.00,,,1200.00,,,,,,,,,,,,17908.90,,,,,,,,,,,,165.20,,,,,,,,No,10+ Days,,05/13/2027,,,,,,,,,,RII; Monthly Planning; Maintenance Planning,
N407PW,IHC Health Services,10/04/2026,1441.00,0,25 GARMIN BONDING TEST,Airframe,1441.00,,0,1740.00,INSPECTION,,ICA,,2000 HOUR/ 10 YEAR ELECTRICAL BONDING TEST FOR GTS 800 TRAFFIC ADVISORY SYSTEM AND GTX 345R TRANSPONDER,GARMIN G100H NXI 190-02271-00 REV.2,,,,,,MANUAL FOUND IN BELL 407 GXi COMPONENT MAINTENANCE MANUAL VENDOR DATA,08/01/2023,0.00,,,,0,120,2000.00,0,0.00,0.00,0,0,,0,0.00,0.00,08/01/2033,,2000.00,,,,,,,,27,,81,,559.00,,,,,,,,No,10+ Days,,05/16/2027,,,,,,,,,,,
N407PW,IHC Health Services,10/04/2026,1441.00,0,72 00-11,Engine 1,1441.00,1542.00,,,PART,Overhaul,RII,CAE-848668,(RII) ENGINE FUEL NOZZLE - OVERHAUL,Rolls-Royce Publication CSP21001,M250-10604,VNAAA58256,,,,,04/17/2023,0.00,,0.00,,,,2000.00,,,,,,,,,,,,2000.00,,,,,,,,,,,,559.00,,,,,,,,No,10+ Days,,05/16/2027,,,,,0.00,,,,,RII; Monthly Planning,
N407PW,IHC Health Services,10/04/2026,1441.00,0,72 30-00,Engine 1,1441.00,1542.00,,,PART,None,INSPECT,CAE-848668,ENGINE - COMPRESSOR,,M250-10559,CAC-47098,,,,,04/17/2023,0.00,,0.00,,,,2000.00,,,,,,,,,,,,2000.00,,,,,,,,,,,,559.00,,,,,,,,No,10+ Days,,05/16/2027,,,,,,,,,,,
N407PW,IHC Health Services,10/04/2026,1441.00,0,72 50-10,Engine 1,1441.00,1542.00,,,PART,Overhaul,RII,CAE-848668,(RII) TURBINE - OVERHAUL,,M250-10557,CAT-46416,,,,,04/17/2023,0.00,,0.00,,,,2000.00,,,,,,,,,,,,2000.00,,,,,,,,,,,,559.00,,,,,,,,No,10+ Days,,05/16/2027,,,,,0.00,,,,,RII,
N407PW,IHC Health Services,10/04/2026,1441.00,0,72 INSP 2000HR,Engine 1,1441.00,1542.00,,,INSPECTION,,INSPECT,CAE-848668,2000 HOUR ENGINE INSPECTION,RR-M250-C47E/4-O&M Ch. 72-00-00-200-801 Table 6.,,,,,,This inspection is typically completed at an Overhaul facility.,08/01/2023,0.00,,,,,,2000.00,,,,,,,,,,,,2000.00,,,,,,,,,,,,559.00,,,,,,,,No,10+ Days,,05/16/2027,,,,,,,,,,,
N407FC,IHC Health Services,10/05/2026,14985.10,0,63 22-02,Airframe,14985.10,,0,33090.00,INSPECTION,None,INSPECT,CaliperS,(RII) ROTOR BRAKE CALIPER INSPECTION - 600 HOUR AIRFRAIME INSPECTION,"Northwest Dynamics, INC. DOC. B0223-OM, Sec. 1.2.",407-340-302-103,1112,,,,"NORTHWESTERN DYNAMICS DOC B0223-OM4 or
B0244-OM",07/08/2026,14832.60,,,32770.00,,,600.00,,,,,,,,,,,,15432.60,,,,,,,,,,,,447.50,,,,,,,,No,10+ Days,,05/17/2027,,,,,,,,,,RII,
N407FC,IHC Health Services,10/05/2026,14985.10,0,63 22-06,Airframe,14985.10,,0,33090.00,INSPECTION,None,INSPECT,Caliper,(RII) ROTOR BRAKE CALIPER INSPECTION - 600 HOUR AIRFRAME INSPECTION,"Northwest Dynamics, INC. DOC. B0223-OM, Sec. 1.2.",407-340-302-103,1116,,,,"Northwest Dynamics, INC. DOC. B0223-OM, Sec. 1.2.",07/08/2026,14832.60,,,32770.00,,,600.00,,,,,,,,,,,,15432.60,,,,,,,,,,,,447.50,,,,,,,,No,10+ Days,,05/17/2027,,,,,,,,,,,
N407FC,IHC Health Services,10/05/2026,14985.10,0,72 INSP 600HR/12MO,Engine 1,13985.20,27327.00,,,INSPECTION,,RII,,(RII) 600 HOUR/ 12 MONTH ENGINE OIL & SCAVENGE OIL FILTER CHANGE,"RR-C47B-O&M, 72-00-00 TBL 6 & 73-10-02",,,,,,"Filter is replaced when oil is changed as a HSU recommended item. Ref. Rolls-Royce M250-C47B-O&M, Chapter 72-00-00 Table 6 and Chapter 73-10-02.",07/06/2026,13832.70,,27038.00,,,12,600.00,,,,,,,,,,07/31/2027,,14432.70,,,,,,,,26,,9,,447.50,,,,,,,,No,10+ Days,,05/17/2027,,,,,,,,,,RII,
N407LF,IHC Health Services,10/05/2026,5349.30,17156,05 DOOR PIN CLASSIC RECOMMEND,Airframe,5349.30,,17156,13084.00,INSPECTION,,,,300 HOUR / 12 MONTH JETTISONABLE DOOR PIN INSPECTION - CLASSIC RECOMMENDATION,DMC-407-A-52-10-00-05A-280A-A,,,,,0.50,REF: DMC-407-A-52-10-00-05A-280A-A,07/18/2026,5278.40,,,12936.00,0,12,300.00,0,0.00,0.00,0,0,,0,0.00,0.00,07/18/2027,,5578.40,,,,,,,,13,,9,,229.10,,,,,,,,No,10+ Days,,05/22/2027,,,,,,,,,,,
N407LF,IHC Health Services,10/05/2026,5349.30,17156,25 337 SNAP VENT,Airframe,5349.30,,17156,13084.00,INSPECTION,,ICA,,300 HOUR WINDOW SNAP VENT INSPECTION,FAA 337 DATED 01/06/2015,,,,,0.50,FAA 337 FORM FOUND IN ATTACHMENTS DATED 01/06/2015,07/18/2026,5278.40,,,12936.00,,,300.00,,,,,,,,,,,,5578.40,,,,,,,,,,,,229.10,,,,,,,,No,10+ Days,,05/22/2027,,,,,,,,,,,
N407LF,IHC Health Services,10/05/2026,5349.30,17156,25 337 WHELEN LOADING LIGHTS,Airframe,5349.30,,17156,13084.00,INSPECTION,,ICA,,300 HOUR/12 MONTH WHELEN LOADING LIGHT INSPECTION,FAA FORM 337 DATED 12/16/2014,,,,,0.10,FAA 337 FORM ATTACHED DATED  12/16/2014,07/18/2026,5278.40,,,12936.00,,12,300.00,,,,,,,,,,07/31/2027,,5578.40,,,,,,,,26,,9,,229.10,,,,,,,,No,10+ Days,,05/22/2027,,,,,,,,,,,
N407LF,IHC Health Services,10/05/2026,5349.30,17156,25 AA FLT/FLOAT STEP 300HR/12M,Airframe,5349.30,,17156,13084.00,INSPECTION,,ICA,,300 HOUR/12 MONTH AERONAUTICAL ACCESSORIES FLIGHTSTEP/FLOATSTEP INSPECTION,AERONAUTICAL ACCESSORIES AA-01162 REV. J,,,,,1.00,,07/18/2026,5278.40,,,12936.00,,12,300.00,,,,,,,,,,07/31/2027,,5578.40,,,,,,,,26,,9,,229.10,,,,,,,,No,10+ Days,,05/22/2027,,,,,,,,,,,
N407LF,IHC Health Services,10/05/2026,5349.30,17156,25 AFS IBF 300HR/12M,Airframe,5349.30,,17156,13084.00,INSPECTION,,ICA,IBF,(RII) 300 HOUR/12 MONTH DONALDSON IBF FILTER CLEANING AND INSPECTION,AFS-BH407-IBF-KIT-ICA,,,,,,"Ref. Donaldson Filtration Solutions ICA AFS-BH407-IBF-KIT-ICA, Table 1 and paragraph 7.3.",07/18/2026,5278.40,,,12936.00,0,12,300.00,0,0.00,0.00,0,0,,0,0.00,0.00,07/31/2027,,5578.40,,,,,,,,26,,9,,229.10,,,,,,,,No,10+ Days,,05/22/2027,,,,,,,,,,RII,
N407LF,IHC Health Services,10/05/2026,5349.30,17156,25 AFS IVF 300HR/12M,Airframe,5349.30,,17156,13084.00,INSPECTION,Life Limited,ICA,IVF 0220,300 HOUR/12 MONTH DONALDSON IVF FILTER CLEANING AND INSPECTION,AFS-BH407-IBF-KIT-ICA,106251-101,0220,,,0.50,"Ref. Donaldson Filtration Solutions ICA AFS-BH407-IBF-KIT-ICA, Table 1 and paragraph 7.3.",07/18/2026,5278.40,,,12936.00,,12,300.00,,,,,,,,,,07/18/2027,,5578.40,,,,,,,,13,,9,,229.10,,,,,,,,No,10+ Days,,05/22/2027,,,,,,,,,,,
N407LF,IHC Health Services,10/05/2026,5349.30,17156,25 DART BEARPAW,Airframe,5349.30,,17156,13084.00,INSPECTION,,ICA,,300 HOUR/12 MONTH DART BEAR PAW INSPECTION,DART ICA-D206-559 REV. 5,,,,,1.00,,07/18/2026,5278.40,,,12936.00,,12,300.00,,,,,,,,,,07/31/2027,,5578.40,,,,,,,,26,,9,,229.10,,,,,,,,No,10+ Days,,05/22/2027,,,,,,,,,,,
N407LF,IHC Health Services,10/05/2026,5349.30,17156,25 LIFEPORT CARRIAGE 300HR,Airframe,5349.30,,17156,13084.00,INSPECTION,,ICA,,300 HOUR LIFEPORT AIR MED CARRIAGE SYSTEM INSPECTION,LIFEPORT DOC. EGR-511-12,,,,,,,07/18/2026,5278.40,,,12936.00,0,0,300.00,0,0.00,0.00,0,0,,0,0.00,0.00,,,5578.40,,,,,,,,,,,,229.10,,,,,,,,No,10+ Days,,05/22/2027,,,,,,,,,,,
N407LF,IHC Health Services,10/05/2026,5349.30,17156,25 PARAVION SNOW DEFL 300HR/12MO,Airframe,5349.30,,17156,13084.00,INSPECTION,,ICA,,300 HOUR/12 MONTH PARAVION SNOW DEFLECTOR AND DZUS HARDWARE INSPECTION,Paravion PR-206/407SD-120M REV. 4,,,,,0.50,,07/18/2026,5278.40,,,12936.00,,12,300.00,,,,,,,,,,07/31/2027,,5578.40,,,,,,,,26,,9,,229.10,,,,,,,,No,10+ Days,,05/22/2027,,,,,,,,,,,
N407LF,IHC Health Services,10/05/2026,5349.30,17156,53 04-300,Airframe,5349.30,,17156,13084.00,INSPECTION,,AIRWORTHINESS,,300 HOUR TAILBOOM ASSEMBLY AIRWORTHINESS LIMITATIONS INSPECTION,DMC-407-A-04-00-00-00A-288A-A TABLE 2,,,,,0.30,"Ref. DMC-407-A-04-00-00-00A-288A-A, Table 2 and Figure 5.",07/18/2026,5278.40,,,12936.00,,,300.00,,,,,,,,,,,,5578.40,,,,,,,,,,,,229.10,,,,,,,,No,10+ Days,,05/22/2027,,,,,,,,,,,
N407LF,IHC Health Services,10/05/2026,5349.30,17156,72 72/300,Engine 1,2738.40,4125.00,,,INSPECTION,,INSPECT,CAE-847339,300 HOUR/12 MONTH ENGINE INSPECTION,RR M250-C47B OMM 72-00-00-200-801 TABLE 6,23063392,CAE-848427,,,,"**USE TABLE 6 ONLY DUE TO SERVICE WITH MOBIL 254 OIL (3RD GENERATION OIL)** In addition to the 150 hour inspection items, perform the following: **SEE SUB ITEMS**",07/18/2026,2667.50,,4020.00,,,12,300.00,,,,,,,,,,07/18/2027,,2967.50,,,,,,,,13,,9,,229.10,,,,,,,,No,10+ Days,,05/22/2027,,,,,,,,,,,
N407CP,IHC Health Services,10/04/2026,10206.30,1,63 22-02,Airframe,10206.30,,1,22355.00,INSPECTION,None,INSPECT,,(RII) ROTOR BRAKE CALIPER INSPECTION - 600 HOUR AIRFRAME INSPECTION,"BHT-407-CR&O-V, Chapter 63",,,,,,"REF. NORTHWEST DYNAMICS B0223-OM, SECTION 1.",02/03/2026,9951.60,,,21734.00,,,600.00,,,,,,,,,,,,10551.60,,,,,,,,,,,,345.30,,,,,,,,No,10+ Days,,05/23/2027,,,,,,,,,,RII; Monthly Planning,
N407CP,IHC Health Services,10/04/2026,10206.30,1,63 22-06,Airframe,10206.30,,1,22355.00,INSPECTION,None,INSPECT,,(RII) ROTOR BRAKE CALIPER INSPECTION - 600 HOUR AIRFRAME INSPECTION,"BHT-407-CR&O-V, Chapter 63",,,,,,"REF. NORTHWEST DYNAMICS B0223-OM, SECTION 1.",02/03/2026,9951.60,,,21734.00,,,600.00,,,,,,,,,,,,10551.60,,,,,,,,,,,,345.30,,,,,,,,No,10+ Days,,05/23/2027,,,,,,,,,,RII; Monthly Planning,
N407TK,IHC Health Services,10/04/2026,5381.40,0,AD 2018-10-06 AMD 39-19281,Airframe,5381.40,,0,15301.00,AD,,,,AD 2018-10-06 300 HOUR TAIL ROTOR DRIVE SHAFT,"AD 2018-10-06, Amend. 39-19281 Para. (e)(1)(3)",,,,,0.50,"Accomplished the AD 2018-10-06  T/R driveshaft inspection. ""NO DEFECTS NOTED AT THIS TIME"". ALL WORK DONE IAW THE REFERENCE OF THE AD 2018-10-06 . No rotational or axial play between Adapter and TR Driveshaft.",07/27/2026,5312.00,,,15145.00,,,300.00,,,,,,30.00,,,,,,5612.00,,,,,,,,,,,,230.60,,,,,,,,No,10+ Days,,05/23/2027,,,,,,,,,,,
N407TK,IHC Health Services,10/04/2026,5381.40,0,53 04-300,Airframe,5381.40,,0,15301.00,INSPECTION,,AIRWORTHINESS,,300 HOUR TAILBOOM ASSEMBLY AIRWORTHINESS LIMITATIONS INSPECTION,"BHT-407-MM, Chapter 4, Airworthiness Limitations",,,,,1.00,"ACCOMPLISHED THE  300 HOUR TAILBOOM ASSEMBLY AIRWORTHINESS LIMITATIONS INSPECTION N407TK TAILBOOM P/N 407-030-801-221 S/N BP-U1835. ALL WORK DONE IAW REF. BHT-407-MPI, CH. 4 AIRWORTHINESS LIMITATIONS TABLE 2 DMC-407-A-04-00-00-00A-288A-A.(NO DEFECTS NOTED AT THIS TIME)",07/29/2026,5313.20,,,15150.00,0,0,300.00,0,0.00,0.00,0,0,,0,0.00,0.00,,,5613.20,,,,,,,,,,,,231.80,,,,,,,,No,10+ Days,,05/25/2027,,,,,,,,,,,
N466GH,IHC Health Services,10/04/2026,3267.50,0,72 00-15,Engine 1,2722.50,4522.00,,,PART,Overhaul,RII,CAE-847339,(RII)  HYDROMECHANICAL  UNIT  ( HMU) - OVERHAUL,,23078029,JGALM1282,,,,,11/11/2024,1769.10,,3252.00,,,,2500.00,,,,,,,,,,,,3186.90,,,,,,,,,,,,464.40,,,,,,,,No,10+ Days,,05/25/2027,,,,5998.20,1082.20,,,,,RII,
N307KH,IHC Health Services,10/03/2026,23110.00,0,25 AFS IBF 300HR/12M,Airframe,23110.00,,0,81023.00,INSPECTION,,ICA,IBFILTER,(RII) 300 HOUR/12 MONTH DONALDSON IBF FILTER CLEANING AND INSPECTION,AFS-BH407-IBF-KIT-ICA REV. G,106201-103,2139,,,,,07/20/2026,23042.40,,,80870.00,,12,300.00,,,,,,,,,,07/31/2027,,23342.40,,,,,,,,26,,9,,232.40,,,,,,,,No,10+ Days,,05/25/2027,,,,,,,,,,RII,
N307KH,IHC Health Services,10/03/2026,23110.00,0,407-23-133,Airframe,23110.00,,0,81023.00,ASB,,,,HORIZONTAL STABILIZER AND CARGO HOOK FITTINGS - SELF LOCKING INSERTS INSPECTION,ASB 407-23-133,,,,,,300HR/12M RECURRING INSPECTION FOR AIRCRAFT AFFECTED.,07/17/2026,23042.40,,,80870.00,0,12,300.00,0,0.00,0.00,0,0,,0,0.00,0.00,07/17/2027,,23342.40,,,,,,,,12,,9,,232.40,,,,,,,,No,10+ Days,,05/25/2027,,,,,,,,,,,
N307KH,IHC Health Services,10/03/2026,23110.00,0,AD 2018-10-06 AMD 39-19281,Airframe,23110.00,,0,81023.00,AD,,,,AD 2018-10-06 300 HOUR TAIL ROTOR DRIVE SHAFT,"AD 2018-10-06, Amend. 39-19281 Para. (e)(1)(3)",,,,,0.50,Completed AD 2018-10-06 by inspecting each TR driveshaft segment assembly for rotational and axial play between the adapter and the TR driveshaft.,07/17/2026,23042.40,,,80870.00,,,300.00,,,,,,30.00,,,,,,23342.40,,,,,,,,,,,,232.40,,,,,,,,No,10+ Days,,05/25/2027,,,,,,,,,,,
N407PW,IHC Health Services,10/04/2026,1441.00,0,72 50-11,Engine 1,1441.00,1542.00,,,PART,Life Limited,,,1ST STAGE WHEEL,,M250-10226,X677885,,,,,04/17/2023,0.00,,0.00,,,,2025.00,,3000.00,,,,,,,,,,2025.00,,,,3000.00,,,,,,,,584.00,,,,1458.00,,,,No,10+ Days,,05/26/2027,,,,0.00,,,,,,Monthly Planning,
N407PW,IHC Health Services,10/04/2026,1441.00,0,72 50-12,Engine 1,1441.00,1542.00,,,PART,Life Limited,,,2ND STAGE WHEEL,,M250-10657,X681895,,,,,04/17/2023,0.00,,0.00,,,,2025.00,,3000.00,,,,,,,,,,2025.00,,,,3000.00,,,,,,,,584.00,,,,1458.00,,,,No,10+ Days,,05/26/2027,,,,0.00,,,,,,Monthly Planning,
N407NW,IHC Health Services,10/04/2026,2093.00,0,05 1200HR,Airframe,2093.00,,0,3776.00,INSPECTION,,INSPECT,,1200 HOUR AIRFRAME INSPECTION,DMC-407-A-05-40-00-13A-281A-A,,,,,2.00,"REF. BHT-407-MPI, CH. 5 DMC-407-A-05-40-00-13A-281A-A",08/14/2025,1127.30,,,2142.00,,,1200.00,,,,,,120.00,,,,,,2327.30,,,,,,,,,,,,234.30,,,,,,,,No,10+ Days,,05/27/2027,,,,,,,,,,Monthly Planning,
N407NW,IHC Health Services,10/04/2026,2093.00,0,05 40-00-14A,Airframe,2093.00,,0,3776.00,INSPECTION,,INSPECT,,1200 HOUR/24 MONTH AIRFRAME INSPECTION,"BHT-407-MPI, Chapter 5, Scheduled Inspections",,,,,,"REF. BHT-407-MPI, CH. 5 DMC-407-A-05-40-00-14A-281A-A",08/14/2025,1127.30,,,2142.00,,24,1200.00,,,,,73,120.00,,,,08/14/2027,,2327.30,,,,,,,,9,,10,,234.30,,,,,,,,No,10+ Days,,05/27/2027,,,,,,,,,,Monthly Planning,
N407NW,IHC Health Services,10/04/2026,2093.00,0,12 HYD TBL 3,Airframe,2093.00,,0,3776.00,PART,Life Limited,RII,,(RII) HYDRAULIC FILTER - RETIRE,DMC-407-A-12-00-00-00A-040A-A Table 3,206-076-034-003,No Lot Number,,,,RETIRE AFTER 3 CLEANINGS -,08/13/2025,1127.30,,,2142.00,,,1200.00,,,,,,30.00,,,,,,2327.30,,,,,,,,,,,,234.30,,,,,,,,No,10+ Days,,05/27/2027,0,0,0,0.00,0.00,0.00,,,,RII,
N407CN,IHC Health Services,10/02/2026,4963.50,0,05 300HR- PERIODIC INSPECTION,Airframe,4963.50,,0,11871.00,INSPECTION,,INSPECT,,300 HOUR /12 MONTH PERIODIC AIRFRAME INSPECTION,DMC-407-A-05-40-00-06A-281A-A,,,,,20.00,"1. Do this inspection every 12 calendar months or every 300 hours of operation. 2. Do all six events of the airframe progressive inspection. Ref. DMC-407-A-05-40-00-06A-281A-A, Complete all 6 Progressive Inspection Events: DMC-407-A-05-40-00-00A-281A-A, DMC-407-A-05-40-00-01A-281A-A,DMC-407-A-05-40-00-02A-281A-A, DMC-407-A-05-40-00-03A-281A-A, DMC-407-A-05-40-00-04A-281A-A, DMC-407-A-05-40-00-05A-281A-A.",09/25/2026,4956.90,,,11835.00,,12,300.00,,,,,36,30.00,,,,09/30/2027,,5256.90,,,,,,,,25,,11,,293.40,,,,,,,,No,10+ Days,,05/27/2027,,,,,,,,,,,
N407CN,IHC Health Services,10/02/2026,4963.50,0,05 40-00-08A,Airframe,4963.50,,0,11871.00,INSPECTION,,INSPECT,,300 HOUR OPTIONAL EQUIPMENT INSPECTION,Ref. DMC-407-A-05-40-00-08A-281A-A,,,,,2.00,"Ref. DMC-407-A-05-40-00-08A-281A-A, Complete Inspection On All Currently Installed/Available Items.",09/25/2026,4956.90,,,11835.00,,,300.00,,,,,,30.00,,,,,,5256.90,,,,,,,,,,,,293.40,,,,,,,,No,10+ Days,,05/27/2027,,,,,,,,,,,
N407CN,IHC Health Services,10/02/2026,4963.50,0,12 HYD TBL 2,Airframe,4963.50,,0,11871.00,INSPECTION,,RII,,(RII) 300 HOUR/12 MONTH HYDRAULIC PUMP DRIVE SPLINE LUBRICATION,DMC-407-A-12-00-00-00A-040A-A Table 2,,,,,1.00,,09/25/2026,4956.90,,,11835.00,,12,300.00,,,,0,36,30.00,,,,09/30/2027,,5256.90,,,,,,,,25,,11,,293.40,,,,,,,,No,10+ Days,,05/27/2027,,,,,,,,,,RII,
N407CN,IHC Health Services,10/02/2026,4963.50,0,12 HYD TBL 3,Airframe,4963.50,,0,11871.00,INSPECTION,,RII,,(RII) 300 HOUR/12 MONTH HYDRAULIC FILTER CLEANING AND INSPECTION,DMC-407-A-12-00-00-00A-040A-A Table 3,,,,,2.00,,09/25/2026,4956.90,,,11835.00,,12,300.00,,,,0,36,30.00,,,,09/30/2027,,5256.90,,,,,,,,25,,11,,293.40,,,,,,,,No,10+ Days,,05/27/2027,,,,,,,,,,RII,
N407CN,IHC Health Services,10/02/2026,4963.50,0,12 HYD TBL 3,Airframe,4963.50,,0,11871.00,INSPECTION,,,,300 HOUR/12 MONTH HYDRAULIC FLUID CHANGE,DMC-407-A-12-00-00-00A-040A-A Table 3,,,,,0.20,,09/25/2026,4956.90,,,11835.00,,12,300.00,,,,0,36,30.00,,,,09/30/2027,,5256.90,,,,,,,,25,,11,,293.40,,,,,,,,No,10+ Days,,05/27/2027,,,,,,,,,,,
N407CN,IHC Health Services,10/02/2026,4963.50,0,12 TBL 1,Airframe,4963.50,,0,11871.00,INSPECTION,,RII,,(RII) 300 HOUR AIRFRAME FUEL FILTER INSPECTION AND CHANGE,DMC-407-A-12-00-00-00A-040A-A,,,,,2.00,**Additional Fuel System Operational Check Required per Ref. DMC-407-A-28-00-00-00A-320A-A after completion.**,09/25/2026,4956.90,,,11835.00,,,300.00,,,,,,30.00,,,,,,5256.90,,,,,,,,,,,,293.40,,,,,,,,No,10+ Days,,05/27/2027,,,,,,,,,,RII,
N407CN,IHC Health Services,10/02/2026,4963.50,0,12 TBL 2,Airframe,4963.50,,0,11871.00,INSPECTION,,,,300 HOUR TAIL ROTOR DRIVE SHAFT & OIL COOLER BEARING LUBRICATION,DMC-407-A-12-00-00-00A-040A-A Table 2,,,,,0.50,,09/25/2026,4956.90,,,11835.00,,,300.00,,,,,,30.00,,,,,,5256.90,,,,,,,,,,,,293.40,,,,,,,,No,10+ Days,,05/27/2027,,,,,,,,,,,
N407CN,IHC Health Services,10/02/2026,4963.50,0,12 TBL 3,Airframe,4963.50,,0,11871.00,INSPECTION,,,,300 HOUR/12 MONTH MAIN ROTOR TRANSMISSION OIL & FILTER CHANGE,DMC-407-A-12-00-00-00A-040A-A Table 3,,,,,1.00,,09/25/2026,4956.90,,,11835.00,,12,300.00,,,,0,36,30.00,,,,09/30/2027,,5256.90,,,,,,,,25,,11,,293.40,,,,,,,,No,10+ Days,,05/27/2027,,,,,,,,,,,
N407CN,IHC Health Services,10/02/2026,4963.50,0,12 TBL 3,Airframe,4963.50,,0,11871.00,INSPECTION,,,,300 HOUR/12 MONTH TAIL ROTOR GEARBOX OIL CHANGE,DMC-407-A-12-00-00-00A-040A-A Table 3,,,,,0.50,,09/25/2026,4956.90,,,11835.00,,12,300.00,,,,0,36,30.00,,,,09/30/2027,,5256.90,,,,,,,,25,,11,,293.40,,,,,,,,No,10+ Days,,05/27/2027,,,,,,,,,,,
N407CN,IHC Health Services,10/02/2026,4963.50,0,72 72/300,Engine 1,9052.70,12677.00,,,INSPECTION,,INSPECT,CAE-847115,300 HOUR/12 MONTH ENGINE INSPECTION,RR M250-C47B OMM 72-00-00-200-801 TABLE 6,,,,,,"**USE TABLE 6 ONLY DUE TO SERVICE WITH MOBIL 254 OIL (3RD GENERATION OIL)** In addition to the 150 hour inspection items, perform the following: **SEE SUB ITEMS**",09/25/2026,9046.10,,12658.00,,,12,300.00,,,,,,,,,,09/30/2027,,9346.10,,,,,,,,25,,11,,293.40,,,,,,,,No,10+ Days,,05/27/2027,,,,,,,,,,,
N407CN,IHC Health Services,10/02/2026,4963.50,0,407-23-133,Airframe,4963.50,,0,11871.00,ASB,,,,HORIZONTAL STABILIZER AND CARGO HOOK FITTINGS - SELF LOCKING INSERTS INSPECTION,ASB 407-23-133,,,,,,300HR/12M RECURRING INSPECTION FOR AIRCRAFT AFFECTED.,09/25/2026,4956.90,,,11835.00,0,12,300.00,0,0.00,0.00,0,0,,0,0.00,0.00,09/30/2027,,5256.90,,,,,,,,25,,11,,293.40,,,,,,,,No,10+ Days,,05/27/2027,,,,,,,,,,,
N407CN,IHC Health Services,10/02/2026,4963.50,0,AD 2012-18-09 AMD 39-17185,Airframe,4963.50,,0,11871.00,AD,,,,AD 2012-18-09 ROTORCRAFT TAILBOOM HARDWARE ATTACHMENT,"AD 2012-18-09, Amend. 39-17185",,,,,1.00,,09/25/2026,4956.90,,,11835.00,,,300.00,,,,,,,,,,,,5256.90,,,,,,,,,,,,293.40,,,,,,,,No,10+ Days,,05/27/2027,,,,,,,,,,,
N407CN,IHC Health Services,10/02/2026,4963.50,0,AD 2018-10-06 AMD 39-19281,Airframe,4963.50,,0,11871.00,AD,,,,AD 2018-10-06 300 HOUR TAIL ROTOR DRIVE SHAFT,"AD 2018-10-06, Amend. 39-19281 Para. (e)(1)(3)",,,,,0.50,Completed AD 2018-10-06 by inspecting each TR driveshaft segment assembly for rotational and axial play between the adapter and the TR driveshaft.,09/25/2026,4956.90,,,11835.00,,,300.00,,,,,,30.00,,,,,,5256.90,,,,,,,,,,,,293.40,,,,,,,,No,10+ Days,,05/27/2027,,,,,,,,,,,
N407TK,IHC Health Services,10/04/2026,5381.40,0,05 DOOR PIN CLASSIC RECOMMEND,Airframe,5381.40,,0,15301.00,INSPECTION,,,,300 HOUR / 12 MONTH JETTISONABLE DOOR PIN INSPECTION - CLASSIC RECOMMENDATION,DMC-407-A-52-10-00-05A-280A-A,,,,,0.50,"COMPLIED WITH THE 300 HOUR/12 MONTH JETTISONABLE DOOR PIN INSPECTION ALL WORK DONE IAW THE IRT BHT 407 MM DMC-407-A-52-10-00-04A-280A-A(NO DEFECTS NOTED, NEXT DUE:ACTT 5616.8 or AUGUST 2027 WHICH EVER OCCURS FIRST.)",08/02/2026,5316.80,,,15160.00,0,12,300.00,0,0.00,0.00,0,0,,0,0.00,0.00,08/02/2027,,5616.80,,,,,,,,28,,9,,235.40,,,,,,,,No,10+ Days,,05/28/2027,,,,,,,,,,,
N407TK,IHC Health Services,10/04/2026,5381.40,0,25 AA FLT/FLOAT STEP 300HR/12M,Airframe,5381.40,,0,15301.00,INSPECTION,,ICA,,300 HOUR/12 MONTH AERONAUTICAL ACCESSORIES FLIGHTSTEP/FLOATSTEP INSPECTION,Aeronautical Accessories ICA AA-01162,,,,,1.00,"COMPLIED WITH THE  300HR/12MONTH FLIGHTSTEP/FLOATSTEP INSPECTION. (NO DEFECTS NOTED) ALL DONE IAW THE REF: AA-01162 (NO DEFECTS NOTED, TORQUE WRENCH CERT# 1016826 NEXT DUE: ACTT 5616.8 or AUGUST 2027.",08/02/2026,5316.80,,,15160.00,,12,300.00,,,,,,,,,,08/31/2027,,5616.80,,,,,,,,26,,10,,235.40,,,,,,,,No,10+ Days,,05/28/2027,,,,,,,,,,,
N407TK,IHC Health Services,10/04/2026,5381.40,0,25 AA SKID TUBE 300HR/12M,Airframe,5381.40,,0,15301.00,INSPECTION,,ICA,,300 HOUR/ 12 MONTH AERONAUTICAL ACCESSORIES SKID TUBE INSPECTION,AERONAUTICAL ACCESSORIES AA-01141 REV. E,,,,,0.50,"COMPLIED WITH THE 300HR/12 MONTH SKID TUBE INSPECTION, ALL WORK DONE IAW THE BHT 407 MM DMC-407-A-32-01-01-00A-280A-A and REF. AA-01141, NO DEFECTS FOUND.( NEXT DUE: ACTT 5616.8 or SEPTEMBER 2027)",08/02/2026,5316.80,,,15160.00,,12,300.00,,,,,,,,,,08/02/2027,,5616.80,,,,,,,,28,,9,,235.40,,,,,,,,No,10+ Days,,05/28/2027,,,,,,,,,,,
N407TK,IHC Health Services,10/04/2026,5381.40,0,25 DART BEARPAW,Airframe,5381.40,,0,15301.00,INSPECTION,,ICA,,300 HOUR/12 MONTH DART BEAR PAW INSPECTION,Ref. DART ICA-D206-559,,,,,0.50,COMPLIED WITH THE 300HR/12MONTH IAW ICA DART BEAR PAW INSPECTION Doc # D206-559 Rev 5. NO DEFECTS NOTED AT THIS TIME. (NEXT DUE ACTT 5616.8 or AUGUST 2027,08/02/2026,5316.80,,,15160.00,,12,300.00,,,,,,,,,,08/31/2027,,5616.80,,,,,,,,26,,10,,235.40,,,,,,,,No,10+ Days,,05/28/2027,,,,,,,,,,,
N407TK,IHC Health Services,10/04/2026,5381.40,0,25 LIFEPORT CARRIAGE 300HR,Airframe,5381.40,,0,15301.00,INSPECTION,,ICA,,300 HOUR LIFEPORT AIR MED CARRIAGE SYSTEM INSPECTION,LIFEPORT DOC. EGR-511-12,,,,,1.00,COMPLIED WIT THE 300 HR. LIFEPORT AIR MED CARRIAGE SYSTEM INSPECTION. ALL WORK DONE IAW THE LIFEPORT REF. EGR-511-12( NEXT DUE: ACTT 5616.8 or NOVEMBER 2027),08/02/2026,5316.80,,,15160.00,,,300.00,,,,,,,,,,,,5616.80,,,,,,,,,,,,235.40,,,,,,,,No,10+ Days,,05/28/2027,,,,,,,,,,,
N407TK,IHC Health Services,10/04/2026,5381.40,0,25 PARAVION SNOW DEFL 300HR/12M,Airframe,5381.40,,0,15301.00,INSPECTION,,ICA,,300 HOUR/12 MONTH PARAVION SNOW DEFLECTOR AND DZUS HARDWARE INSPECTION,Ref. Paravion PR-206/407SD-120M,,,,,0.50,COMPLIED WITH THE 300HR/12MONTH PARAVION SNOW BAFFLE DZUS HARDWARE INSPECTION. (No defects noted.) ALL WORK DONE IAW REF: PR-206/407SD-120M NEXT DUE 5616.8 OR AUGUST 2027.,08/02/2026,5316.80,,,15160.00,,12,300.00,,,,,,,,,,08/31/2027,,5616.80,,,,,,,,26,,10,,235.40,,,,,,,,No,10+ Days,,05/28/2027,,,,,,,,,,,
N407TK,IHC Health Services,10/04/2026,5381.40,0,ASB 407-23-133,Airframe,5381.40,,0,15301.00,ASB,,,,HORIZONTAL STABILIZER AND CARGO HOOK FITTINGS - SELF LOCKING INSERTS INSPECTION,ASB 407-23-133,,,,,,"300HR/12M RECURRING TO AIRCRAFT AFFECTED BY THIS ASB.
COMPLIED WITH THE ASB 407-23-133 PART 1 CHECKED FOR LOOSENESS AND A VISUAL INSPECTION, NO DEFCTS NOTED. NEXT DUE ACTT: 5616.8 or AUGUST 2027.  PART II IS N/A, CARGO HOOKS PROVISIONS ARE NOT INSTALLED.",08/02/2026,5316.80,,,15160.00,0,12,300.00,0,0.00,0.00,0,0,,0,0.00,0.00,08/02/2027,,5616.80,,,,,,,,28,,9,,235.40,,,,,,,,No,10+ Days,,05/28/2027,,,,,,,,,,,
N407LF,IHC Health Services,10/05/2026,5349.30,17156,05 300HR- PERIODIC INSPECTION,Airframe,5349.30,,17156,13084.00,INSPECTION,,INSPECT,,300 HOUR /12 MONTH PERIODIC AIRFRAME INSPECTION,DMC-407-A-05-40-00-06A-281A-A,,,,,18.00,"1. Do this inspection every 12 calendar months or every 300 hours of operation. 2. Do all six events of the airframe progressive inspection. Ref. DMC-407-A-05-40-00-06A-281A-A, Complete all 6 Progressive Inspection Events: DMC-407-A-05-40-00-00A-281A-A, DMC-407-A-05-40-00-01A-281A-A,DMC-407-A-05-40-00-02A-281A-A, DMC-407-A-05-40-00-03A-281A-A, DMC-407-A-05-40-00-04A-281A-A, DMC-407-A-05-40-00-05A-281A-A.",07/30/2026,5285.80,,,12949.00,,12,300.00,,,,,36,30.00,,,,07/31/2027,,5585.80,,,,,,,,26,,9,,236.50,,,,,,,,No,10+ Days,,05/29/2027,,,,,,,,,,,
N407LF,IHC Health Services,10/05/2026,5349.30,17156,05 40-00-08A,Airframe,5349.30,,17156,13084.00,INSPECTION,,INSPECT,,300 HOUR OPTIONAL EQUIPMENT INSPECTION,"BHT-407-MPI, Chapter 5, Scheduled Inspections",,,,,1.00,"REF. BHT-407-MPI, CH. 5 DMC-407-A-05-40-00-08A-281A-A",07/30/2026,5285.80,,,12949.00,,,300.00,,,,,,30.00,,,,,,5585.80,,,,,,,,,,,,236.50,,,,,,,,No,10+ Days,,05/29/2027,,,,,,,,,,,
N407LF,IHC Health Services,10/05/2026,5349.30,17156,12 HYD TBL 2,Airframe,5349.30,,17156,13084.00,INSPECTION,,RII,,(RII) 300 HOUR/12 MONTH HYDRAULIC PUMP DRIVE SPLINE LUBRICATION,DMC-407-A-12-00-00-00A-040A-A Table 2,,,,,1.00,REF. BHT-407-MM CH. 12 SERVICING TABLE 2 DMC-407-A-12-00-00-00A-040A-A,07/30/2026,5285.80,,,12949.00,,12,300.00,,,,0,36,30.00,,,,07/31/2027,,5585.80,,,,,,,,26,,9,,236.50,,,,,,,,No,10+ Days,,05/29/2027,,,,,,,,,,RII,
N407LF,IHC Health Services,10/05/2026,5349.30,17156,12 HYD TBL 3,Airframe,5349.30,,17156,13084.00,INSPECTION,,RII,,(RII) 300 HOUR/12 MONTH HYDRAULIC FILTER CLEANING AND INSPECTION,DMC-407-A-12-00-00-00A-040A-A Table 3,,,,,0.10,"Ref. BHT-407-MM, Chapter 12, General, DMC-407-A-12-00-00-00A-040A-A Table 3.",07/30/2026,5285.80,,,12949.00,,12,300.00,,,,0,36,30.00,,,,07/31/2027,,5585.80,,,,,,,,26,,9,,236.50,,,,,,,,No,10+ Days,,05/29/2027,,,,,,,,,,RII,
N407LF,IHC Health Services,10/05/2026,5349.30,17156,12 HYD TBL 3,Airframe,5349.30,,17156,13084.00,INSPECTION,,,,300 HOUR/12 MONTH HYDRAULIC FLUID CHANGE,DMC-407-A-12-00-00-00A-040A-A Table 3,,,,,0.20,"Ref.  BHT-407-MM, Chapter 12, General, DMC-407-A-12-00-00-00A-040A-A Table 3.",07/30/2026,5285.80,,,12949.00,,12,300.00,,,,0,36,30.00,,,,07/31/2027,,5585.80,,,,,,,,26,,9,,236.50,,,,,,,,No,10+ Days,,05/29/2027,,,,,,,,,,,
N407LF,IHC Health Services,10/05/2026,5349.30,17156,12 TBL 1,Airframe,5349.30,,17156,13084.00,INSPECTION,,RII,,(RII) 300 HOUR AIRFRAME FUEL FILTER INSPECTION AND CHANGE,DMC-407-A-12-00-00-00A-040A-A,,,,,1.00,**Additional Fuel System Operational Check Required per Ref. DMC-407-A-28-00-00-00A-320A-A after completion.**,07/30/2026,5285.80,,,12949.00,,,300.00,,,,,,30.00,,,,,,5585.80,,,,,,,,,,,,236.50,,,,,,,,No,10+ Days,,05/29/2027,,,,,,,,,,RII,
N407LF,IHC Health Services,10/05/2026,5349.30,17156,12 TBL 2,Airframe,5349.30,,17156,13084.00,INSPECTION,,,,300 HOUR TAIL ROTOR DRIVE SHAFT & OIL COOLER BEARING LUBRICATION,DMC-407-A-12-00-00-00A-040A-A Table 2,,,,,0.50,REF. BHT-407-MM CH. 12 SERVICING TABLE 2 DMC-407-A-12-00-00-00A-040A-A,07/30/2026,5285.80,,,12949.00,,,300.00,,,,,,30.00,,,,,,5585.80,,,,,,,,,,,,236.50,,,,,,,,No,10+ Days,,05/29/2027,,,,,,,,,,,
N407LF,IHC Health Services,10/05/2026,5349.30,17156,12 TBL 3,Airframe,5349.30,,17156,13084.00,INSPECTION,,,,300 HOUR/12 MONTH MAIN ROTOR TRANSMISSION OIL & FILTER CHANGE,DMC-407-A-12-00-00-00A-040A-A Table 3,,,,,2.50,"REF. BHT-407-MM, Chapter 12, General, Table 3, DMC-407-A-A-12-00-00-00A-040A-A.",07/30/2026,5285.80,,,12949.00,,12,300.00,,,,0,36,30.00,,,,07/31/2027,,5585.80,,,,,,,,26,,9,,236.50,,,,,,,,No,10+ Days,,05/29/2027,,,,,,,,,,,
N407LF,IHC Health Services,10/05/2026,5349.30,17156,12 TBL 3,Airframe,5349.30,,17156,13084.00,INSPECTION,,,,300 HOUR/12 MONTH TAIL ROTOR GEARBOX OIL CHANGE,DMC-407-A-12-00-00-00A-040A-A Table 3,,,,,0.50,"Ref. BHT-407-MM, Chapter 12, General,  DMC-407-A-12-00-00-00A-040A-A Table 3.",07/30/2026,5285.80,,,12949.00,,12,300.00,,,,0,36,30.00,,,,07/31/2027,,5585.80,,,,,,,,26,,9,,236.50,,,,,,,,No,10+ Days,,05/29/2027,,,,,,,,,,,
N407LF,IHC Health Services,10/05/2026,5349.30,17156,AD 2018-10-06 AMD 39-19281,Airframe,5349.30,,17156,13084.00,AD,,,,AD 2018-10-06 300 HOUR TAIL ROTOR DRIVE SHAFT,"AD 2018-10-06, Amend. 39-19281 Para. (e)(1)(3)",,,,,0.20,Completed AD 2018-10-06 by inspecting each TR driveshaft segment assembly for rotational and axial play between the adapter and the TR driveshaft.,07/30/2026,5285.80,,,12949.00,,,300.00,,,,,,30.00,,,,,,5585.80,,,,,,,,,,,,236.50,,,,,,,,No,10+ Days,,05/29/2027,,,,,,,,,,,
N407CZ,IHC Health Services,10/04/2026,2432.60,0,ASB 407-26-146,Airframe,2432.60,,0,5400.00,ASB,,,,"ALERT SERVICE BULLETIN - GARMIN G1000H NXI SOFTWARE 006-B1237-24, INTRODUCTION OF",,,,,,,,05/08/2026,2350.10,,,5220.00,,12,330.00,,,,,,,,,,05/31/2027,,2680.10,,,,,,,,26,,7,,247.50,,,,,,,,No,10+ Days,,05/31/2027,,,,,,,,,,,
N407CN,IHC Health Services,10/02/2026,4963.50,0,25 LIFEPORT MEDPAK 500HR,Airframe,4963.50,,0,11871.00,INSPECTION,,ICA,,500 HOUR LIFEPORT MEDPAK SYSTEM INSPECTION,LIFEPORT DOC. EGR-508-13,,,,,,,10/11/2025,4770.70,,,11331.00,,,500.00,,,,,,,,,,,,5270.70,,,,,,,,,,,,307.20,,,,,,,,No,10+ Days,,06/08/2027,,,,,,,,,,,
N466GH,IHC Health Services,10/04/2026,3267.50,0,05 600/12M,Airframe,3267.50,,0,7636.00,INSPECTION,,INSPECT,,600 HOUR/12 MONTH AIRFRAME INSPECTION,"MPI, CH. 5 DMC-407-A-05-40-00-10A-281A-A",,,,,4.00,"REF. BHT-407-MPI, CH. 5 DMC-407-A-05-40-00-10A-281A-A",07/29/2026,3160.60,,,7489.00,,12,600.00,,,,,36,60.00,,,,07/31/2027,,3760.60,,,,,,,,26,,9,,493.10,,,,,,,,No,10+ Days,,06/08/2027,,,,,,,,,,,
N39KM,IHC Health Services,10/03/2026,3577.00,0,72 INSP 600HR/12MO,Engine 1,9773.60,22785.00,,,INSPECTION,None,RII,,(RII) 600 HOUR/ 12 MONTH ENGINE OIL & SCAVENGE OIL FILTER CHANGE,"RR-C47B-O&M, 72-00-00 TBL 6 & 73-10-02",,,,,1.00,"Filter is replaced when oil is changed as a HSU recommended item. Ref. Rolls-Royce M250-C47B-O&M, Chapter 72-00-00 Table 6 and Chapter 73-10-02.",06/12/2026,9577.30,,22314.00,,,12,600.00,,,,,,,,,,06/12/2027,,10177.30,,,,,,,,7,,8,,403.70,,,,,,,,No,10+ Days,,06/12/2027,,,,,,,,,,,
N407NW,IHC Health Services,10/04/2026,2093.00,0,25 AFS IBF 300HR/12M,Airframe,2093.00,,0,3776.00,INSPECTION,,ICA,0976,(RII) 300 HOUR/12 MONTH DONALDSON IBF FILTER CLEANING AND INSPECTION,AFS-BH407-IBF-KIT-ICA,106201-103,2151,,,,"Ref. Donaldson Filtration Solutions ICA AFS-BH407-IBF-KIT-ICA, Table 1 and paragraph 7.3.",08/07/2026,2042.90,,,3662.00,,12,300.00,,,,,,,,,,08/07/2027,,2342.90,,,,,,,,2,,10,,249.90,,,,,,,,No,10+ Days,,06/12/2027,,,,,,,,,,RII,
N307KH,IHC Health Services,10/03/2026,23110.00,0,34 GARMIN GTN650XI 250HR/12M,Airframe,23110.00,,0,81023.00,INSPECTION,,ICA,,250 HOUR/12 MONTH GARMIN GTN 650XI INSPECTION,GARMIN ICA 190-01007-D1 REV. 2,,,,,,,10/03/2026,23110.00,,,81023.00,,12,250.00,,,,,,,,,,10/31/2027,,23360.00,,,,,,,,26,,12,,250.00,,,,,,,,No,10+ Days,,06/12/2027,,,,,,,,,,,
N407LF,IHC Health Services,10/05/2026,5349.30,17156,72 00-10,Engine 1,2738.40,4125.00,,,PART,Overhaul,RII,CAE-847339,(RII) COMPRESSOR   BLEED VALVE - OVERHAUL,Roll Royce 250-C47B O&MM chapter,23073353,FF416401,,,,"Ref. Rolls-Royce M250-C47B O&M, Chapter 72-00-00, Table 606",05/28/2023,1491.00,,2261.00,,,,1500.00,,,,,,,,,,,,2991.00,,,,,,,,,,,,252.60,,,,,,,,No,10+ Days,,06/14/2027,,,,2973.00,0.00,,,,,RII; Monthly Planning,
N407TK,IHC Health Services,10/04/2026,5381.40,0,65 10-10,Airframe,5381.40,,0,15301.00,PART,Overhaul,RII,,(RII) TAIL ROTOR GEARBOX ASSEMBLY - OVERHAUL,DMC-407-A-05-10-00-02A-281A-A  Table 1.,406-040-400-117FM,A-655,,,,Ref. DMC-407-A-05-10-00-02A-281A-A.,05/14/2026,5238.60,,,14917.00,,,5000.00,,,,,,250.00,,,,,,5636.80,,,,,,,,,,,,255.40,,,,,,,,No,10+ Days,,06/17/2027,12,12,12,15187.70,4601.80,322.80,,,,RII; Monthly Planning,
N407FC,IHC Health Services,10/05/2026,14985.10,0,63 22-11,Airframe,14985.10,,0,33090.00,INSPECTION,,INSPECT,Disc,(RII) ROTOR BRAKE DISC - INSPECTION,NORTHWESTERN DYNAMIC B0223-OM4 or B0244-OM,407-340-318-101,2727,,,1.00,NORTHWEST DYNAMICS DOC  B0223-OM4 or B0244-OM,07/16/2025,14296.40,,,31622.00,,,1200.00,,,,,,,,,,,,15496.40,,,,,,,,,,,,511.30,,,,,,,,No,10+ Days,,06/17/2027,,,,,,,,,,RII; Monthly Planning,
N407SL,IHC Health Services,10/04/2026,2240.90,0,62 00-00,Airframe,2240.90,,0,5434.00,PART,Overhaul,RII,,(RII) MAIN ROTOR HUB ASSEMBLY - OVERHAUL,,407-010-100-123,LK1435,,,,,12/20/2021,0.00,,,,,,2500.00,,,,,,250.00,,,,,,2500.00,,,,,,,,,,,,259.10,,,,,,,,No,10+ Days,,06/21/2027,,0,,,0.00,,,,,RII; Monthly Planning,
N407SL,IHC Health Services,10/04/2026,2240.90,0,62 00-02,Airframe,2240.90,,0,5434.00,PART,Life Limited,,MR HUB,MAIN ROTOR UPPER PLATE - RETIRE,,406-010-115-127,AZ3368,,,,,12/20/2021,0.00,,,,,,2500.00,,,,,,,,,,,,2500.00,,,,,,,,,,,,259.10,,,,,,,,No,10+ Days,,06/21/2027,0,,,0.00,,,,,,Monthly Planning,
N407SL,IHC Health Services,10/04/2026,2240.90,0,62 00-03,Airframe,2240.90,,0,5434.00,PART,Life Limited,,MR HUB,MAIN ROTOR LOWER PLATE - RETIRE,,406-010-117-125,AZ3559,,,,,12/20/2021,0.00,,,,,,2500.00,,,,,,,,,,,,2500.00,,,,,,,,,,,,259.10,,,,,,,,No,10+ Days,,06/21/2027,0,,,0.00,,,,,,Monthly Planning,
N407SL,IHC Health Services,10/04/2026,2240.90,0,63 11-10,Airframe,2240.90,,0,5434.00,PART,Overhaul,RII,,(RII) MAIN ROTOR MAST ASSEMBLY - OVERHAUL,"BHT-407-MPI, Ch. 5,  Component Overhaul Schedule",407-040-011-111,VL00227266,,,,"Ref. DMC-407-A-05-10-00-02A-281A-A.
Perform 2500 Hour Overhaul per BHT-407-CR&O, Ch. 63.",12/20/2021,0.00,,,,,,2500.00,,,,,,250.00,,,,,,2500.00,,,,,,,,,,,,259.10,,,,,,,,No,10+ Days,,06/21/2027,,0,,,0.00,,,,,RII,
N407SL,IHC Health Services,10/04/2026,2240.90,0,63 25-01,Airframe,2240.90,,0,5434.00,PART,Overhaul,RII,,(RII) INPUT DRIVESHAFT - OVERHAUL,,407-340-310-101,KC1980,,,,,12/20/2021,0.00,,,,,,2500.00,,,,,,,,,,,,2500.00,,,,,,,,,,,,259.10,,,,,,,,No,10+ Days,,06/21/2027,,,,,0.00,,,,,RII; Monthly Planning,
N407SL,IHC Health Services,10/04/2026,2240.90,0,67 30-01,Airframe,2240.90,,0,5434.00,PART,Overhaul,RII,,(RII) SWASHPLATE AND SUPPORT ASSEMBLY - OVERHAUL,"BHT-407-MPI, Ch. 5,  Component Overhaul Schedule",406-010-401-117,TI1441,,,,"Ref. DMC-407-A-05-10-00-02A-281A-A.
Perform 2500 Hour Overhaul per BHT-407-CR&O, Ch. 67",12/20/2021,0.00,,,,,,2500.00,,,,,,250.00,,,,,,2500.00,,,,,,,,,,,,259.10,,,,,,,,No,10+ Days,,06/21/2027,,,,,0.00,,,,,RII; Monthly Planning,
N407JM,IHC Health Services,10/04/2026,5829.10,0,05 1200HR,Airframe,5829.10,,0,16558.00,INSPECTION,,INSPECT,,1200 HOUR AIRFRAME INSPECTION,DMC-407-A-05-40-00-13A-281A-A,,,,,,"REF. BHT-407-MPI, CH. 5 DMC-407-A-05-40-00-13A-281A-A
***3.3 hours of tolerance used - adjustments made to next due***",06/16/2024,5085.30,,,14253.00,,,1200.00,,,,,,120.00,,,,,,6285.30,,,,,,,,,,,,456.20,,,,,,,,No,10+ Days,,06/22/2027,,,,,,,,,,Monthly Planning,
N407CH,IHC Health Services,10/04/2026,17743.70,1,72 72/300,Engine 1,10730.20,20662.00,,,INSPECTION,,INSPECT,,300 HOUR/12 MONTH ENGINE INSPECTION,RR M250-C47B OMM 72-00-00-200-801 TABLE 6,,,,,,"**USE TABLE 6 ONLY DUE TO SERVICE WITH MOBIL 254 OIL (3RD GENERATION OIL)** In addition to the 150 hour inspection items, perform the following: **SEE SUB ITEMS**",08/26/2026,10626.00,,20511.00,,,12,300.00,,,,,,,,,,08/31/2027,,10926.00,,,,,,,,26,,10,,195.80,,,,,,,,No,10+ Days,,06/23/2027,,,,,,,,,,,
N407CH,IHC Health Services,10/04/2026,17743.70,1,407-23-133,Airframe,17743.70,,1,43738.00,ASB,,,,HORIZONTAL STABILIZER AND CARGO HOOK FITTINGS - SELF LOCKING INSERTS INSPECTION,ASB 407-23-133,,,,,,300HR/12M RECURRING INSPECTION FOR AIRCRAFT AFFECTED.,08/25/2026,17639.50,,,43576.00,0,12,300.00,0,0.00,0.00,0,0,,0,0.00,0.00,08/31/2027,,17939.50,,,,,,,,26,,10,,195.80,,,,,,,,No,10+ Days,,06/23/2027,,,,,,,,,,,
N407BY,IHC Health Services,10/04/2026,1229.40,0,05 600/12M,Airframe,1229.40,,0,2649.00,INSPECTION,,INSPECT,,600 HOUR/12 MONTH AIRFRAME INSPECTION,DMC-407-A-05-40-00-10A-281A-A,,,,,5.00,,06/02/2026,1148.50,,,2497.00,,12,600.00,,,,,36,60.00,,,,06/30/2027,,1748.50,,,,,,,,25,,8,,519.10,,,,,,,,No,10+ Days,,06/30/2027,,,,,,,,,,Monthly Planning,
N407BY,IHC Health Services,10/04/2026,1229.40,0,22 04-10 FUNCT CK,Airframe,1229.40,,0,2649.00,INSPECTION,,AIRWORTHINESS,65489,600HR /12M CHAPTER 4 AFCS TRIM ACTUATOR FUNCT CK,Ref. DMC-407-A-22-00-04A-340A-A,418-00862-701,65489,,,,This specific inspection is found in the Airworthiness Limitations Schedule in Chapter 4.,06/02/2026,1148.50,,,2497.00,0,12,600.00,0,0.00,0.00,0,,,0,0.00,0.00,06/30/2027,,1748.50,,,,,,,,25,,8,,519.10,,,,,,,,No,10+ Days,,06/30/2027,,,,,,,,,,,
N407BY,IHC Health Services,10/04/2026,1229.40,0,22 04-10 FUNCT CK,Airframe,1229.40,,0,2649.00,INSPECTION,,AIRWORTHINESS,66215,600HR /12M CHAPTER 4 AFCS TRIM ACTUATOR FUNCT CK,Ref. DMC-407-A-22-00-04A-340A-A,418-00862-701,66215,,,,This specific inspection is found in the Airworthiness Limitations Schedule in Chapter 4.,06/02/2026,1148.50,,,2497.00,0,12,600.00,0,0.00,0.00,0,0,,0,0.00,0.00,06/30/2027,,1748.50,,,,,,,,25,,8,,519.10,,,,,,,,No,10+ Days,,06/30/2027,,,,,,,,,,,
N407BY,IHC Health Services,10/04/2026,1229.40,0,72 INSP 600HR/12MO,Engine 1,1220.00,2175.00,,,INSPECTION,None,RII,CAE-847339,(RII) 600 HOUR/ 12 MONTH ENGINE OIL & SCAVENGE OIL FILTER CHANGE,RR-M250-C47E/4 O&M Chapter 79-10-00,,,,,1.00,"Ref. Rolls-Royce M250-C47E/4 O&M, Chapter 72-00-00 Table 606 and Chapter 79-10-00. Filter is replaced when oil is changed as a HSU recommended item.",06/02/2026,1139.10,,2050.00,,,12,600.00,,,,,,,,,,06/30/2027,,1739.10,,,,,,,,25,,8,,519.10,,,,,,,,No,10+ Days,,06/30/2027,,,,,,,,,,,
N407TK,IHC Health Services,10/04/2026,5381.40,0,05 300HR- PERIODIC INSPECTION,Airframe,5381.40,,0,15301.00,INSPECTION,,INSPECT,,300 HOUR /12 MONTH PERIODIC AIRFRAME INSPECTION,DMC-407-A-05-40-00-06A-281A-A,,,,,64.00,"1. Do this inspection every 12 calendar months or every 300 hours of operation. 2. Do all six events of the airframe progressive inspection. Ref. DMC-407-A-05-40-00-06A-281A-A, Complete all 6 Progressive Inspection Events: DMC-407-A-05-40-00-00A-281A-A, DMC-407-A-05-40-00-01A-281A-A,DMC-407-A-05-40-00-02A-281A-A, DMC-407-A-05-40-00-03A-281A-A, DMC-407-A-05-40-00-04A-281A-A, DMC-407-A-05-40-00-05A-281A-A.",09/04/2026,5352.00,,,15229.00,,12,300.00,,,,,,30.00,,,,09/30/2027,,5652.00,,,,,,,,25,,11,,270.60,,,,,,,,No,10+ Days,,07/02/2027,,,,,,,,,,,
N407TK,IHC Health Services,10/04/2026,5381.40,0,05 40-00-08A,Airframe,5381.40,,0,15301.00,INSPECTION,,INSPECT,,300 HOUR OPTIONAL EQUIPMENT INSPECTION,DMC-407-A-05-40-00-08A-281A-A,,,,,2.00,"COMPLIED WITH THE 300 HOUR OPTIONAL EQUIPMENT INSPECTION. ALL WORK DONE IAW BHT 407MM Ref. DMC-407-A-05-40-00-08A-281A-A Ref. BHT-407-MPI, Chapter 5, Scheduled Inspections. NO DEFECTS FOUND.(NEXT DUE: ACTT 5616.6 or SEPTEMBER)",09/04/2026,5352.00,,,15229.00,,,300.00,,,,,,30.00,,,,,,5652.00,,,,,,,,,,,,270.60,,,,,,,,No,10+ Days,,07/02/2027,,,,,,,,,,,
N407TK,IHC Health Services,10/04/2026,5381.40,0,12 HYD TBL 2,Airframe,5381.40,,0,15301.00,INSPECTION,,RII,,(RII) 300 HOUR/12 MONTH HYDRAULIC PUMP DRIVE SPLINE LUBRICATION,DMC-407-A-12-00-00-00A-040A-A Table 2,,,,,1.50,REF. BHT-407-MM CH. 12 SERVICING TABLE 2 DMC-407-A-12-00-00-00A-040A-A,09/04/2026,5352.00,,,15229.00,,12,300.00,,,,0,36,30.00,,,,09/30/2027,,5652.00,,,,,,,,25,,11,,270.60,,,,,,,,No,10+ Days,,07/02/2027,,,,,,,,,,RII,
N407TK,IHC Health Services,10/04/2026,5381.40,0,12 HYD TBL 3,Airframe,5381.40,,0,15301.00,INSPECTION,,RII,,(RII) 300 HOUR/12 MONTH HYDRAULIC FILTER CLEANING AND INSPECTION,DMC-407-A-12-00-00-00A-040A-A Table 3,,,,,1.00,"Ref. BHT-407-MM, Chapter 12, General, DMC-407-A-12-00-00-00A-040A-A Table 3.",09/04/2026,5352.00,,,15229.00,,12,300.00,,,,0,36,30.00,,,,09/30/2027,,5652.00,,,,,,,,25,,11,,270.60,,,,,,,,No,10+ Days,,07/02/2027,,,,,,,,,,RII,
N407TK,IHC Health Services,10/04/2026,5381.40,0,12 HYD TBL 3,Airframe,5381.40,,0,15301.00,INSPECTION,,,,300 HOUR/12 MONTH HYDRAULIC FLUID CHANGE,DMC-407-A-12-00-00-00A-040A-A Table 3,,,,,0.50,"Ref.  BHT-407-MM, Chapter 12, General, DMC-407-A-12-00-00-00A-040A-A Table 3.",09/04/2026,5352.00,,,15229.00,,12,300.00,,,,0,36,30.00,,,,09/30/2027,,5652.00,,,,,,,,25,,11,,270.60,,,,,,,,No,10+ Days,,07/02/2027,,,,,,,,,,,
N407TK,IHC Health Services,10/04/2026,5381.40,0,12 TBL 1,Airframe,5381.40,,0,15301.00,INSPECTION,,RII,,(RII) 300 HOUR AIRFRAME FUEL FILTER INSPECTION AND CHANGE,DMC-407-A-12-00-00-00A-040A-A,,,,,1.50,**Additional Fuel System Operational Check Required per Ref. DMC-407-A-28-00-00-00A-320A-A after completion.**,09/04/2026,5352.00,,,15229.00,,,300.00,,,,,,30.00,,,,,,5652.00,,,,,,,,,,,,270.60,,,,,,,,No,10+ Days,,07/02/2027,,,,,,,,,,RII,
N7160V,IHC Health Services,10/04/2026,10771.90,0,24 25-01,Airframe,10771.90,,0,27183.00,PART,Overhaul,RII,,(RII) STARTER GENERATOR - OVERHAUL,,23081-018,2188,,,,Ref. DMC-407-A-05-10-00-02A-281A-A,07/22/2025,10474.70,,,26150.00,,,1000.00,,,,,,100.00,,,,,,11182.10,,,,,,,,,,,,410.20,,,,,,,,No,10+ Days,,07/05/2027,,,,292.60,292.60,292.60,,,,RII; Monthly Planning,
N407BY,IHC Health Services,10/04/2026,1229.40,0,25 AA FLT/FLOAT STEP 300HR/12M,Airframe,1229.40,,0,2649.00,INSPECTION,,ICA,,300 HOUR/12 MONTH AERONAUTICAL ACCESSORIES FLIGHTSTEP/FLOATSTEP INSPECTION,Aeronautical Accessories ICA AA-01162,,,,,1.00,REF: Aeronautical Accessories ICA AA-01162,09/04/2026,1208.40,,,2615.00,,12,300.00,,,,,,,,,,09/30/2027,,1508.40,,,,,,,,25,,11,,279.00,,,,,,,,No,10+ Days,,07/11/2027,,,,,,,,,,,
N407BY,IHC Health Services,10/04/2026,1229.40,0,25 DART BEARPAW,Airframe,1229.40,,0,2649.00,INSPECTION,,ICA,,300 HOUR/12 MONTH DART BEAR PAW INSPECTION,Ref. DART ICA-D206-559,,,,,,,09/04/2026,1208.40,,,2615.00,0,12,300.00,0,0.00,0.00,0,0,,0,0.00,0.00,09/04/2027,,1508.40,,,,,,,,30,,10,,279.00,,,,,,,,No,10+ Days,,07/11/2027,,,,,,,,,,,
N407CP,IHC Health Services,10/04/2026,10206.30,1,63 22-11,Airframe,10206.30,,1,22355.00,INSPECTION,,INSPECT,,(RII) ROTOR BRAKE DISC - INSPECTION,"BHT-407-CR&O-V, Chapter 63",,,,,,,11/04/2023,9425.20,,,20680.00,,,1200.00,,,,,,120.00,,,,,,10625.20,,,,,,,,,,,,418.90,,,,,,,,No,10+ Days,,07/11/2027,,,,,,,,,,RII; Monthly Planning,
N407FM,IHC Health Services,10/04/2026,2702.50,0,72 INSP 600HR/12MO,Engine 1,1885.80,3038.00,,,INSPECTION,None,RII,CAE-847339,(RII) 600 HOUR/ 12 MONTH ENGINE OIL & SCAVENGE OIL FILTER CHANGE,RR-M250-C47E/4 O&M Chapter 79-10-00,,,,,1.00,"Ref. Rolls-Royce M250-C47E/4 O&M, Chapter 72-00-00 Table 606 and Chapter 79-10-00. Filter is replaced when oil is changed as a HSU recommended item.",08/13/2026,1847.80,,2948.00,,,12,600.00,,,,,,,,,,08/31/2027,,2447.80,,,,,,,,26,,10,,562.00,,,,,,,,No,10+ Days,,07/13/2027,,,,,,,,,,RII,
N407SL,IHC Health Services,10/04/2026,2240.90,0,05 300HR- PERIODIC INSPECTION,Airframe,2240.90,,0,5434.00,INSPECTION,,INSPECT,,300 HOUR /12 MONTH PERIODIC AIRFRAME INSPECTION,DMC-407-A-05-40-00-06A-281A-A,,,,,,"1. Do this inspection every 12 calendar months or every 300 hours of operation. 2. Do all six events of the airframe progressive inspection. Ref. DMC-407-A-05-40-00-06A-281A-A, Complete all 6 Progressive Inspection Events: DMC-407-A-05-40-00-00A-281A-A, DMC-407-A-05-40-00-01A-281A-A,DMC-407-A-05-40-00-02A-281A-A, DMC-407-A-05-40-00-03A-281A-A, DMC-407-A-05-40-00-04A-281A-A, DMC-407-A-05-40-00-05A-281A-A.",09/11/2026,2222.40,,,5395.00,,12,300.00,,,,,36,30.00,,,,09/11/2027,,2522.40,,,,,,,,6,,11,,281.50,,,,,,,,No,10+ Days,,07/13/2027,,,,,,,,,,,
N407SL,IHC Health Services,10/04/2026,2240.90,0,05 40-00-08A,Airframe,2240.90,,0,5434.00,INSPECTION,,INSPECT,,300 HOUR OPTIONAL EQUIPMENT INSPECTION,DMC-407-A-05-40-00-08A-281A-A,,,,,,"Ref. DMC-407-A-05-40-00-08A-281A-A, Complete Inspection On All Currently Installed/Available Items.",09/03/2026,2222.40,,,5395.00,,,300.00,,,,,,30.00,,,,,,2522.40,,,,,,,,,,,,281.50,,,,,,,,No,10+ Days,,07/13/2027,,,,,,,,,,,
N407SL,IHC Health Services,10/04/2026,2240.90,0,12 HYD TBL 2,Airframe,2240.90,,0,5434.00,INSPECTION,,RII,,(RII) 300 HOUR/12 MONTH HYDRAULIC PUMP DRIVE SPLINE LUBRICATION,DMC-407-A-12-00-00-00A-040A-A Table 2,,,,,,REF. BHT-407-MM CH. 12 SERVICING TABLE 2 DMC-407-A-12-00-00-00A-040A-A,09/01/2026,2222.40,,,5395.00,,12,300.00,,,,0,36,30.00,,,,09/01/2027,,2522.40,,,,,,,,27,,10,,281.50,,,,,,,,No,10+ Days,,07/13/2027,,,,,,,,,,RII,
N407SL,IHC Health Services,10/04/2026,2240.90,0,12 HYD TBL 3,Airframe,2240.90,,0,5434.00,INSPECTION,,RII,,(RII) 300 HOUR/12 MONTH HYDRAULIC FILTER CLEANING AND INSPECTION,DMC-407-A-12-00-00-00A-040A-A Table 3,,,,,,"Ref. BHT-407-MM, Chapter 12, General, DMC-407-A-12-00-00-00A-040A-A Table 3.",09/01/2026,2222.40,,,5395.00,,12,300.00,,,,0,36,30.00,,,,09/30/2027,,2522.40,,,,,,,,25,,11,,281.50,,,,,,,,No,10+ Days,,07/13/2027,,,,,,,,,,RII,
N407SL,IHC Health Services,10/04/2026,2240.90,0,12 HYD TBL 3,Airframe,2240.90,,0,5434.00,INSPECTION,,,,300 HOUR/12 MONTH HYDRAULIC FLUID CHANGE,DMC-407-A-12-00-00-00A-040A-A Table 3,,,,,,"Ref.  BHT-407-MM, Chapter 12, General, DMC-407-A-12-00-00-00A-040A-A Table 3.",09/01/2026,2222.40,,,5395.00,,12,300.00,,,,0,36,30.00,,,,09/01/2027,,2522.40,,,,,,,,27,,10,,281.50,,,,,,,,No,10+ Days,,07/13/2027,,,,,,,,,,,
N407SL,IHC Health Services,10/04/2026,2240.90,0,12 TBL 2,Airframe,2240.90,,0,5434.00,INSPECTION,,,,300 HOUR TAIL ROTOR DRIVE SHAFT & OIL COOLER BEARING LUBRICATION,DMC-407-A-12-00-00-00A-040A-A Table 2,,,,,,REF. BHT-407-MM CH. 12 SERVICING TABLE 2 DMC-407-A-12-00-00-00A-040A-A,08/28/2026,2222.40,,,5395.00,0,0,300.00,0,0.00,0.00,0,0,30.00,0,0.00,0.00,,,2522.40,,,,,,,,,,,,281.50,,,,,,,,No,10+ Days,,07/13/2027,,,,,,,,,,,
N407SL,IHC Health Services,10/04/2026,2240.90,0,12 TBL 3,Airframe,2240.90,,0,5434.00,INSPECTION,,,,300 HOUR/12 MONTH MAIN ROTOR TRANSMISSION OIL & FILTER CHANGE,DMC-407-A-12-00-00-00A-040A-A Table 3,,,,,,"REF. BHT-407-MM, Chapter 12, General, Table 3. DMC-407-A-A-12-00-00-00A-040A-A",09/02/2026,2222.40,,,5395.00,,12,300.00,,,,0,36,30.00,,,,09/02/2027,,2522.40,,,,,,,,28,,10,,281.50,,,,,,,,No,10+ Days,,07/13/2027,,,,,,,,,,,
N407SL,IHC Health Services,10/04/2026,2240.90,0,12 TBL 3,Airframe,2240.90,,0,5434.00,INSPECTION,,,,300 HOUR/12 MONTH TAIL ROTOR GEARBOX OIL CHANGE,DMC-407-A-12-00-00-00A-040A-A Table 3,,,,,,"Ref. BHT-407-MM, Chapter 12, General, Table 3. DMC-407-A-12-00-00-00A-040A-A",08/28/2026,2222.40,,,5395.00,,12,300.00,,,,0,36,30.00,,,,08/28/2027,,2522.40,,,,,,,,23,,10,,281.50,,,,,,,,No,10+ Days,,07/13/2027,,,,,,,,,,,
N407SL,IHC Health Services,10/04/2026,2240.90,0,25 AA FLT/FLOAT STEP 300H/12MO,Airframe,2240.90,,0,5434.00,INSPECTION,,ICA,,300 HOUR/12 MONTH AERONAUTICAL ACCESSORIES FLIGHTSTEP/FLOATSTEP INSPECTION,autical Accessories ICA AA-01162,,,,,,ref: Aeronautical Accessories ICA AA-01162,09/03/2026,2222.40,,,5395.00,,12,300.00,,,,,,,,,,09/03/2027,,2522.40,,,,,,,,29,,10,,281.50,,,,,,,,No,10+ Days,,07/13/2027,,,,,,,,,,,
N407SL,IHC Health Services,10/04/2026,2240.90,0,25 AFS IBF 300HR/12M,Airframe,2240.90,,0,5434.00,INSPECTION,,ICA,IBFILTER,(RII) 300 HOUR/12 MONTH DONALDSON IBF FILTER CLEANING AND INSPECTION,AFS-BH407-IBF-KIT-ICA,,,,,,,09/05/2026,2222.40,,,5395.00,,12,300.00,,,,,,,,,,09/30/2027,,2522.40,,,,,,,,25,,11,,281.50,,,,,,,,No,10+ Days,,07/13/2027,,,,,,,,,,RII,
N407SL,IHC Health Services,10/04/2026,2240.90,0,25 AFS IVF 300HR/12M,Airframe,2240.90,,0,5434.00,INSPECTION,,ICA,IVFILTER,300 HOUR/12 MONTH DONALDSON IVF FILTER CLEANING AND INSPECTION,AFS-BH407-IBF-KIT-ICA,,,,,,AFS-BH407-IBF-KIT-ICA,09/05/2026,2222.40,,,5395.00,,12,300.00,,,,,,,,,,09/05/2027,,2522.40,,,,,,,,0,,11,,281.50,,,,,,,,No,10+ Days,,07/13/2027,,,,,,,,,,,
N407SL,IHC Health Services,10/04/2026,2240.90,0,25 DART BEARPAW,Airframe,2240.90,,0,5434.00,INSPECTION,,ICA,,300 HOUR / 12 MONTH DART BEARPAW INSPECTION,ICA-D206-559,,,,,,REF. ICA-D206-559,09/03/2026,2222.40,,,5395.00,0,12,300.00,0,0.00,0.00,0,0,,0,0.00,0.00,09/30/2027,,2522.40,,,,,,,,25,,11,,281.50,,,,,,,,No,10+ Days,,07/13/2027,,,,,,,,,,,
N407SL,IHC Health Services,10/04/2026,2240.90,0,25 PARAVION 300HR/12M,Airframe,2240.90,,0,5434.00,INSPECTION,,ICA,,300 HOUR / 12 MONTH PARAVION AIR CONDITIONING SYSTEM,PR-407AC-120M,,,,,,Ref. PR-407AC-120M,09/11/2026,2222.40,,,5395.00,,12,300.00,,,,,,,,,,09/11/2027,,2522.40,,,,,,,,6,,11,,281.50,,,,,,,,No,10+ Days,,07/13/2027,,,,,,,,,,,
N407SL,IHC Health Services,10/04/2026,2240.90,0,25 PARAVION SNOW DEFL 300HR/12M,Airframe,2240.90,,0,5434.00,INSPECTION,,ICA,,300 HOUR/12 MONTH PARAVION SNOW DEFLECTOR AND DZUS HARDWARE INSPECTION,Paravion PR-206/407SD-120M,,,,,,Ref. Paravion PR-206/407SD-120M,09/03/2026,2222.40,,,5395.00,,12,300.00,,,,,,,,,,09/03/2027,,2522.40,,,,,,,,29,,10,,281.50,,,,,,,,No,10+ Days,,07/13/2027,,,,,,,,,,,
N407SL,IHC Health Services,10/04/2026,2240.90,0,53 04-300,Airframe,2240.90,,0,5434.00,INSPECTION,,AIRWORTHINESS,,300 HOUR TAILBOOM ASSEMBLY AIRWORTHINESS LIMITATIONS INSPECTION,DMC-407-A-04-00-00-00A-288A-A TABLE 2,,,,,,"Ref BHT-407-MPI, CH. 4 AIRWORTHINESS LIMITATIONS DMC-407-A-04-00-00-00A-288A-A, Table 2 and Figure 5.",08/28/2026,2222.40,,,5395.00,0,0,300.00,0,0.00,0.00,0,0,,0,0.00,0.00,,,2522.40,,,,,,,,,,,,281.50,,,,,,,,No,10+ Days,,07/13/2027,,,,,,,,,,,
N407SL,IHC Health Services,10/04/2026,2240.90,0,AD 2018-10-06 AMD 39-19281,Airframe,2240.90,,0,5434.00,AD,,,,AD 2018-10-06 300 HOUR TAIL ROTOR DRIVE SHAFT,"AD 2018-10-06, Amend. 39-19281 Para. (e)(1)(3)",,,,,,Completed AD 2018-10-06 by inspecting each TR driveshaft segment assembly for rotational and axial play between the adapter and the TR driveshaft.,08/29/2026,2222.40,,,5395.00,,,300.00,,,,,,30.00,,,,,,2522.40,,,,,,,,,,,,281.50,,,,,,,,No,10+ Days,,07/13/2027,,,,,,,,,,,
N407CN,IHC Health Services,10/02/2026,4963.50,0,63 22-02,Airframe,4963.50,,0,11871.00,INSPECTION,Overhaul,INSPECT,Caliper 1,(RII) ROTOR BRAKE CALIPER INSPECTION - 600 HOUR AIRFRAIME INSPECTION,Ref. DMC-407-A-05-40-00-09A-281A-A,407-540-304-101FM,442,,,1.00,"Ref. DMC-407-A-05-40-00-09A-281A-A and Northwest Dynamics, INC. DOC. B0223-OM4.",09/05/2025,4723.30,,,11220.00,,,600.00,,,,,,,,,,,,5323.30,,,,,,,,,,,,359.80,,,,,,,,No,10+ Days,,07/20/2027,,,,,,,,,,RII,
N407CN,IHC Health Services,10/02/2026,4963.50,0,63 22-06,Airframe,4963.50,,0,11871.00,INSPECTION,Overhaul,INSPECT,Caliper 2,(RII) ROTOR BRAKE CALIPER INSPECTION - 600 HOUR AIRFRAME INSPECTION,Ref. DMC-407-A-05-40-00-09A-281A-A,407-540-304-101FM,441,,,1.00,"Ref. DMC-407-A-05-40-00-09A-281A-A and Northwest Dynamics, INC. DOC. B0223-OM4.",09/05/2025,4723.30,,,11220.00,,,600.00,,,,,,,,,,,,5323.30,,,,,,,,,,,,359.80,,,,,,,,No,10+ Days,,07/20/2027,,,,,,,,,,RII; Monthly Planning,
N407RU,IHC Health Services,09/23/2026,2043.40,0,22 04-10 FUNCT CK,Airframe,2043.40,,0,3639.00,INSPECTION,,AIRWORTHINESS,66108,600HR /12M CHAPTER 4 AFCS TRIM ACTUATOR FUNCT CK,Ref. DMC-407-A-22-00-00-04A-340A-A.,418-00862-701,66108,,,0.50,This specific inspection is found in the Airworthiness Limitations Schedule in Chapter 4.,07/22/2026,1948.40,,,3495.00,0,12,600.00,0,0.00,0.00,0,0,,0,0.00,0.00,07/22/2027,,2548.40,,,,,,,,17,,9,,505.00,,,,,,,,No,10+ Days,,07/22/2027,,,,,,,,,,,
N407CZ,IHC Health Services,10/04/2026,2432.60,0,22 04-10 FUNCT CK,Airframe,2432.60,,0,5400.00,INSPECTION,,AIRWORTHINESS,710146,600HR /12M CHAPTER 4 AFCS TRIM ACTUATOR FUNCT CK,AIRWORTHINESS CH 4,418-00862-701,710146,,,,"This specific inspection is found in the Airworthiness Limitations Schedule in Chapter 4.

Complied with 600HR /12M CHAPTER 4 AFCS TRIM ACTUATOR FUNCT CK Ref DMC-407-A-22-00-00-04A-340A-A",07/22/2026,2385.60,,,5293.00,0,12,600.00,0,0.00,0.00,0,0,,0,0.00,0.00,07/22/2027,,2985.60,,,,,,,,17,,9,,553.00,,,,,,,,No,10+ Days,,07/22/2027,,,,,,,,,,,
N407RU,IHC Health Services,09/23/2026,2043.40,0,22 04-11 FUNCT CK,Airframe,2043.40,,0,3639.00,INSPECTION,,AIRWORTHINESS,66211,600HR /12M CHAPTER 4 AFCS TRIM ACTUATOR FUNCT CK,Ref. DMC-407-A-22-00-00-04A-340A-A.,418-00862-701,66211,,,,This specific inspection is found in the Airworthiness Limitations Schedule in Chapter 4.,07/22/2026,1948.40,,,3495.00,0,12,600.00,0,0.00,0.00,0,0,,0,0.00,0.00,07/22/2027,,2548.40,,,,,,,,17,,9,,505.00,,,,,,,,No,10+ Days,,07/22/2027,,,,,,,,,,,
N407JM,IHC Health Services,10/04/2026,5829.10,0,63 13-10,Airframe,5829.10,,0,16558.00,PART,Overhaul,RII,,(RII) FREEWHEEL ASSEMBLY - OVERHAUL,"DMC-407-A-05-10-00-02A-281A-A, Table 1.",406-040-500-131,A-5925,,,,,09/10/2024,5187.90,,,14439.00,,,3000.00,,,,,,300.00,,,,,,6338.40,,,,,,,,,,,,509.30,,,,,,,,No,10+ Days,,07/23/2027,60,60,60,1849.50,1849.50,1849.50,,,,RII,
N307KH,IHC Health Services,10/03/2026,23110.00,0,05 1200HR,Airframe,23110.00,,0,81023.00,INSPECTION,,INSPECT,,1200 HOUR AIRFRAME INSPECTION,"BHT-407-MPI, Chapter 5, Scheduled Inspections",,,,,,"REF. BHT-407-MPI, CH. 5 DMC-407-A-05-40-00-13A-281A-A",06/28/2024,22208.10,,,79166.00,,,1200.00,,,,,,,,,,,,23408.10,,,,,,,,,,,,298.10,,,,,,,,No,10+ Days,,07/30/2027,,,,,,,,,,Monthly Planning,
N407LF,IHC Health Services,10/05/2026,5349.30,17156,05 600/12M,Airframe,5349.30,,17156,13084.00,INSPECTION,,INSPECT,,600 HOUR/12 MONTH AIRFRAME INSPECTION,"BHT-407-MPI, Chapter 5, Scheduled Inspections",,,,,1.00,Ref. DMC-407-A-05-40-00-10A-281A-A.,07/30/2026,5285.80,,,12949.00,,12,600.00,,,,,36,60.00,,,,07/31/2027,,5885.80,,,,,,,,26,,9,,536.50,,,,,,,,No,10+ Days,,07/31/2027,,,,,,,,,,Monthly Planning,
N407CZ,IHC Health Services,10/04/2026,2432.60,0,22 04-11 FUNCT CK,Airframe,2432.60,,0,5400.00,INSPECTION,,AIRWORTHINESS,66109,600HR /12M CHAPTER 4 AFCS TRIM ACTUATOR FUNCT CK,AIRWORTHINESS CH 4,418-00862-701,66109,,,1.00,"This specific inspection is found in the Airworthiness Limitations Schedule in Chapter 4.

Complied with 600HR /12M CHAPTER 4 AFCS TRIM ACTUATOR FUNCT CK Ref DMC-407-A-22-00-00-04A-340A-A",07/22/2026,2385.60,,,5293.00,0,12,600.00,0,0.00,0.00,0,0,,0,0.00,0.00,07/31/2027,,2985.60,,,,,,,,26,,9,,553.00,,,,,,,,No,10+ Days,,07/31/2027,,,,,,,,,,,
N407RU,IHC Health Services,09/23/2026,2043.40,0,62 00-00,Airframe,2043.40,,0,3639.00,PART,Overhaul,RII,,(RII) MAIN ROTOR HUB ASSEMBLY - OVERHAUL,,407-010-100-123,LK1443,,,,,07/09/2026,1918.40,,,3439.00,,,2500.00,,,,,,250.00,,,,,,2500.00,,,,,,,,,,,,456.60,,,,,,,,No,10+ Days,,08/05/2027,54,54,0,1918.40,1918.40,0.00,,,,RII,
N407RU,IHC Health Services,09/23/2026,2043.40,0,62 00-02,Airframe,2043.40,,0,3639.00,PART,Life Limited,,MR HUB,MAIN ROTOR UPPER PLATE - RETIRE,,406-010-115-127,AZ3323,,,,,01/19/2022,0.00,,,,,,2500.00,,,,,,,,,,,,2500.00,,,,,,,,,,,,456.60,,,,,,,,No,10+ Days,,08/05/2027,,,,0.00,,,,,,Monthly Planning,
N407RU,IHC Health Services,09/23/2026,2043.40,0,62 00-03,Airframe,2043.40,,0,3639.00,PART,Life Limited,,MR HUB,MAIN ROTOR LOWER PLATE - RETIRE,,406-010-117-125,AZ3493,,,,,01/19/2022,0.00,,,,,,2500.00,,,,,,,,,,,,2500.00,,,,,,,,,,,,456.60,,,,,,,,No,10+ Days,,08/05/2027,,,,0.00,,,,,,Monthly Planning,
N407RU,IHC Health Services,09/23/2026,2043.40,0,63 11-10,Airframe,2043.40,,0,3639.00,PART,Overhaul,RII,,(RII) MAIN ROTOR MAST ASSEMBLY - OVERHAUL,"BHT-407-MPI, Ch. 5,  Component Overhaul Schedule",407-040-011-111,VL00227269,,,,"Ref. BHT-407-MPI, Ch. 5,  Component Overhaul Schedule, Table 1",01/19/2022,0.00,,,,,,2500.00,,,,,,250.00,,,,,,2500.00,,,,,,,,,,,,456.60,,,,,,,,No,10+ Days,,08/05/2027,,,,,0.00,,,,,RII; Monthly Planning,
N407RU,IHC Health Services,09/23/2026,2043.40,0,63 25-01,Airframe,2043.40,,0,3639.00,PART,Overhaul,RII,,(RII) INPUT DRIVESHAFT - OVERHAUL,,407-340-310-101,KC1921,,,,,01/19/2022,0.00,,,,,,2500.00,,,,,,,,,,,,2500.00,,,,,,,,,,,,456.60,,,,,,,,No,10+ Days,,08/05/2027,,,,,0.00,,,,,RII; Monthly Planning,
N407RU,IHC Health Services,09/23/2026,2043.40,0,64 10-00,Airframe,2043.40,,0,3639.00,PART,Overhaul,RII,,(RII) TAIL ROTOR HUB ASSEMBLY - OVERHAUL,"BHT-407-MPI, Ch. 5,  Component Overhaul Schedule",407-012-101-113,HB1504,,,,"Ref. DMC-407-A-05-10-00-02A-281A-A.
Perform 2500 Hour Overhaul per BHT-407-CR&O, Ch. 64.",01/19/2022,0.00,,,,,,2500.00,,,,,,,,,,,,2500.00,,,,,,,,,,,,456.60,,,,,,,,No,10+ Days,,08/05/2027,,,,,0.00,,,,,RII; Monthly Planning,
N407RU,IHC Health Services,09/23/2026,2043.40,0,67 30-01,Airframe,2043.40,,0,3639.00,PART,Overhaul,RII,,(RII) SWASHPLATE AND SUPPORT ASSEMBLY - OVERHAUL,"BHT-407-MPI, Ch. 5,  Component Overhaul Schedule",406-010-401-117,TI1472,,,,"Ref. DMC-407-A-05-10-00-02A-281A-A.
Perform 2500 Hour Overhaul per BHT-407-CR&O, Ch. 67",01/19/2022,0.00,,,,,,2500.00,,,,,,250.00,,,,,,2500.00,,,,,,,,,,,,456.60,,,,,,,,No,10+ Days,,08/05/2027,,,,,0.00,,,,,RII; Monthly Planning,
N407TK,IHC Health Services,10/04/2026,5381.40,0,12 HYD TBL 3,Airframe,5381.40,,0,15301.00,PART,Life Limited,RII,,(RII) HYDRAULIC FILTER - RETIRE,DMC-407-A-12-00-00-00A-040A-A Table 3,05228-21-11328,No Lot Number,,,0.50,"RETIRE AFTER 3 CLEANINGS 
Installed new filters on HSU log page 10367",03/01/2024,4486.30,,,13297.00,,,1200.00,,,,,,30.00,,,,,,5686.30,,,,,,,,,,,,304.90,,,,,,,,No,10+ Days,,08/06/2027,0,,,0.00,,,,,,RII,
N39KM,IHC Health Services,10/03/2026,3577.00,0,05 1200HR,Airframe,3577.00,,0,8191.00,INSPECTION,,INSPECT,,1200 HOUR AIRFRAME INSPECTION,Ref. DMC-407-A-05-40-00-13A-281A-A,,,,,,"REF. BHT-407-MPI, CH. 5 DMC-407-A-05-40-00-13A-281A-A",03/25/2025,2841.90,,,6418.00,,,1200.00,,,,,,120.00,,,,,,4041.90,,,,,,,,,,,,464.90,,,,,,,,No,10+ Days,,08/11/2027,,,,,,,,,,Monthly Planning,
N407TH,IHC Health Services,10/03/2026,8845.50,2,05 1200HR,Airframe,8845.50,,2,20680.00,INSPECTION,,INSPECT,,1200 HOUR AIRFRAME INSPECTION,DMC-407-A-05-40-00-13A-281A-A,,,,,2.00,"REF. BHT-407-MPI, CH. 5 DMC-407-A-05-40-00-13A-281A-A",07/15/2025,8124.70,,,19171.00,,,1200.00,,,,,,120.00,,,,,,9324.70,,,,,,,,,,,,479.20,,,,,,,,No,10+ Days,,08/20/2027,,,,,,,,,,Monthly Planning,
N407JM,IHC Health Services,10/04/2026,5829.10,0,24 20-01,Airframe,5829.10,,0,16558.00,PART,Overhaul,ICA,,(RII) AIRCRAFT BATTERY RECONDITION / CAPACITY CHECK,MARATHONNORCO AEROSPACE 24-34-00 REV. 19,31908-001,9504256,,,,,09/19/2026,5808.80,,,16502.00,,12,300.00,,,,,,,,,,09/30/2027,,6390.00,,,,,,,,25,,11,,560.90,,,,,,,,No,10+ Days,,08/21/2027,11,0,0,281.20,0.00,0.00,,,,RII,
N407CN,IHC Health Services,10/02/2026,4963.50,0,05 1200HR,Airframe,4963.50,,0,11871.00,INSPECTION,,INSPECT,,1200 HOUR AIRFRAME INSPECTION,Ref. DMC-407-A-05-40-00-13A-281A-A,,,,,2.00,,08/03/2023,4168.40,,,,,,1200.00,,,,,,,,,,,,5368.40,,,,,,,,,,,,404.90,,,,,,,,No,10+ Days,,08/25/2027,,,,,,,,,,Monthly Planning,
N407CN,IHC Health Services,10/02/2026,4963.50,0,12 HYD TBL 3,Airframe,4963.50,,0,11871.00,PART,Life Limited,RII,,(RII) HYDRAULIC FILTER - RETIRE,,05228-21-11328,No Lot Number,,,0.50,RETIRE AFTER 3 CLEANINGS Installed New on HSU WO 6090,08/03/2023,4168.40,,,,,,1200.00,,,,,,30.00,,,,,,5368.40,,,,,,,,,,,,404.90,,,,,,,,No,10+ Days,,08/25/2027,,,,0.00,,,,,,RII,
N407JM,IHC Health Services,10/04/2026,5829.10,0,25 GARMIN GTN650 2000HR/10Y,Airframe,5829.10,,0,16558.00,INSPECTION,,ICA,,2000 HOUR /10 YEAR GARMIN GTN 650 ELECTRICAL BONDING CHECK,GARMIN ICA -190-01007-K4 REV. 3.,,,,,1.00,,05/03/2022,4398.00,,,11818.00,,120,2000.00,,,,,,,,,,05/31/2032,,6398.00,,,,,,,,26,,67,,568.90,,,,,,,,No,10+ Days,,08/26/2027,,,,,,,,,,,
N407CN,IHC Health Services,10/02/2026,4963.50,0,67 13-20,Airframe,4963.50,,0,11871.00,PART,None,INSPECT,,(RII) MAIN ROTOR PITCH LINK ASSEMBLY (BLUE),BHT-407-MM Ch.5-24ABHT-407-MM Ch.5-24A,406-010-413-137,TI4609,,,,"For new and in-service pitch link assemblies, the first 2500-hour inspection occurs at 5000 hours of component operating time, and subsequent inspections occur every 2500 hours. BHT-407-MM Ch.5-24A",08/01/2023,4168.40,,,9975.00,,,5000.00,,,,,,250.00,,,,,,5375.20,,,,,,,,,,,,411.70,,,,,,,,No,10+ Days,,08/30/2027,,,,3793.20,,,,,,RII,
N407CN,IHC Health Services,10/02/2026,4963.50,0,67 13-25,Airframe,4963.50,,0,11871.00,PART,None,INSPECT,,(RII) MAIN ROTOR PITCH LINK ASSEMBLY (GREEEN),BHT-407-MM Ch.5-24A,406-010-413-137,TI4602,,,,"For new and in-service pitch link assemblies, the first 2500-hour inspection occurs at 5000 hours of component operating time, and subsequent inspections occur every 2500 hours. BHT-407-MM Ch.5-24A",08/01/2023,4168.40,,,9975.00,,,5000.00,,,,,,250.00,,,,,,5375.20,,,,,,,,,,,,411.70,,,,,,,,No,10+ Days,,08/30/2027,,,,3793.20,,,,,,RII,
N407CN,IHC Health Services,10/02/2026,4963.50,0,67 13-30,Airframe,4963.50,,0,11871.00,PART,None,INSPECT,,(RII) MAIN ROTOR PITCH LINK ASSEMBLY (ORANGE),BHT-407-MM Ch.5-24A,406-010-413-137,TI4612,,,,"For new and in-service pitch link assemblies, the first 2500-hour inspection occurs at 5000 hours of component operating time, and subsequent inspections occur every 2500 hours. BHT-407-MM Ch.5-24A",08/01/2023,4168.40,,,9975.00,,,5000.00,,,,,,250.00,,,,,,5375.20,,,,,,,,,,,,411.70,,,,,,,,No,10+ Days,,08/30/2027,,,,3793.20,,,,,,RII,
N407CN,IHC Health Services,10/02/2026,4963.50,0,67 13-35,Airframe,4963.50,,0,11871.00,PART,None,INSPECT,,(RII) MAIN ROTOR PITCH LINK ASSEMBLY  (RED),BHT-407-MM Ch.5-24A,406-010-413-137,TI4604,,,,"For new and in-service pitch link assemblies, the first 2500-hour inspection occurs at 5000 hours of component operating time, and subsequent inspections occur every 2500 hours. BHT-407-MM Ch.5-24A",08/01/2023,4168.40,,,9975.00,,,5000.00,,,,,,250.00,,,,,,5375.20,,,,,,,,,,,,411.70,,,,,,,,No,10+ Days,,08/30/2027,0,,,3793.20,0.00,,,,,RII,
N407RU,IHC Health Services,09/23/2026,2043.40,0,05 600/12M,Airframe,2043.40,,0,3639.00,INSPECTION,,INSPECT,,600 HOUR/12 MONTH AIRFRAME INSPECTION,DMC-407-A-05-40-00-10A-281A-A,,,,,3.00,REF: DMC-407-A-05-40-00-10A-281A-A,08/28/2026,2007.20,,,3585.00,,12,600.00,,,,0,0,60.00,,,,08/31/2027,,2607.20,,,,,,,,26,,10,,563.80,,,,,,,,No,10+ Days,,08/31/2027,,,,,,,,,,,
N7160V,IHC Health Services,10/04/2026,10771.90,0,72 INSP 600HR/12MO,Engine 1,3513.30,5819.00,,,INSPECTION,,RII,CAE-848136,(RII) 600 HOUR/ 12 MONTH ENGINE OIL & SCAVENGE OIL FILTER CHANGE,"RR-C47B-O&M, 72-00-00 TBL 6 & 73-10-02",,,,,1.00,"Filter is replaced when oil is changed as a HSU recommended item. Ref. Rolls-Royce M250-C47B-O&M, Chapter 72-00-00 Table 6 and Chapter 73-10-02.",08/13/2026,3448.70,,5735.00,,,12,600.00,,,,,,,,,,08/31/2027,,4048.70,,,,,,,,26,,10,,535.40,,,,,,,,No,10+ Days,,08/31/2027,,,,,,,,,,RII,
N407CH,IHC Health Services,10/04/2026,17743.70,1,05 1200HR,Airframe,17743.70,,1,43738.00,INSPECTION,,INSPECT,,1200 HOUR AIRFRAME INSPECTION,DMC-407-A-05-40-00-13A-281A-A,,,,,,,04/29/2025,16795.00,,,42159.00,,,1200.00,,,,,,120.00,,,,,,17995.00,,,,,,,,,,,,251.30,,,,,,,,No,10+ Days,,09/05/2027,,,,,,,,,,Monthly Planning; Maintenance Planning,
N407SL,IHC Health Services,10/04/2026,2240.90,0,05 600/12M,Airframe,2240.90,,0,5434.00,INSPECTION,,INSPECT,,600 HOUR/12 MONTH AIRFRAME INSPECTION,"BHT-407-MPI, Chapter 5, Scheduled Inspections",,,,,,"REF. BHT-407-MPI, CH. 5 DMC-407-A-05-40-00-10A-281A-A",09/11/2026,2222.40,,,5395.00,,12,600.00,,,,,36,60.00,,,,09/11/2027,,2822.40,,,,,,,,6,,11,,581.50,,,,,,,,No,10+ Days,,09/11/2027,,,,,,,,,,,
N407CP,IHC Health Services,10/04/2026,10206.30,1,72 00-15,Engine 1,7155.40,12148.00,,,PART,Overhaul,RII,ENGINE,(RII) HYDROMECHANICAL  UNIT  ( HMU) - OVERHAUL,Rolls-Royce Publication CSP21001,M250-10151,JGALM1520,,,,,08/07/2026,7099.40,,12023.00,,,,2500.00,,,,,,,,,,,,7671.40,,,,,,,,,,,,516.00,,,,,,,,No,10+ Days,,09/14/2027,,,,4153.50,1928.00,,,,,RII,
N7160V,IHC Health Services,10/04/2026,10771.90,0,63 11-10,Airframe,10771.90,,0,27183.00,PART,Overhaul,RII,,(RII) MAIN ROTOR MAST ASSEMBLY - OVERHAUL,"BHT-407-MPI, Ch. 5,  Component Overhaul Schedule",407-040-011-107,53011,,,,"Ref. DMC-407-A-05-10-00-02A-281A-A.
Perform 2500 Hour Overhaul per BHT-407-CR&O, Ch. 63.",07/22/2024,10195.90,,,25516.00,,,2500.00,,,,,,250.00,,,,,,11294.40,,,,,,,,,,,,522.50,,,,,,,,No,10+ Days,,09/18/2027,,,,14789.10,1401.50,,,,,RII; Monthly Planning,
N407LF,IHC Health Services,10/05/2026,5349.30,17156,24 25-01,Airframe,5349.30,,17156,13084.00,PART,Overhaul,,,(RII) STARTER GENERATOR - OVERHAUL,"BHT-407-MPI, Ch.  5, Component Overhaul  Schedule",23081-018,5555,,,,,11/07/2025,4983.60,,,12470.00,,,1000.00,,,,,,100.00,,,,,,5702.70,,,,,,,,,,,,353.40,,,,,,,,No,10+ Days,,09/23/2027,,7,,,280.90,,,,,RII; Monthly Planning,
N407CH,IHC Health Services,10/04/2026,17743.70,1,65 10-10,Airframe,17743.70,,1,43738.00,PART,Overhaul,RII,,(RII) TAIL ROTOR GEARBOX ASSEMBLY - OVERHAUL,DMC-407-A-05-10-00-02A-281A-A,406-040-400-121,BH373421,,,,,06/22/2022,14894.60,,,,,,5000.00,,,,,,300.00,,,,,,18010.60,,,,,,,,,,,,266.90,,,,,,,,No,10+ Days,,09/26/2027,,,,1884.00,1884.00,,,,,RII; Monthly Planning,
N7160V,IHC Health Services,10/04/2026,10771.90,0,63 22-02,Airframe,10771.90,,0,27183.00,INSPECTION,None,INSPECT,468,(RII) ROTOR BRAKE CALIPER INSPECTION - 600 HOUR AIRFRAIME INSPECTION,"Ref. Northwest Dynamics B0223-OM, section 1.",,,,,,"Ref. Northwest Dynamics B0223-OM, section 1.",08/13/2026,10707.30,,,27030.00,,,600.00,,,,,,60.00,,,,,,11307.30,,,,,,,,,,,,535.40,,,,,,,,No,10+ Days,,09/27/2027,,,,,,,,,,RII; Monthly Planning,
N7160V,IHC Health Services,10/04/2026,10771.90,0,63 22-06,Airframe,10771.90,,0,27183.00,INSPECTION,None,INSPECT,414,(RII) ROTOR BRAKE CALIPER INSPECTION - 600 HOUR AIRFRAME INSPECTION,"Ref. Northwest Dynamics B0223-OM, section 1.",,,,,,"Ref. Northwest Dynamics B0223-OM, section 1.",08/13/2026,10707.30,,,27030.00,,,600.00,,,,,,60.00,,,,,,11307.30,,,,,,,,,,,,535.40,,,,,,,,No,10+ Days,,09/27/2027,,,,,,,,,,RII; Monthly Planning,
N407CN,IHC Health Services,10/02/2026,4963.50,0,05 600/12M,Airframe,4963.50,,0,11871.00,INSPECTION,,INSPECT,,600 HOUR/12 MONTH AIRFRAME INSPECTION,Ref.DMC-407-A-05-40-00-10A-281A-A,,,,,,,09/25/2026,4956.90,,,11835.00,,12,600.00,,,,,36,60.00,,,,09/30/2027,,5556.90,,,,,,,,25,,11,,593.40,,,,,,,,No,10+ Days,,09/30/2027,,,,,,,,,,Monthly Planning,
N407SL,IHC Health Services,10/04/2026,2240.90,0,22 04-10 FUNCT CK,Airframe,2240.90,,0,5434.00,INSPECTION,,AIRWORTHINESS,66082,600HR /12M CHAPTER 4 AFCS TRIM ACTUATOR FUNCT CK,Ref. DMC-407-A-22-00-04A-340A-A,418-00862-701,66082,,,,This specific inspection is found in the Airworthiness Limitations Schedule in Chapter 4.,09/11/2026,2222.40,,,5395.00,0,12,600.00,0,0.00,0.00,0,0,,0,0.00,0.00,09/30/2027,,2822.40,,,,,,,,25,,11,,581.50,,,,,,,,No,10+ Days,,09/30/2027,,,,,,,,,,,
N407SL,IHC Health Services,10/04/2026,2240.90,0,22 04-11 FUNCT CK,Airframe,2240.90,,0,5434.00,INSPECTION,,AIRWORTHINESS,66159,600HR /12M CHAPTER 4 AFCS TRIM ACTUATOR FUNCT CK,Ref. DMC-407-A-22-00-04A-340A-A,418-00862-701,66159,,,,This specific inspection is found in the Airworthiness Limitations Schedule in Chapter 4.,09/11/2026,2222.40,,,5395.00,0,12,600.00,0,0.00,0.00,0,0,,0,0.00,0.00,09/30/2027,,2822.40,,,,,,,,25,,11,,581.50,,,,,,,,No,10+ Days,,09/30/2027,,,,,,,,,,,
N407CN,IHC Health Services,10/02/2026,4963.50,0,72 INSP 600HR/12MO,Engine 1,9052.70,12677.00,,,INSPECTION,Life Limited,RII,CAE-847115,(RII) 600 HOUR/ 12 MONTH ENGINE OIL & SCAVENGE OIL FILTER CHANGE,"RR-C47B-O&M, 72-00-00 TBL 6 & 73-10-02",,,,,,"Filter is replaced when oil is changed as a HSU recommended item. Ref. Rolls-Royce M250-C47B-O&M, Chapter 72-00-00 Table 6 and Chapter 73-10-02.",09/25/2026,9046.10,,12658.00,,,12,600.00,,,,,,,,,,09/30/2027,,9646.10,,,,,,,,25,,11,,593.40,,,,,,,,No,10+ Days,,09/30/2027,,,,,,,,,,RII,
N407TH,IHC Health Services,10/03/2026,8845.50,2,62 00-01,Airframe,8845.50,,2,20680.00,PART,Life Limited,,MR HUB,MAIN ROTOR GRIP ASSEMBLY - RETIRE,,406-010-108-131,MJ632,,,,,11/22/2024,7779.60,,,18478.00,0,0,5000.00,0,0.00,0.00,0,0,,0,0.00,0.00,,,9402.40,,,,,,,,,,,,556.90,,,,,,,,No,10+ Days,,10/11/2027,,,,3377.20,,,,,,,
N407TH,IHC Health Services,10/03/2026,8845.50,2,62 00-01,Airframe,8845.50,,2,20680.00,PART,Life Limited,,MR HUB,MAIN ROTOR GRIP ASSEMBLY - RETIRE,,406-010-108-131,MJ659,,,,,11/22/2024,7779.60,,,18478.00,0,0,5000.00,0,0.00,0.00,0,0,,0,0.00,0.00,,,9402.40,,,,,,,,,,,,556.90,,,,,,,,No,10+ Days,,10/11/2027,,,,3377.20,,,,,,,
N407TH,IHC Health Services,10/03/2026,8845.50,2,62 00-01,Airframe,8845.50,,2,20680.00,PART,Life Limited,,MR HUB,MAIN ROTOR GRIP ASSEMBLY - RETIRE,,406-010-108-131,MJ666,,,,,11/22/2024,7779.60,,,18478.00,0,0,5000.00,0,0.00,0.00,0,0,,0,0.00,0.00,,,9402.40,,,,,,,,,,,,556.90,,,,,,,,No,10+ Days,,10/11/2027,,,,3377.20,,,,,,,
N407TH,IHC Health Services,10/03/2026,8845.50,2,62 00-01,Airframe,8845.50,,2,20680.00,PART,Life Limited,,MR HUB,MAIN ROTOR GRIP ASSEMBLY - RETIRE,,406-010-108-131,MJ539,,,,,11/22/2024,7779.60,,,18478.00,0,0,5000.00,0,0.00,0.00,0,0,,0,0.00,0.00,,,9402.40,,,,,,,,,,,,556.90,,,,,,,,No,10+ Days,,10/11/2027,,,,3377.20,,,,,,,
N407LP,IHC Health Services,10/01/2026,4415.70,0,63 25-01,Airframe,4415.70,,0,11404.00,PART,Overhaul,RII,,(RII) INPUT DRIVESHAFT - OVERHAUL,DMC-407-A-05-10-00-02A-281A-A  Table 1.,407-340-310-101,KC1755,,,,,12/13/2022,2477.10,,,7038.00,,,2500.00,,,,,,,250,,,,,4977.10,,,,,,,,,,,,561.40,,,,,,,,No,10+ Days,,10/14/2027,32,0,0,2495.80,0.00,0.00,,,,RII; Monthly Planning,
N407LP,IHC Health Services,10/01/2026,4415.70,0,67 30-01,Airframe,4415.70,,0,11404.00,PART,Overhaul,RII,,(RII) SWASHPLATE AND SUPPORT ASSEMBLY - OVERHAUL,DMC-407-A-05-10-00-02A-281A-A  Table 1.,406-010-401-117,A658,,,,"Ref. DMC-407-A-05-10-00-02A-281A-A.
Perform 2500 Hour Overhaul per BHT-407-CR&O, Ch. 67",12/13/2022,2477.10,,,7038.00,,,2500.00,,,,,,250.00,,,,,,4977.10,,,,,,,,,,,,561.40,,,,,,,,No,10+ Days,,10/14/2027,,0,0,14505.00,0.00,0.00,,,,RII; Monthly Planning,
N407CN,IHC Health Services,10/02/2026,4963.50,0,24 25-01,Airframe,4963.50,,0,11871.00,PART,Overhaul,,,(RII) STARTER GENERATOR - OVERHAUL,,206-062-200-113,P2447,,,,,09/06/2024,4439.60,,,,,,1000.00,,,,,,100.00,,,,,,5439.60,,,,,,,,,,,,476.10,,,,,,,,No,10+ Days,,10/21/2027,,,,307.60,0.00,,,,,RII; Monthly Planning,
N407LF,IHC Health Services,10/05/2026,5349.30,17156,63 22-11,Airframe,5349.30,,17156,13084.00,INSPECTION,,INSPECT,DISC,(RII) ROTOR BRAKE DISC - INSPECTION,NORTHWEST DYNAMICS B0244-OM,407-340-318-101,2515,,,,P/N: 206-340-301-101,08/28/2024,4530.60,,,,,,1200.00,,,,,,,,,,,,5730.60,,,,,,,,,,,,381.30,,,,,,,,No,10+ Days,,10/21/2027,,,,,,,,,,RII; Monthly Planning,
N407LP,IHC Health Services,10/01/2026,4415.70,0,63 31-01,Airframe,4415.70,,0,11404.00,PART,Life Limited,RII,,(RII) LH PYLON SIDE BEAM - RETIRE,DMC-407-A-04-00-00-00A-288A-A  Table 1.,407-010-201-105,TI2545,,,,,05/01/2014,0.00,,,0.00,,,5000.00,,,50000.00,,,,,,,,,5000.00,,,,,,50000.00,,,,,,584.30,,,,,,38596.00,,No,10+ Days,,10/29/2027,,,,0.00,,,,,,RII; Monthly Planning,
N407LP,IHC Health Services,10/01/2026,4415.70,0,63 31-05,Airframe,4415.70,,0,11404.00,PART,Life Limited,RII,,(RII) RH PYLON SIDE BEAM - RETIRE,DMC-407-A-04-00-00-00A-288A-A  Table 1.,407-010-203-105,TI2448,,,,,05/01/2014,0.00,,,0.00,,,5000.00,,,50000.00,,,,,,,,,5000.00,,,,,,50000.00,,,,,,584.30,,,,,,38596.00,,No,10+ Days,,10/29/2027,,,,0.00,,,,,,RII; Monthly Planning,
N407LP,IHC Health Services,10/01/2026,4415.70,0,63 31-06,Airframe,4415.70,,0,11404.00,PART,Life Limited,RII,,(RII) PYLON RESTRAINT SPRING - RETIRE,DMC-407-A-04-00-00-00A-288A-A  Table 1.,407-010-206-103,BP2883,,,,CH 4 ALS DMC-407-A-04-00-00-00A-288A-A,05/01/2014,0.00,,,,,,5000.00,,,,,,,,,,,,5000.00,,,,,,,,,,,,584.30,,,,,,,,No,10+ Days,,10/29/2027,,,,0.00,,,,,,RII; Monthly Planning,
N407LP,IHC Health Services,10/01/2026,4415.70,0,63 31-07,Airframe,4415.70,,0,11404.00,PART,Life Limited,RII,,(RII) PYLON RESTRAINT SPRING - RETIRE,DMC-407-A-04-00-00-002A-288A-A  Table 1.,407-010-206-103,BP2882,,,,,05/01/2014,0.00,,,,,,5000.00,,,,,,,,,,,,5000.00,,,,,,,,,,,,584.30,,,,,,,,No,10+ Days,,10/29/2027,,,,0.00,,,,,,RII; Monthly Planning,
N407LP,IHC Health Services,10/01/2026,4415.70,0,67 10-10,Airframe,4415.70,,0,11404.00,PART,Life Limited,RII,,(RII) BELLCRANK SUPPORT - RETIRE,DMC-407-A-04-00-00-00A-288A-A  Table 1.,407-001-511-101,TI1320,,,,P/N 407-001-511-101,05/01/2014,0.00,,,,,,5000.00,,,,,,,,,,,,5000.00,,,,,,,,,,,,584.30,,,,,,,,No,10+ Days,,10/29/2027,,,,0.00,,,,,,RII; Monthly Planning,
N407LP,IHC Health Services,10/01/2026,4415.70,0,67 10-11,Airframe,4415.70,,0,11404.00,PART,Life Limited,RII,TI320,(RII) CYCLIC LONGITUDINAL BELLCRANK - RETIRE,DMC-407-A-04-00-00-00A-288A-A  Table 1.,407-001-526-109,TI1386,,,,P/N 407-001-526-101,05/01/2014,0.00,,,,,,5000.00,,,,,,,,,,,,5000.00,,,,,,,,,,,,584.30,,,,,,,,No,10+ Days,,10/29/2027,,,,0.00,,,,,,RII; Monthly Planning,
N407LP,IHC Health Services,10/01/2026,4415.70,0,67 10-12,Airframe,4415.70,,0,11404.00,PART,Life Limited,RII,TI320,(RII) COLLECTIVE BELLCRANK - RETIRE,DMC-407-A-04-00-00-00A-288A-A  Table 1.,407-001-524-109,TI1863,,,,P/N 407-001-524-101,05/01/2014,0.00,,,,,,5000.00,,,,,,,,,,,,5000.00,,,,,,,,,,,,584.30,,,,,,,,No,10+ Days,,10/29/2027,,,,0.00,,,,,,RII; Monthly Planning,
N407LP,IHC Health Services,10/01/2026,4415.70,0,67 10-13,Airframe,4415.70,,0,11404.00,PART,Life Limited,,TI320,(RII) CYCLIC LATERAL BELLCRANK - RETIRE,DMC-407-A-04-00-00-00A-288A-A  Table 1.,407-001-528-105,TI1413,,,,P/N 407-001-527-101 & 407-001-528-101,05/01/2014,0.00,,,,,,5000.00,,,,,,,,,,,,5000.00,,,,,,,,,,,,584.30,,,,,,,,No,10+ Days,,10/29/2027,,,,0.00,,,,,,RII; Monthly Planning,
N407CZ,IHC Health Services,10/04/2026,2432.60,0,24 25-01,Airframe,2432.60,,0,5400.00,PART,Overhaul,RII,,(RII) STARTER GENERATOR - OVERHAUL,,206-062-200-113,P2362,,,,,06/11/2025,1828.60,,,,,,1000.00,,,,,,100.00,,,,,,2828.60,,,,,,,,,,,,396.00,,,,,,,,No,10+ Days,,11/05/2027,,,,989.20,0.00,,,,,RII; Monthly Planning,
N407LP,IHC Health Services,10/01/2026,4415.70,0,72 30-00,Engine 1,4216.70,8153.00,,,PART,None,INSPECT,CAE-848668,ENGINE - COMPRESSOR,M250-C47B  OMM  72-00-00-800-801  Table 5.,M250-10559,CAC-46853,,,,,02/21/2023,2811.10,,5360.00,,,,2000.00,,,,,,,,,,,,4811.10,,,,,,,,,,,,594.40,,,,,,,,No,10+ Days,,11/05/2027,,,,225.80,,,,,,,
N407LP,IHC Health Services,10/01/2026,4415.70,0,72 INSP 2000 HR,Engine 1,4216.70,8153.00,,,INSPECTION,,INSPECT,CAE-848668,2000 HOUR ENGINE INSPECTION,RR M250-C47B OMM 72-00-00-200-801 TABLE 6,,,,,,,02/21/2023,2811.10,,5360.00,,,,2000.00,,,,,,,,,,,,4811.10,,,,,,,,,,,,594.40,,,,,,,,No,10+ Days,,11/05/2027,,,,,,,,,,,
N407NW,IHC Health Services,10/04/2026,2093.00,0,62 00-00,Airframe,2093.00,,0,3776.00,PART,Overhaul,RII,,(RII) MAIN ROTOR HUB ASSEMBLY - OVERHAUL,"BHT-407-MPI, Ch. 5,  Component Overhaul Schedule",407-010-100-123,LK1521,,,,"Ref. DMC-407-A-05-10-00-02A-281A-A.
Perform 2500 Hour Overhaul per BHT-407-CR&O, Ch. 62.",09/18/2023,0.00,,,,,,2500.00,,,,,,250.00,,,,,,2500.00,,,,,,,,,,,,407.00,,,,,,,,No,10+ Days,,11/16/2027,,,,0.00,0.00,,,,,RII; Monthly Planning,
N407NW,IHC Health Services,10/04/2026,2093.00,0,62 00-02,Airframe,2093.00,,0,3776.00,PART,Life Limited,,HSU-4540,MAIN ROTOR UPPER PLATE - RETIRE,,406-010-115-127,AZ3519,,,,,09/18/2023,0.00,,,,,,2500.00,,,,,,,,,,,,2500.00,,,,,,,,,,,,407.00,,,,,,,,No,10+ Days,,11/16/2027,,,,0.00,0.00,,,,,Monthly Planning,
N407NW,IHC Health Services,10/04/2026,2093.00,0,62 00-03,Airframe,2093.00,,0,3776.00,PART,Life Limited,,HSU-4540,MAIN ROTOR LOWER PLATE - RETIRE,,406-010-117-125,AZ3796,,,,,09/18/2023,0.00,,,,,,2500.00,,,,,,,,,,,,2500.00,,,,,,,,,,,,407.00,,,,,,,,No,10+ Days,,11/16/2027,,,,0.00,0.00,,,,,Monthly Planning,
N407NW,IHC Health Services,10/04/2026,2093.00,0,63 11-10,Airframe,2093.00,,0,3776.00,PART,Overhaul,RII,,(RII) MAIN ROTOR MAST ASSEMBLY - OVERHAUL,"BHT-407-MPI, Ch. 5,  Component Overhaul Schedule",407-040-011-111,VL00356794,,,,"Ref. BHT-407-MPI, Ch. 5,  Component Overhaul Schedule, Table 1",09/18/2023,0.00,,,,,,2500.00,,,,,,250.00,,,,,,2500.00,,,,,,,,,,,,407.00,,,,,,,,No,10+ Days,,11/16/2027,,,,0.00,0.00,,,,,RII; Monthly Planning,
N407NW,IHC Health Services,10/04/2026,2093.00,0,63 25-01,Airframe,2093.00,,0,3776.00,PART,Overhaul,RII,,(RII) INPUT DRIVESHAFT - OVERHAUL,,407-340-310-101,KC2081,,,,,09/18/2023,0.00,,,,,,2500.00,,,,,,,250,,,,,2500.00,,,,,,,,,,,,407.00,,,,,,,,No,10+ Days,,11/16/2027,,,,0.00,0.00,,,,,RII; Monthly Planning,
N407NW,IHC Health Services,10/04/2026,2093.00,0,64 10-00,Airframe,2093.00,,0,3776.00,PART,Overhaul,RII,,(RII) TAIL ROTOR HUB ASSEMBLY - OVERHAUL,"BHT-407-MPI, Ch. 5,  Component Overhaul Schedule",407-012-101-113,HB1602,,,,"Ref. DMC-407-A-05-10-00-02A-281A-A.
Perform 2500 Hour Overhaul per BHT-407-CR&O, Ch. 64.",09/18/2023,0.00,,,,,,2500.00,,,,,,250.00,,,,,,2500.00,,,,,,,,,,,,407.00,,,,,,,,No,10+ Days,,11/16/2027,,,,0.00,0.00,,,,,RII; Monthly Planning,
N407NW,IHC Health Services,10/04/2026,2093.00,0,67 30-01,Airframe,2093.00,,0,3776.00,PART,Overhaul,RII,,(RII) SWASHPLATE AND SUPPORT ASSEMBLY - OVERHAUL,"BHT-407-MPI, Ch. 5,  Component Overhaul Schedule",406-010-401-117,TI1540,,,,"Ref. DMC-407-A-05-10-00-02A-281A-A.
Perform 2500 Hour Overhaul per BHT-407-CR&O, Ch. 67",09/18/2023,0.00,,,,,,2500.00,,,,,,250.00,,,,,,2500.00,,,,,,,,,,,,407.00,,,,,,,,No,10+ Days,,11/16/2027,,,,0.00,0.00,,,,,RII,
N407NW,IHC Health Services,10/04/2026,2093.00,0,24 25-01,Airframe,2093.00,,0,3776.00,PART,Overhaul,RII,,(RII) STARTER GENERATOR - OVERHAUL,"BHT-407-MPI, Ch.  5, Component Overhaul  Schedule",23081-018,92130,,,,"REF. BHT-407-MPI, CH. 5 COMPONENT OVERHAUL TABLE 1 DMC-407-A-05-10-00-02A-281A-A",01/10/2026,1504.70,,,2766.00,,,1000.00,,,,,,100.00,,,,,,2504.70,,,,,,,,,,,,411.70,,,,,,,,No,10+ Days,,11/20/2027,,0,0,742.40,0.00,0.00,,,,RII,
N407TK,IHC Health Services,10/04/2026,5381.40,0,25 LIFEPORT MEDPAK 500HR,Airframe,5381.40,,0,15301.00,INSPECTION,,ICA,,500 HOUR LIFEPORT MEDPAK SYSTEM INSPECTION,LIFEPORT DOC. EGR-508-13,,,,,,COMPLIED WITH THE 500 HR. LIFEPORT MED PAK SYSTEM INSPECTION  IAW REF. EGR-508-13(NO DEFECTS NOTED AT THIS TIME) NEXT DUE 5816.8,08/02/2026,5316.80,,,15160.00,,,500.00,,,,,,,,,,,,5816.80,,,,,,,,,,,,435.40,,,,,,,,No,10+ Days,,12/14/2027,,,,,,,,,,,
N407CN,IHC Health Services,10/02/2026,4963.50,0,63 13-10,Airframe,4963.50,,0,11871.00,PART,Overhaul,RII,,(RII) FREEWHEEL ASSEMBLY - OVERHAUL,"BHT-407-MPI, Ch. 5,  Component Overhaul Schedule",406-040-500-147,A-7894,,,,"Ref. DMC-407-A-05-10-00-02A-281A-A.
Perform 3000 Hour Overhaul per BHT-407-CR&O, Ch. 65.",07/05/2024,4380.70,,,10443.00,,,3000.00,,,,,,,,,,,,5518.80,,,,,,,,,,,,555.30,,,,,,,,No,10+ Days,,12/23/2027,,,,1861.90,1861.90,,,,,RII; Monthly Planning,
N407CH,IHC Health Services,10/04/2026,17743.70,1,34 GARMIN GTN650 2000HR/10Y,Airframe,17743.70,,1,43738.00,INSPECTION,,ICA,,2000 HOUR /10 YEAR GARMIN GTN 650 ELECTRICAL BONDING CHECK,GARMIN ICA -190-01007-K4 REV. 3,,,,,,,06/29/2024,16082.90,,,40971.00,,120,2000.00,,,,,,,,,,06/30/2034,,18082.90,,,,,,,,25,,92,,339.20,,,,,,,,No,10+ Days,,12/31/2027,,,,,,,,,,,
N407SL,IHC Health Services,10/04/2026,2240.90,0,24 25-01,Airframe,2240.90,,0,5434.00,PART,Overhaul,RII,,(RII) STARTER GENERATOR - OVERHAUL,,23081-018,P2304,,,,,08/10/2025,1755.50,,,4347.00,,,1000.00,,,,,,100.00,,,,,,2755.50,,,,,,,,,,,,514.60,,,,,,,,No,10+ Days,,03/02/2028,,,,3028.20,0.00,0.00,,,,RII; Monthly Planning,
N407TK,IHC Health Services,10/04/2026,5381.40,0,67 13-20,Airframe,5381.40,,0,15301.00,PART,None,INSPECT,,(RII) MAIN ROTOR PITCH LINK ASSEMBLY (ORANGE),DMC-407-A-67-13-04-00A-281A-A,406-010-413-137,A-4427,,,,"For new and in-service pitch link assemblies, the first 2500-hour inspection occurs at 5000 hours of component operating time, and subsequent inspections occur every 2500 hours. BHT-407-MM Ch.5-24A",12/19/2024,4766.80,,,13888.00,,,2500.00,,,,,,,,,,,,5910.00,,,,,,,,,,,,528.60,,,,,,,,No,10+ Days,,03/16/2028,,,,11218.60,11218.60,,,,,RII,
N407TK,IHC Health Services,10/04/2026,5381.40,0,67 13-25,Airframe,5381.40,,0,15301.00,PART,None,INSPECT,,(RII) MAIN ROTOR PITCH LINK ASSEMBLY (BLUE),DMC-407-A-67-13=04-00A-281A-A,406-010-413-137,A-4431,,,,"For new and in-service pitch link assemblies, the first 2500-hour inspection occurs at 5000 hours of component operating time, and subsequent inspections occur every 2500 hours. BHT-407-MM Ch.5-24A",12/19/2024,4766.80,,,13888.00,,,2500.00,,,,,,,,,,,,5910.00,,,,,,,,,,,,528.60,,,,,,,,No,10+ Days,,03/16/2028,,,,11218.60,1356.80,,,,,RII,
N407TK,IHC Health Services,10/04/2026,5381.40,0,67 13-30,Airframe,5381.40,,0,15301.00,PART,None,INSPECT,,(RII) MAIN ROTOR PITCH LINK ASSEMBLY (RED),DMC-407-A-67-13-04-00A-281A-A.,406-010-413-137,A-4434,,,,"For new and in-service pitch link assemblies, the first 2500-hour inspection occurs at 5000 hours of component operating time, and subsequent inspections occur every 2500 hours. BHT-407-MM Ch.5-24A",12/19/2024,4766.80,,,13888.00,,,2500.00,,,,,,,,,,,,5910.00,,,,,,,,,,,,528.60,,,,,,,,No,10+ Days,,03/16/2028,,,,11218.60,11218.60,,,,,RII,
N407TK,IHC Health Services,10/04/2026,5381.40,0,67 13-35,Airframe,5381.40,,0,15301.00,PART,None,INSPECT,,(RII) MAIN ROTOR PITCH LINK ASSEMBLY  (GREEN),DMC-407-A-67-13-04-00A-281A-A.,406-010-413-137,A-4437,,,,"For new and in-service pitch link assemblies, the first 2500-hour inspection occurs at 5000 hours of component operating time, and subsequent inspections occur every 2500 hours. BHT-407-MM Ch.5-24A",12/19/2024,4766.80,,,13888.00,,,2500.00,,,,,,,,,,,,5910.00,,,,,,,,,,,,528.60,,,,,,,,No,10+ Days,,03/16/2028,,,,11218.60,11218.60,,,,,RII,
N307KH,IHC Health Services,10/03/2026,23110.00,0,63 22-02,Airframe,23110.00,,0,81023.00,INSPECTION,Overhaul,INSPECT,CALIPER 1,(RII) ROTOR BRAKE CALIPER INSPECTION - 600 HOUR AIRFRAIME INSPECTION,NORTHWEST DYNAMICS B0223-OM4 SEC. 1.2,407-540-304-101FM,528,,,,,07/19/2026,23042.40,,,80870.00,,,600.00,,,,,,,,,,,,23642.40,,,,,,,,,,,,532.40,,,,,,,,No,10+ Days,,03/20/2028,,,,,,,,,,RII,
N307KH,IHC Health Services,10/03/2026,23110.00,0,63 22-06,Airframe,23110.00,,0,81023.00,INSPECTION,Overhaul,INSPECT,CALIPER 2,(RII) ROTOR BRAKE CALIPER INSPECTION - 600 HOUR AIRFRAME INSPECTION,NORTHWEST DYNAMICS B0223-OM4 SEC. 1.2,407-540-304-101FM,527,,,,,07/19/2026,23042.40,,,80870.00,,,600.00,,,,,,,,,,,,23642.40,,,,,,,,,,,,532.40,,,,,,,,No,10+ Days,,03/20/2028,,,,,,,,,,RII,
N407TK,IHC Health Services,10/04/2026,5381.40,0,24 25-01,Airframe,5381.40,,0,15301.00,PART,Overhaul,,,(RII) STARTER GENERATOR - OVERHAUL,DMC-407-A-05-10-00-02A-281A-A  Table 1.,206-062-200-113,P2372,,,,,06/10/2025,4936.20,,,,,,1000.00,,,,,,100.00,,,,,,5936.20,,,,,,,,,,,,554.80,,,,,,,,No,10+ Days,,04/12/2028,,0,0,965.90,0.00,0.00,,,,RII; Monthly Planning,
N407CZ,IHC Health Services,10/04/2026,2432.60,0,63 13-10,Airframe,2432.60,,0,5400.00,PART,Overhaul,RII,,(RII) FREEWHEEL ASSEMBLY - OVERHAUL,"BHT-407-MPI, Ch. 5,  Component Overhaul Schedule",406-040-500-147,VL00155631,,,,"Ref. DMC-407-A-05-10-00-02A-281A-A.
Perform 3000 Hour Overhaul per BHT-407-CR&O, Ch. 65.",10/29/2021,0.00,,,,,,3000.00,,,,,,,,,,,,3000.00,,,,,,,,,,,,567.40,,,,,,,,No,10+ Days,,04/24/2028,,,,,0.00,,,,,RII,
N407CH,IHC Health Services,10/04/2026,17743.70,1,24 25-01,Airframe,17743.70,,1,43738.00,PART,Overhaul,RII,,(RII) STARTER GENERATOR - OVERHAUL,DMC-407-A-05-10-00-02A-281A-A,23081-018,P1307,,,0.10,,12/12/2025,17305.90,,,42998.00,,,1000.00,,,,,,100.00,,,,,,18305.90,,,,,,,,,,,,562.20,,,,,,,,No,10+ Days,,10/23/2028,,,,824.30,0.00,0.00,,,,RII,
N407CH,IHC Health Services,10/04/2026,17743.70,1,64 10-00,Airframe,17743.70,,1,43738.00,PART,Overhaul,RII,,(RII) TAIL ROTOR HUB ASSEMBLY - OVERHAUL,"REF.  BHT- 407-MPI, CH. 5",407-012-101-113,HB-540,,,,TAIL ROTOR HUB ASSY REPAIRED ON HSU WO 6797 10/23/2025,10/28/2025,17223.00,,,42862.00,,,2500.00,,,,,,250.00,,,,,,18332.60,,,,,,,,,,,,588.90,,,,,,,,No,10+ Days,,11/28/2028,11,11,0,6381.60,1390.40,0.00,,,,RII; Monthly Planning,